title,date,content
K’uba’ab áantaj yéetel yanchaj kaambal xook ti’al ko’olelo’ob taak u mu’uk’ankúunsik meyaj ku beetiko’ob ,03/01/2023,"Ti’al u mu’uk’ankúunsa’al yéetel u táakmuk’ta’al meyaj ku beetik ko’olel te’e péetlu’umo’, u mola’ayil Secretaría de las Mujeres (Semujeres) yéetel Instituto Yucateco de Emprendedores (IYEM) tu beeto’ob kaambal xooko’ob yéetel tu k’ubajo’ob áantajo’ob ti’al u béeytal u beetik máak ba’ax ku tukultiko’ob yéetel u meyajo’ob.
María Cristina Castillo Espinosa, máax jo’olbesik u mola’ayil Semujeres, tu ya’alaje’ yéetel múul meyaj ku beeta’ale’ táan u kaxtal u béeytal u meyaj ko’olel ti’ ba’ax u k’áat. “K-ojel yaan k’iine’, tumen mina’an taak’in wa náajale’ ko’olele’ ma’ tu béeytal u luk’ul tu’ux ku loobilta’al, le beetik kaambal xook ku beeta’ale’ jach k’a’anan ti’al u ye’esa’al ba’ax bejil unaj u ch’a’ako’ob ti’al u xíimbalkunsiko’ob u mola’ayil u meyajo’ob”, tu ya’alaj.
Leti’ xane’ tu ya’alaj Semujerese’ ts’o’ok u k’ubik 266 u p’éel áantaj ti’ ko’olel tu kaajilo’ob Progreso, Muna, Maní, Yaxcabá, Dzan, Tizimín, Chaksinkín,
Tunkás, Tahmek, Tinum, Sinanché, Oxkutzcab, Hoctún, Chankom, Tekom, Tixcacalcupul, Chikidzonot, Akil, Peto, Jo’, Saki’ Hunucmá yéetel Tixkokob.“To’one’ k-ilik bix u k’uchulo’ob yéetel jump’éel tuukul, ba’ale’ kéen ts’o’okok u ch’a’ako’ob le xooko’, ku kaxtiko’ob u nu’ukil ba’ax ts’o’okili’ u káajsjik u patjo’oltiko’ob; kéen ts’o’okoke’ ku su’utul jump’éel mola’ay wa kúuchil koonol”, tu tsikbaltaj.
Kaambal xook ku beeta’ale’ táaka’an ichil u nu’ukbesajil Programa de Transversalidad de la Perspectiva de Género, ku taal u beeta’al tumen Instituto Nacional de las Mujeres. 
Antonio González Blanco, máax jo’olbesik IYEM, tu ya’alaje’ ichil ba’ax e’esa’abe’ ti’ yaan u k’a’ananil u péek máak ti’al meyaj, u kaláanta’al u nu’uktal taak’in, koonol yéetel u je’ets’el bix kéen úuchuk le koonolo’. 
Ichil meyajo’ob ku beeta’al tumen ko’olelo’obe’ ti’ yaan u beeta’al janalo’ob, nook’o’ob, chuuyo’ob, meyak che’, u tséenta’al u yik’el kaab, u beeta’al wak’ k’áan, ts’aak, ichil uláak’ ba’alo’ob.
"
Yóok’lal u k’iimbesajilo’ob diciembree’ ku náakal tak 60 por siientoil u ta’il míis tu xamanil QRoo,03/01/2023,"Ichil u 20 yéetel 60 por siientoil ta’il míis ku yantal tu k’iinilo’ob diciembree’, tu xamanil Quintana Roo, ku jóok’ol te’e k’iimbesajo’obo’, beey a’alab tumen u áayuntamientoilo’ob Benito Juárez yéetel Solidaridad.
Tu méek’tankaajil Benito Juáreze’ ya’abchaj yóok’ol u 20 por siientoil, beey a’alab tumen u mola’ayil Solución Integral de Residuos Sólidos (Siresol) yéetel u mola’ayil Red Ambiental, máax ku máan u mol ba’ax ku jóok’sa’al tumen kajnáalo’ob. Tu winalil diciembree’, te’e kaajo’, ila’ab ya’abchaj ba’ax ku jóok’sa’al te’e najo’obo’, tumen sáansamal te’e winalo’ mola’ab mil 200 u tóoneladas u ta’il míis, ba’ale’ ti’ u jeel winalo’obe’ chéen mil tóoneladas suuk u mola’al. 
U jala’achil le kaajo’ tu k’a’ajsaje’ meyajo’ob ti’al u máan molbil u ta’il míis najo’obe’ táan u meyaj je’ex suuka’ane’, tu 43 u p’éel bejiloob ti’ ja’atskab k’iin yéetel u 43il áak’ab. Le beetike’, ku k’áatal ti’ u kajnáalilo’ob Cancúne’ ka u jóok’so’ob u ta’il míis tu súutukil unaj u beetiko’ob.
Beey túuno’, tu kaajil Solidaridade’, Benny Millán Parra, u meyajnáalil Servicios Públicos, tu tsolaje’ buul k’iin yéetel buul áak’ab ku máan molbil ba’ax ku jóok’sa’al tu’ux ku k’uchul máak xíimximbal yéetel tu’ux ku yúuchul koonol.  
“Ma’ táan kbin je’elel mix jump’éel k’iin”, tu ya’alaj. Te’e k’iino’ob je’elil yéetel k’iimbesaje’ ku ya’abtal 60 por siiento ba’ax ku jóok’sa’al te’e najo’obo’, le beetike’ yaan u ts’a’abal uláak’ 15 kamyono’ob meyaj.  
U meyajnáalil Servicios Públicose’ tu ya’alaje’ tak te’e p’is k’iinil máaniko’, ts’o’ok u ts’aatáanta’al 594 u p’éel k’áaxo’ob tu’ux ku pu’ulul jejeláas ba’alob, le je’ela’ ku chíikpajal ti’ le 8 mil 429.42 u tóoneladasil ta’il míis ts’o’ok u mo’olol.
"
Je’eb u joolnajil Vaticano ti’al u ts’ook u téen ila’al Benedicto XVI,03/01/2023,"U kimen wíinkilal jk’iine’ chikúunsa’ab tu kúuchil Basílica de San Pedro; u poole’ etskúunsa’ab yóok’ol ka’ap’éel ts’u’uts’ukil nook’, ka’alikile’ ya’abach máako’ob k’ucho’ob tak tu’ux yaan ti’al u ts’íibóoltiko’ob ka utsil xíimbalnak te’e túumben bejo’, máax tu péeksaj u yóol kaaj ka’aj tu jets’aj u p’atik u meyaj walkil lajunp’éel ja’abo’ob.
"
Óotelero’obe’ tu ya’ako’obe’ táan u chíikpajal talamo’ob úuchik u k’a’alal u bejil u bin máak Chichén Itzá,04/01/2023,"U bejil u k’uchul máak tak tu yúuchben kaajil Chichén Itzáe’ k’ala’ab tumen kolnáalo’ob, ajkoonolo’ob yéetel ajmeyaj k’abo’ob, le beetike’ táan u yantal talamo’ob ti’ u yuumil le otelo’obo’, beey úuchik u ya’alik máax jo’olbesik Asociación Mexicana de Hoteles en Yucatán (AMHY), Juan José Martín Pacheco.Chéen tu k’iinil lunes 2 ti’ enero máaniko’, yanchaj 40 u p’éel káanselasyoono’ob ti’ kúuchilo’ob k’ubéenta’an ti’al u kóojol máak wenel te’e baantao’, tu ya’alaj Martín Pacheco. 
Yóok’lal le je’ela’, tu k’áataj ti’ u jo’olpóopilo’ob Instituto Nacional de Antropología e Historia (INAH) ti’ u noj lu’umil México, yéetel ti’ le máaxo’ob u k’atmajo’ob le bejo’ ka béeyak u tsikbalta’al ba’al ti’al u yila’al ba’ax je’el u páajtal u beeta’al, tumen beyo’, ma’ tu beeta’al k’aas ti’ mix jump’éel meyaj.
Le lunes 2 ti’ enero máanika’, u kajnáalilo’ob Pisté, X-Calakoop yéetel San Felipee’ tiu k’alo’ob u bejil u yokol máak te’e kaajo’obo’, le beetik ma’ xan tu béeytal u k’uchul máak tak te’e úuchben kaajo’. 
Máaxo’ob táan u líik’sik u t’aano’obe’, táan u k’áatiko’ob ka tse’elek meyaj ti’ Marco Antonio Santos Ramírez, máax jo’olbesik Chichén Itzá, tumen táan u ya’aliko’obe’ ma’ táan u cha’abal u yokol koonol mix meyaj le maaya kaajo’obo’. 
“Jach yaj óol le ba’ax táan u yúuchula’, tumen ma’ táan u páajtal u yúuchul tsikbal yéetelo’obi’, tumen chéen ja’alil beey je’el u yantal mokt’aan”, tu ya’alaj Martín Pacheco.
Uláak’ ba’ax tu ya’alaje’, le ba’ax táan u yúuchula’, ku beetik u p’áatal k’asil le péetlu’uma’, tumen ya’abach máak xíimbaltik le úuchebn kaaja’, ba’ale’ walkila’ ma’ tu béeytal.
Beey túuno’, u mola’ayil INAHe’ tu ts’áaj k’ajóoltbile’ Chichén Itzáe’ láayli’ je’ek’a’ab ti’al u béeytal u meyaj je’el bix unaje’, yéetel ts’o’ok xan u ts’a’abal kex 50 u túul u meyajnáalilo’ob Guardia Nacional ti’al u kaláanta’al le kúuchilo’, beyxan máaxo’ob ku k’uchul xíimbalo’obi’ yéetel u ajmeyajilo’ob le mola’ayo’. 
"
"Ikil ma’ tu cha’abal u k’uchul máak te’e úuchben kaajo’, ya’abchaj máax xíimbaltik kúuchil yaan Tulum",04/01/2023,"Yóok’lal bej k’ala’an ti’al u béeytal u k’uchul máak tak Chichén Itzá, tu péetlu’umil Yucatáne’, u yúuchben kaajil Tulum, Quintana Rooe’ táan u bin utsil ti’, tumen te’e ka’ap’éel k’iino’ob ts’o’ok u máana’, chíikpaj u k’uchul uláak’ ajxíinximbalo’ob, le beetik xane’ táan u ya’abtal náajali’, beey a’alab tumen jejeláas máaxo’ob ku meyajo’ob ti’al u k’a’amal ajxíinximbalo’ob.
Le beetike’, Santiago Torres, juntúul jguía ku meyaj Tulume’, tu ya’alaj chíikpaj u ya’abtal máax ku k’uchul xíimbal te’elo’ tu winalil diciembre, le beetike’ u 100% máaxo’ob ku meyajo’obi’ yaan ba’al u beeto’ob.
Tu tsikbaltaje’, le lunes yéetel le martes máanika’, ila’ab u k’ujsa’al uláak’ ya’abach ajxíinximbalo’ob tak te’elo’.
Santiago Torres tu ya’alaj táan u yúuchul le je’ela’ tumen k’ala’an u bejil u k’uchul máak Chichén Itzá, tumen ajeensyase’ yanchaj u k’ujsik ajxíinximbalo’ob ti’ uláak’ kúuchilo’ob je’el bix Tulum. Uláak’ ba’ale’, u k’iinilo’ob tu’ux jach ma’alob yanik u k’uchul máak xíinximbale’ yaan u ts’o’okol tak le 5 ti’ enero ku taala’, kéen ts’o’okoke’ ku káajal u p’íittal máak, tak kéen k’uchuk tak tu 80%.
“Tu ja’atskabil k’iin (le martesa’) jach chowakchaj u fiilail u páa’ta’al u yokol máaki’, beyxan le lunes máanika’. Tene’ in k’áat in tukulte’ táan u yúuchul tumen yanchaj u yila’al tu’ux uláak’ je’el u biinsa’al máak xíinximbal; chochobkil úuchik u xíimbalta’al Tulum yéetel Ek Balam”, tu tsikbaltaj.
Beey túuno’, Jesús Pastranae’, máax ts’o’ok u chan máan k’iin káajak u konik nu’ukulo’ob te’e kúuchilo’, tu ya’alaje’ u kúuchilo’ob janale’ leti’e’ tu’ux yanchaj u ya’abil náajal, tumen k’uch ajmexikoilo’ob yéetel máako’ob táanxel tu’ux u kaajalo’ob.
Ku tukultike’ táan ka’ach u meyajo’ob chéen ichil u 70 yéetel u 80%, ba’ale’ te’e ka’ap’éel k’iino’oba’ béeychaj u koolo’ob yóok’ol u 90 por siientoil.
"
U jala’achil Brasile’ k’uch u xíimbalt u kimen wíinkilal Pelé,04/01/2023,"Lula Da Silvae’, láak’inta’ab tumen u yatan Janja, úuchik u k’uchul u chíimpolt máax k’aaba’inta’ab beey u Reyil futbol, tu kúuchil báaxal Vila Belmiro, tu’ux jach báaxalnaj aanimáas Edson Arantes do Nascimento. U wíinkilale’ mu’uk tu jo’oloj máansa’ak tu bejilo’ob u brasilil kaajil Santos. 
"
Tren Mayae’ yaan u xu’ulsik talamilo’ob yaan yéetel ajkoonolo’ob tu kúuchil Chichén Itzá: INAH,05/01/2023,"Tu jo’oloj k’ala’ak u bejil u k’uchul máak tu yúuchben kaajil Chichén Itzá tumen kajnáalo’ob naats’ yanik te’e baantao’, le miércoles 4 ti’ enero máanika’ t’aanaj máax jo’olbesik le kúuchilo’, Marco Antonio Santos Ramírez, ti’al u ya’alike’, talamilo’ob yaan walkila’ yéetel ajkoonolo’obe’ je’elili’ u xu’ulul kéen káajak u meyaj Tren Maya tumen yaan  u ts’a’abal jump’éel kúuchil ti’al u je’elel cha’an ajxíinximbalo’ob, ts’o’okole’ yaan xan u ts’a’abal tu’ux u yantal ajkoonolo’obi’.  Leti’e’ ku tukultike’, u noj ba’alile’, leti’ u no’ojankúunsa’al ba’al ti’al u béeytal u yutsil meyaj máak, ba’ale’ beyxan ti’al u kaláanta’an u ba’alumbáaj kaaj.Yáax ba’ax táan u beeta’ale’, leti’ u xoka’al jaytúul ajmeyajo’ob yaan. Ila’abe’ yaan 674 u p’éel u kúuchilo’ob koonol Chichén Itzá. Yaan u yila’al bix u nu’ukta’al ba’al ti’al ma’ u seen ya’abtalo’ob, tumen tak máaxo’ob ku k’uchul cha’an te’elo’ ku ya’aliko’obe’ mix tu páajtal u yilko’ob tu beel le úuchben kaajo’ tumen ya’abach kúuchilo’ob koonol ts’a’abani’.
Santos Ramíreze’ tu ya’alaje’ ku ts’áak u yóol ti’al u kaláantik le kúuchilo’, ba’ale’ ti’al u béeytale’ k’a’abéet u ts’a’abal u nu’ukil u meyaj máaxo’ob yaan te’elo’.
“Ma’ jump’éel ba’al túumbeni’, úuch yanak le talamila’”, tu ya’alaj, ts’o’okole’ tu k’a’ajsaj xane’, u a’almajt’aanil Ley Federal de Monumentos, ku jet’sike’ ma’ tu páajtal u máan máak u k’a’ayt u koonol ichil le úuhcben kaajo’ob, ba’ale’ “ma’ táan k-a’alik wa ma’ k’a’anan u meyaj máaki’, u ba’alile’ leti’ u yila’al tu’ux ku beeta’al”.Kex beyo’, leti’ ku ya’alike’ mantats’ ku kaxtik ka béeyak u tsikbal yéetel máaxo’ob ku meyajo’ob ichil le úuchbej kaajo’, ti’al beyo’ u ts’a’abal u nu’uk tuláakal ba’ale’, ts’o’okole’ kex yaan máak oka’an koonol yéetel mina’an u ju’unil u beetike’ ma’ tu páajtal u jóoksa’al wa ma’ tu ts’a’abal uláak’ tu’ux ti’al u meyaj.Walkila’, úuchik u k’a’alal le bejo’, táan u k’ata’al bej ti’al u k’uchul 6 mil máak sáansamal suuka’an u kóokol te’elo’, tumen ti’al lunese’ ku tukultike’ chéen 100 máako’ob ooko’obi’, martese’ 20 yéetel jo’oljeak miércolese’ kantúul, ts’o’okole’ le je’elo’ ku beetik xan u p’íitchajal náajal; beyxan tu ya’alaje’ tu ja’abil 2022e’ xoka’ab yanchaj 2.6 miyoonesil máak ook te’e úuchben kaajo’, ts’o’okole’ le je’elo’ tu píitmáansaj le jaytúul máak ook ma’ili’ yanak pak’be’en k’oja’an.Tu tsikbaltaje’, u káajal u meyaj Tren Mayae’ yaan u ts’áak u páajtalil u je’ebel u kúuchil Centro de Atención a Visitantes (Catvi) ti’al u yantal u kúuchil u k’a’aytik u koonol máak tu beel, ti’al ma’ u ch’u’ulul kéen k’áaxak cháak wa u tóoka’al kéen jach chokochajak k’iin.Kéen k’uchuk u k’iinile’, ajkoonolo’obe’ yaan u béeytal u jets’iko’ob wa u k’áato’ob máan te’elo’, tumen ti’ kun ts’áabil tu yúuchben kúuchil u jáayal péepen k’áak’ tu’ux bíin máanak le treeno’, ba’ale’ le je’elo’ yaan u yúuchul jach kéen ts’o’okok u beeta’al te’e ja’abil 2023a’.“Jach k’a’anan u ya’alale’ yaan uláak’ talamilo’ob, je’el bix u ko’onol drorgáa ichil le úuchben kaajo’ […] tak walkila’ ts’o’ok k-ojéeltik yaan ka’atúul máak ku koonolo’ob ka’ache’ ku yúuts’bentiko’ob droogáa”, tu tsikbaltaj.Uláak’ ba’al tu ya’alaje’, u meyaj INAHe’ leti’ u kaláantik xan maaya kaajo’ob: tsikbal jóok’sa’an tumen kin péech’óoltik bin kajnáalo’obe’ chéen tuus, mix jaaji’”; tu ya’alaje’ le je’elo’ ku ya’alal tumen kéen k’áatak ti’ máak ka luk’ul tu’ux yaan tumen ma’ uts u ti’ale’, ku k’uuxilo’ob, loe beetik ku ya’alal ba’al beyo’.“U ya’abil máaxo’ob ku meyajo’ob tin wéetele’, ku t’aniko’ob maaya, le beetik ba’ax ku ya’alale’ mix jaaji’”. Ti’al u ye’esik jaaj ba’ax ku ya’alike’, tu ya’alaj jayp’éel t’aano’ob ich náhuatl yéetel maaya.Ts’o’okole’, tu ya’alaje’ ma’ili’ yanak pak’be’en k’oja’ane’, u yúuchben kaajil Chichén Itzáe’ jach ya’ab u meyaj, tumen ku je’ebel láas 6 ja’atskab k’iin, ti’al u béeytal u cha’antal u píik’il, ts’o’okole’ ku je’ebel 8 tak 5 u taal u chíinil k’iin ti’al u xíimbalta’al chéen je’ex suukile’, yéetel kéen ts’o’okoke’ ku ch’a’antal u t’úubul k’iin ichil láas 5 tak las 7 áak’ab. Tu ts’ooke’, ichil láas 7 tak las 11 áak’abe’ ku cha’antal luus y sonidóo; “tuláakal le je’ela’ ku k’a’abéetkunsik u yuumil u kaláanta’al kúuchil, ajmeyajo’ob yéetel uláak’ ba’alo’ob”.  Ka’aj k’uch pak’be’en k’oja’ane’, úuchben kaaje’ béeychaj u chan ch’a’ak u yiik’. káaj tak u k’uchul ba’alche’obi’, kéejo’ob, báalamo’ob, ichil uláak’o’ob, le beetik ku tukultik k’a’anan u tso’olol ba’al te’elo’.“Ma kúulpach yano’ob ti’ kaaji’, mix xan ti’ éejidoi’ […] leti’obe’ ku ya’aliko’ob mix ba’al ku yantal u ti’alo’ob, ba’ale’ ma’ jaaji’, tumen yaan ba’al ku yantal u ti’alo’ob; ichil ba’ax jets’a’an Ley de Ingresos de la Federación, jun jaats ti’ le taak’in ku yokol kéen bo’ota’ak u yokol máaki’, ku p’a’atal ti’ le kaajo’”.
"
"U beeta’al u yantal utsil meyaj, je’el u béeytal ichil máaxo’ob ku meyajtiko’ob moadáa ",05/01/2023,"Jump’éel miyoon 18 mil u túul máak ku meyaj ti’ le je’ela’, kex ma’ jach utsil yanik ba’al u ti’ali’, ichilo’obe’ táaka’an modeloso’ob, je’el bix béeychaj u xo’okol ti’ le ka’a jaats ts’íibo’ob ts’o’ok kjóok’sik. Jump’éel ONGe’ táan u péektsiltik meyajo’ob ti’al u xu’ulsa’al le k’aasil ba’ax ku yúuchul te’e meyajo’ yéetel jun jaats áabogadoso’ob, jo’olbesa’an tumen juntúul xmáakiyiistáa, yéetel ku yáantaj ti’al ma’ u péech’óolta’al máak.
"
Áak’ab ma’ax,06/01/2023,"U sientifikoil k’aaba’e’ Potos flavus, k’ajóolta’an xan beey kinkajú, u peekil k’áaxperro de monte, cuchumbí, mico león, cuchicuchi wa huasa. U ch’i’ibale’ ti’ u ch’a’amaj ti’ prociónidos baatsil, tu’ux u láak’mukbáaj yéetel k’ulu’ beyxan chi’ik.  
Suuka’an u yila’al t’ k’áax, tu lu’umil Méxicoe’ ku yantal tu baantail Chiapas (naats’ Chajul, tu’ux yaan u xuul u k’áaxil Reserva de la Biosfera Montes Azules), je’el bix xan Guerrero, Oaxaca, Tabasco, Veracruz yéetel Yucatán. 
Ma’ tu yila’al Quintana Roo yéetel Kaanpech, kex tumen naats’ yaniko’ob, le beetke’ ma’ unaj u chu’ukulo’ob ti’al u biinsalo’ob táanxel tu’ux, tumen je’el u k’askúunta’al kuxtal tu’ux suuk u yantalo’ob. 
Chichan ba’alche’, ku p’isik ichil 40 tak 60 sentiimetróos, yéetel ku tséentikubáaj ti’ u ki’il uláak’ ba’alche’ob. Ku jaantik mejen ik’elo’ob, je’ob, yéetel muucho’ob, ba’ale’ beyxan ku jaantik u yich che’ob. Ku aaltalo’ob ichil 1.4 tak 4.6 kilos. Je’el u k’uchul kuxtal tak 25 ja’abo’ob. U wíinkilale’ mu’uk’a’an, yéetel kóom u yook, ts’o’okole’ piim u tso’otsel u pool yéetel babaykij. Wóolis u poolo’ob yéetel nuuktak u yicho’ob. U ni’e’ kóom yéetel u xikine mejentak. U neje’ chowak beyxan u yaak’. 
U bin u ch’éejelo’obe’ ku yúuchul tumen ku seen ch’a’akal che’ob yéetel ku k’askúunta’al k’áax. Beyxan ku jaanta’al tumen i’ yéetel báalamo’ob. 
"
"Jo’e’, kaaj tu’ux muuch’ul jejeláas miatsilo’obe’, ku k’iimbesik 481 ja’abo’ob yanak",06/01/2023,"Ts’o’ok u máan 481 ja’abo’ob yanak u noj kaajil Jo’, le beetike’, j-áarkitektóo yéetel jts’íib k’ajla’ay Raúl Enrique Rivero Canto, máax jo’olbesik u meyaj u siientifikoil múuch’kab Ciudades y Pueblos Históricos ti’alinta’an tumen Icomos Mexicanoe’, ku yilik te’e noj kaaja’ jejeláas miatsilo’ob yaan, ba’ale’ kex beyo’ yaan u muuk’il u yóol.  
Tu kaajl Jo’e’ xa’ak’an miatsilo’ob, “ba’ale’ yéeya’an ba’ax xa’ak’ta’ani’, jujump’íitil úuchik u bin kyéeyaj”, xa’ak’an maaya miatsil, sak wíinik yéetel áafrikana miatsil, je’el bix xan británica kaaj, tumen yanchaj piraatáas kóojo’ob te’e kaaja’.“Jo’ je’el bix yanika’, óoli’ beey jump’éel sáandwichone’, wa jump’éel éensalada, tu’ux xa’ak’ta’an jejeláas u yáalal wa  ba’ax, jejeláas ba’al táaka’ani’, ts’o’okole’ tuláakal u jaatsilo’ob kaaje’ k’a’anan”, tu ya’alaj.
Leti’e’ ku tukultike’, ka’ap’éel noj miatsilo’ob múuch’o’ob ti’al ka béeyak u yantal u kaajil Jo’ je’el bix k-k’ajóoltik bejla’o’, ba’ale’ kex beyo’, táaka’an xan uláak’ ts’o’ok u bin u k’uchla’ajali’, je’el bix: libanesa, coreana, ichil uláak’o’ob.
Beey túuno’, ku ya’alike’, ku káajal xan u yantal k’eexilo’ob ti’ bix u na’ata’al le kaaja’, tumen wíinike’ ku ti’alintik ba’ax yaani’ beyxan bix u máan k’iini’. “To’one’ maas uts k-ilik kwa’atal ti’ jump’éel kúuchil yaan u yóok’olil, ba’ale’ u tuukulile’, ka béeyak u múul yantal máak ich kaaj, tumen beey k-ilik u yúuchulo’, te’e k’íiwiko’, Plaza Grande, yéetel uláak’ paarkeso’ob”.
Tu ya’alaje’, Plaza Grandee’ u ch’a’amaj u moots ti’ u kaajil Jo’, ba’ale’ láayli’ chíika’an u núupul jejeláas miatsilo’obi’, tumen k’íiwiko’obe’ u chíikulal amerikanóo miatsil, tumen tu lu’umil Europae’ le k’íiwiko’obo’ ma’ jach je’ex le yano’ob Jo’i’.
Ku tukultike’, yaan jejeláas ba’alo’ob k’a’abéet u píitjo’oltik le kaaja’, je’el bix u p’áata’al mina’an ts’ono’oto’ob wa áak’alo’ob, je’el bix xan u seen tóop’ol k’oxol, tumen tak le je’elo’ ku tsa’aysik k’oja’anilo’ob; ba’ale’ u jach noj ba’ax k’a’abéet u píitjo’olta’ale’, leti’ u p’áatal máak jumpáayil ti’ le kaaja’.
U noj kaajil Jo’ yaan walkila’ ma’ táaka’an ka’ach ichil Nueva España, ts’o’okole’ ka’ache’ “ti’al tuláakal ba’ale’ beey peten u pakta’ale’, tumen chéen ti’ cheem ku béeytal u k’uchul máaki’”, le beetik kex beyo’, yóok’lal bix u nu’ukil u k’uchul máake’, béeychaj u yantal jejeláas miatsilo’ob kóoj te’elo’, le beetik xa’ak’pajo’obi’. 
Tu tsolaje’, k’iimbesaj ku beetike’ ts’o’ok xan u k’éexel, ba’ale’ je’el bixak ka beeta’ake’, k’a’anan ma’ u xu’ulul, tumen ma’ili’ yanak u noj kaajil Jo’e’, yaanili’ jump’éel kaaj tu’ux kuxa’an maaya wíiniki’, “ba’ale’ le ba’ax ku k’iimbesa’alo’ leti’ u noj kaajil Jo’ je’el bix le k-k’ajóoltmaj bejla’o’”.
“Kex k-ojel bix úuchik u máan k’ajla’aye’, najmal k-na’atike’ leti’ ba’ax ts’áak k-óol yéetel k-k’a’ajsik ba’al ti’al ma’ u ka’a beetchajal ba’ax ma’ unaji’, ti’al u béeytal kxíimbal”.
Rivero Cantoe’ ku ya’alike’ yaan jejeláas ba’alo’ob ucha’an tu k’ajla’ayil Jo’, k’a’anan ti’al le bix yanik bejla’o’, ichilo’obe’, leti’e’ ka’aj yanchajo’, tu ja’abil 1542, tumen k’éex ba’al ti’ bix yanik ka’acho’.
Beyxan yanchaj ba’al u yil Independencia yéetel Porfiriato, tumen leti’ ka’aj káaj u meyajta’al kij, ts’o’okole’ mu’uk’anchaj tak ka’aj yanchaj u náajalil ti’al kaaj, “tumen kéen yanak taak’ine’, yaan meyaj”.
Leti’e’ ku tukultike’, ka’ap’éel ba’al jach k’a’anan ti’al u kaajil Jo’: le ka’aj yanchaj ka’ap’éel noj tuukulo’obi’ yéetel ka’aj káaj u meyajta’al kij, tumen yéetel le je’elo’ ayik’alchaj le kaajo’.
"
Ichil u k’áaxil Calicae’ yaan jump’éel úuchben kaaji’; ma’ táan u cha’abal u yokol máak u xíimbaltej,09/01/2023,"Kex yaan ka’ap’éel k’áaxo’ob tu’ux ku ch’a’abal u jejeláasil ba’al ku jóok’sa’al te’e lu’umo’ ti’al u ko’onole’ yéetel ts’a’aban ti’ jump’éel mueeyée ti’al u béeytal u túuxtik yéetel jóok’s u kon sáaskab tuunich tak Estados Unidose’, ichil u kúuchil Sactun (k’ajóolta’an ka’ach beey Calicae’) yaan jump’éel úuchben kaaji’, ba’ale’ mina’an u bejil u yokol kaaj ti’al u cha’antej.Ichil jump’éel xíimbalil beeta’ab tu kúuchil le mola’ayo’, tu jo’okajil Playa del Carmene’, ku béeytal u yila’ale’ k’ala’an tumen Procuraduría de Protección al Medio Ambiente (Profepa), ba’ale’ ajkanan máako’ob ts’a’aban meyaje’ táan u kaláantiko’ob kúuchil, le beetik ma’ tu béeytal u yokol máak ti’al u cha’ant le úuchben kaajo’. 
Chéen bix je’el u páajtal u xíimbalta’ale’, k’a’abéet u yáax k’áata’al jump’éel ju’un ti’  Instituto Nacional de Antropología e Historia (INAH), tu’ux k’a’abéet u ts’a’abal u k’aaba’ máaxo’ob taak u yokolo’obi’; leti’ob túune’ unaj u k’uchulo’ob tak tu kaasetail u kaláanta’al le kúuchilo’, ti’ yaan tu tojil u mueeyeil Punta Venado, ti’al beyo’, yéetel ju’un ts’a’aban tumen INAH yéetel jump’éel íidentifikaasyone’ u cha’abal u yokol máak.
Kéen ila’ak máaxo’ob kun okole’, ku máansa’alo’ob túun yéetel u meyajnáalilo’ob Sactun, ti’al u xíimbalkúunsa’al máak te’e úuchben kaajo’. Ku béeytal u cha’anta’al le jejeláas kúuchilo’ob bak’pachta’an tumen k’áax.Ichil ba’ax ku chíikpajal tu kúuchil Internet INAHe’, úuchben kaaje’ k’ajóolta’an yéetel u k’aaba’ le mola’ayo’, Calica (Calizas Industriales del Carmen), ba’ale’ k’exa’ab u k’aaba’ mola’aye’ ka’aj p’áat beey Sactun, “le je’elo’ u woojilo’ob u k’aaba’ le mola’ayo’, tu’ux méek’tanta’an le úuchben kaajo’”.“Ichil u k’áaxil le mola’ayo’ yaan jejeláas kúuchilo’ob, tu’ux ku jach chíikpajal Grupo P de Xcaret, k’ajóolta’an xan beey Rancho Ina, tumen ti’ yanchaj jump’éel kajtalil k’ajóolta’ab xan beey Punta Venado, ts’o’okole’ le je’elo’ beey u k’aaba’o’ yóok’lal tu’ux k’áaxil yaan”, beey u xo’okol ti’ ba’ax ts’a’aban tu kúuchil INAH ti’ Internet.
Ku ya’alal xane’, úuchben kaaje’ ma’ je’eba’an ti’al u xíimbalta’al tumen kaaji’, ts’o’okole’ chéen ku béeytal u yokol máak wa ku yokol tu joolnajil Calica, yéetel ti’al u béeytale’ k’a’abéet u yáax t’aan máak tu kúuchil Centro INAH Quintana Roo, le beetike’ ku béeytal u t’aan máak tu teelefonoil (983) 837 24 11.
"
U múuch’kabil AMAVe’ táan u k’a’aytik uláak’ úuchben kaajo’ob tu’ux ma’ táakbesa’an Chichén Itzái’,09/01/2023,"Yóok’lal le talamilo’ob láayli’ yaan tu yúuchben kaajil Chichén Itzá, Yucatáne’, máax jo’olbesik u múuch’kabil Asociación Mexicana de Agencias de Viajes (AMAV),  Eduardo Paniagua, tu páayt’antaj ajxíinximbalo’ob ti’ uláak’ u péetlu’umilo’ob México, beyxan ti’ uláak’ noj lu’umo’obe’, ka u xíimbalto’ob uláak’ úuchben kaajo’ob, je’el bix Mayapán.
“Le kaaja’, láayli’ líik’sa’ab tumen Íitzabo’ob, tu jaats k’iinilo’ob prekaalsikóo, ts’o’okole’ óoli’ je’ex Chichén Itzá, ba’ale’ maas chichan. Le je’ela’ ku ts’áakton u páajtalil kbiinsik ajxíinximbalo’ob ti’ uláak’ kúuchilo’ob ti’al u náaysik u yóolo’ob, tumen walkila’ ts’o’ok u p’áatal ma’ u k’áato’ob bin Chichén yóok’lal ba’ax ku yúuchul, ma’ chúuka’an u meyajilo’obi’, mix u yuumil u ts’aatáanta’al máax ku bino’obi’”, tu yaj óoltaj.Talamilo’ob ts’o’ok u bin u piimtal tu kaajil Chichéne’ yaan u beetik k’aas ti’ kajnáalo’ob bak’pachik tumen u ya’abil ti’ leti’obe’ leti’ ku meyajtiko’ob ti’al u k’amiko’ob máaxo’ob ku k’uchul xíimbal te’elo’, tu tsikbaltaj. 
“Le ba’ax ku yúuchul Chichén Itzáe’ ma’ jump’éel ba’al táant u káajal jayp’éel winalo’ob paachili’, lela’ ts’o’ok u máan ya’abach ja’abo’ob, ts’o’okole’ le je’ela’ úuch tumen káaj u seten okol ajkoonolo’ob te’e úuchben kaajo’, kex ma’ chíimpolta’an ich a’almajt’aani’, ba’ale’ leti’obe’ k’a’abéet u jóok’olo’ob”, tu tsikbaltaj máax jo’olbesik AMAV.Tu ki’imaj óoltaj tumen walkila’, u meyajnáalilo’ob Instituto Nacional de Antropología e Historia (INAH) ts’o’ok u “ch’a’ak u muuk’o’ob” ti’al u beetiko’ob ba’ax k’a’anan, tumen ba’ax tu beetajo’ob ka’ache’ “u yéensiko’ob u tojol” jump’éel k’a’anan kúuchil tu’ux ku k’uchul ya’abach ajxíinximbalo’obi’.Leti’e’ tu tsikbaltaje’, ts’o’ok u máan jayp’éel ja’abo’ob úuchik u biinsik junmúuch’ japonesilo’obe’, ba’ale’ tak te’e k’inake’ tu yilajo’ob le ajkoonolo’ob ku seen awato’ob yéetel ku beetiko’ob jejeláas ba’al ti’al u pakta’alo’ob tumen máax ku bino’ob te’elo’, ts’o’okole’ wa ma’ tu béeytal u koonolo’obe’, ku káajal u pooch’ilo’ob, kex tumen ma’ jeets’el k’a’abéet u ma’anal wa ba’ax ti’obi’,  “ts’o’okole’ u jach k’aasile’ tumen ku káajal u po’och’olo’ob ti’ le t’aan ku t’aniko’obo’”. Eduardo Paniagua tu ya’alaje’ ku béeytal u náaysik u yóol kéen xi’ik u k’ajóolt uláak’ kúuchilo’ob, tu’ux mina’an talamilo’ob je’el bix yano’ob Chichén, le beetike’, wa ma’ tu lep’ik u yóolo’obe’, mola’ayo’ob tu’ux ku ko’onol náaysaj óolo’obe’ yaan u káajal u k’a’aytiko’ob uláak’ úuchben kaajo’ob je’el bix Mayapán, Tulum, Cobá, ichil uláak’o’ob,
"
U jala’achil u lu’umil Méxicoe’ tu k’amaj Biden tu kúuchil AIFA,09/01/2023,"U jala’achil u noj lu’umil Estados Unidose’ kóoj ok’najeak Aeropuerto Internacional Felipe Ángeles. Jo’olpóop López Obrador, éembajador Ken Salazar yéetel Marcelo Ebrard, máax beetik u meyajnáalil Relaciones Exteriorese’, bino’ob u k’am estadunidenseil nojoch máak.
"
Ma’ jach uts úuchik k k’alik u ja’abil 2022 yóok’lal loobilaj yanchaj ichil xiib yéetel ko’oleli’: xféeministaob,10/01/2023,"Tu ja’abil 2022e’ ma’ jach ma’alob úuchik u jóok’ol ba’al yóok’lal loobilaj yanchaj tu péetlu’umil Quintana Roo, u ya’abile’ ti’ le je’ela’ leti’e’ yanchaj ba’al u yil yéetel le ku yúuchul ichil xiib yéetel ko’olel, le beetike’, te’e ja’abil 2023a’ yaan ya’abach meyaj ti’al beetbil, beey úuchik u ya’alik Vanesa González, máax jo’olbesik u féeministail múuch’kabil Derechos, Autonomías y Sexualidades (DAS).
Leti’ tu ya’alaje’, k’a’abéet u jóok’sa’al uláak’ taak’in ti’al u beeta’al le meyak unaj u yantalo’, unaj u ts’áak u yóol máak ti’al u ch’éenel u xmaman beeta’al beey táan u beta’al le meyajo’, je’el bix u búukinta’al chak k’aank’an nook’ ti’al le 25 ti’ noviembre, ti’al beyo’ u jach káajal u beeta’al meyaj te’e kaajo’obo’, ba’ale’ tu’ux ka yáax na’atak ba’ax k’a’abéet.
Tu tsikbaltaje’ u ya’abil ko’olel jsa’a’t tu kaajilo’ob Benito Juárez, Solidaridad yéetel Othón P. Blancoe’, yaan u ja’abil ichil 10 tak 19, le beetike’ táan u yila’ale’ jach k’a’abéet u yúuchul meyaj tu séeba’anil te’e kaajo’oba’, ti’al u kaxta’al ka xu’ulsa’ak le loobilaj ichil xiib yéetel ko’olel.
Uláak’ ba’ax jach jak’be’en óole’, leti’e’ xookolo’ob jts’a’ab k’ajóoltbil tumen Fiscalía General del Estado, tumen ma’ juntakáalili’ yanik yéetel ba’ax ojéelta’an tu noj lu’umil México, ts’o’okole’ le je’elo’ jump’éel ba’al jach jela’an yéetel k’a’anan; najmal u yúuchul meyaj ti’al u xu’ulsa’al tuláakal le ba’axo’ob ma’ tu beel yaniko’ob walkila’.
“Tuláakal u nu’ukil justiisyae’ u jets’maj tu’ux yaan u jach ya’abil le talamilo’ob yóok’lal loobilaj, beyxan tu’ux k’a’abéet u beeta’al u nu’ukbesajilo’ob ti’al u ch’éenel u yantal. Uláak’ ba’al jach k’a’anane’ leti’e’ meyaj unaj u beetchajal tu’ux ma’ jeets’el yaan kaaji’ ba’ale’ yaan wíinik kaja’ani’, tumen INEGIe’ ma’ u táakbesmaj ti’ xookil ku beetik, ts’o’okole’ le je’elo’ láayli’ xan loobilaj”, tu ya’alaj Vanessa González.
“Ma’ k’a’abéet u je’ets’el poliitikáa ti’al u ts’a’abal u si’ipil kaaj, unaj u beeta’al ti’al u kaláanta’al ma’ u yúuchul k’aasil ba’alo’ob, le je’elo’ jach je’el u yáantaje’, tumen beyo’ je’el u yantal uláak’ bix u yéemel u xookil káaltalil, ichil uláak’ ba’alo’ob, ti’al xan u bin u kaambal kaaj”, tu ya’alaj.  
"
"Dzibilchaltúne’ leti’e’ yáax úuchben kaaj, tu lu’umil Yucatán, tu’ux yaan u ts’a’abal Catvi; ti’ kamp’éel kun yantal ",10/01/2023,"Ti’ Dzibilchaltún yéetel uláak’ óoxp’éel úuchben kaajo’ob ti’ u péetlu’umil Yucatáne’, yaan  u ts’a’abal u kúuchilo’ob Centro de Atención a Visitantes (Catvi), ti’al u béeytal u ts’aatáanta’al ajxíinximbalo’ob kun kóojolo’ob ti’ Tren Mayai’, beey k’a’ayta’ab tumen José Arturo Chab Cárdenas, máax jo’olbesik Centro del Instituto Nacional de Antropología e Historia (INAH) Yucatán.
Chab Cárdenase’ tu k’a’ajsaj ts’o’ok kamp’éel winalo’ob káajak u nu’ukbesajil Mejoramiento de Zonas Arqueológicas, tu’ux káajsa’ab le lunes máanika’ u jejeláas meyajilo’obi’.
“Meyajo’obe’ táan u múul beeta’al yéetel kaajo’ob, beyxan yéetel le uláak’ múuch’kabilo’ob ku meyajo’ob ti’al u kaláanta’a le úuchben kaajo’, tumen láayli’ paarke náasionale’”, tu ya’alaj. 
“Páarador turiistiko yaan te’elo’ ku jach táaj chu’upul tumen ya’abach máak ku bin u xíimbaltej, ts’o’okole’ yóok’lal u meyajilo’ob Tren Mayae’ yaan u beeta’al u nu’ukbesajil Catvi”, tu tsikbaltaj.
Nu’ukbesaje’ tukulta’an ti’al u k’a’amal ajxíinximbalo’ob, yéetel ti’al u yantal tu’ux u ye’esik u meyajo’obi’. Beyxan, yaan u ts’a’abal u kúuchil tu’ux u kaláanta’al lu’um tumen u múuch’kabil Comisión Nacional de Áreas Naturales Protegidas (Conanp) yéetel Secretaría de Medio Ambiente y Recursos Naturales (Semarnat).
Tu tsikbaltaje’ kamp’éel ti’ le kúuchilo’ob kun múul meyajtbil yéetel Fondo Nacional de Fomento al Turismo (Fonatur): Dzibilchaltún, Uxmal, Chichén Itzá yéetel Ek Balam.
Beey túuno’, tu yúuchben kaajil Dzibilchaltúne’ ts’o’ok u káajal u beeta’al meyajo’obi’, ti’al u líik’sa’al le tu’ux láayli’ p’aatal boono’ob. Tumen ojéela’ane’ yaan tu’ux bona’an pak’o’obi’, beey tu ya’alaj x-áarkeologáa  María Fernanda Escalante. 
Walkila’, táan u k’e’exel seemento, táan u yutskíinsa’al yéetel táan u ka’a bu’ut’ul tu’ux k’a’abéet ti’al u ka’a muk’a’ankúunsa’al u pak’ilo’obi’. 
"
Jump’éel u yich NASAe’ tu ye’esaj bix nuupul naats’ yéetel náach ka’ano’ob ,10/01/2023,"Túumben oochel jóoks’a’ab tumen Hubblee’ ku ye’esik LEDA 48062, ichil u ka’anil Perseo, jump’éel galaxiail ma’ jeets’el ba’ax u woojile’, ku chíikpajal te’e xno’ojo’, láak’inta’an tumen uláak’ jump’éel túuts’, UGC 8603, te’e xts’íiko’. Oochelo’obe’ ku ye’esike’ tu ka’ap’éelale’ ma’ jach ch’ija’antako’obi’ yéetel óoli’ beey “iib” u wíinkilale’, le je’elo’oba’ óol jela’antak ichil le mejen ka’ano’obo’.
"
"Miguel Concha, juntúul j-utsil máak ",11/01/2023,"Fray Miguel Concha Malo juntúul máak jach chíikpaj ichil ba’ax meyajta’ab, ba’ax béeykunsa’ab yéetel ba’ax k’i’itbesa’ab yóok’lal jejeláas ba’alo’ob yaan ba’al u yil yéetel u páajtalilo’ob wíinik tu noj lu’umil México. Leti’e’, tu ts’áaj u muuk’ ti’al u ba’atel yóok’lal le je’elo’, u meyaje’ yéetel u yóole’ xa’ak’paj yéetel kuxlaj ti’ ba’ax tu beetaj. Juntúul u jk’iinil Provincia de Santiago de la Orden de Predicadores en México, jach kaambanaj yóok’lal teolojia, tu kanaj u ts’íibt péektsilo’ob, tu ts’áaj xook ti’ úunibersidad yéetel tu kaxtaj ka yanak jets’ óolal, beyxan kéet kuxtal ich kaaj, jk’iin Conchae’ jach k’ajóolta’ab yóok’lal meyaj tu beetaj ti’al u ts’a’abal u muuk’il u t’aan kaaj, yéetel ti’al u chíimpolta’al xan.
Juntúul kristiano yaanal bix u tuukul, tu áanalte’il La participación de los cristianos en el proceso popular de liberación en México (1968-1983) jach k’a’anan u xo’okol ti’al u na’atal bix yanik Comunidades Eclesiales de Base.
Ti’ jump’éel lu’um tu’ux jach ja’ajatspaja’an kaaje’, Miguel Conchae’ tu kaxtaj bix u beetik u múul yantal máak, beyxan bix u béeytal u cha’abal mokt’aano’ob; ti’ jump’éel lu’um tu’ux jach suuka’an u yúuchul tuuse’, jk’iin Conchae’ tu ts’áaj u beel u no’ojanil u beeta’al ba’al.Yanchaj tu’ux xan Fray Miguel pech’ óolta’ab, ichil u ja’abilo’ob setenta yéetel ochenta ti’ el siglo máaniko’, tumen máaxo’ob ma’ tu k’exaj u tuukulo’obi’. “Bejla’e’, to’one’ k-ojel -tu ts’íibtaj tu pik’il ju’unil Unomásuno– lik’ul u ja’abil 1968e’, yanchaj kex 850 u túul jk’iino’ob yéetel réelijioso’ob ichil u lu’umil
Latinoamerikae’ k’ala’ab, loobilta’ab, kíinsa’ab wa sa’atbesa’ab”.  
Tu jach kanaj u xak’alt bix úuchik u meyaj jala’ach tu lu’umilo’ob Nicaragua, Guatemala, Honduras, El Salvador, Chile, Uruguay yéetel Brasil. Tu beetaj u tak poolil ajk’atuno’ob tu ts’áajo’ob u muuk’ ti’al u loobiltiko’ob kajnáalo’ob. Beyxan jach péeksa’ab tumen Roberto yéetel Benjamín Cuéllar Martínez, máaxo’ob jach jo’olint Socorro Jurídico Cristiano de El Salvador.Beey túuno’, yéetel u yáantajil salvadorilo’ob yéetel guatemaltekoilo’ob, máaxo’ob láayli’ u meyajo’ob ti’al u yantal jets’ óolale’, tu múul meyajtaj u áanalte’il Los derechos políticos como derechos humanos. Ti’ tu ka’aj ch’a’aj u muuk’ yéetel u tuukulil u ka’a meyaj yóok’lal u páajtalilo’ob wíinik, ti’ lu’umo’ob tu’ux láayli’ jach k’a’anan u ba’ateltal u cha’abal u yéeyaj máak ich jáalk’abil, ti’al beyo’ u táakbesa’alo’ob ti’ k’a’anan jets’ilo’ob najmal u beeta’al te’e kaajo’obo’, tumen beyo’, je’elili’ u táekbesa’al kajnáalo’ob ti’al u chíibesiko’ob kaaj tu’ux mina’an ka’achij. Beyxan jach meyajnaj ti’al u yantal u múuch’ilo’ob kaaj kaláantik u jáalk’ab úuchul yéeytambal.Ma’ meyajnaj chéen ti’al u lu’umili’. Tu ts’áaj u muuk’ ti’al u máan u monla’ant ba’ax kun yúuchul México yéetel ajkanan kaajo’ob beyxan ajk’atuno’ob tu táan kaaj, u ya’abile’ le jejeláas ba’alo’ob ku yúuchul yéetel óotsil kaaj. Conchae’ jach meyajnaj ti’al u béeytal u cha’abal máaxo’ob k’ala’ab ka’aj káaj u péek féerrokarrileráa yéetel máajisterail múucho’ob ichil u ja’abilo’ob 1956-1960, beyxan ti’ u múuch’il xoknáalo’ob-kaaj péeknaj tu ja’abil 1968, tumen te’elo’ ma’a k’a’abéetkunsa’ab mix jump’éel t’aan tu’ux ku táakbesa’al u páajtailo’ob wíinik ti’al u beeta’al le líik’asjil t’aano’obo’.Tu noj lu’umil Méxicoe’, ONG yéetel DHe’ jach káaj u péeko’ob ichil u ja’abilo’ob 90 ti’ le siglo máaniko’. Ka’ach tu ja’abil 1984 óoli’ chéen kamp’éel u mola’ayilo’ob kaaj yaan ka’ach ti’al u meyajo’ob tu yutsil u páajtalilo’ob wíinik, ba’ale’ ti’al u ja’abil 1991e’ le je’elo’ k’uch tak 60 u p’éelal.Yanchaj jejeláas ba’alo’ob péeknaj ti’al u káajal u mu’uk’anchajal múul meyaj yanchaj yéetel uláak’ lu’umo’ob. Yáax ba’ax úuche’, leti’e’ úuchik u káajal u chíikpajal táanxel múuch’kabilo’ob ti’al u yojéeltiko’ob bix u bin ba’al yéetel u páajtalilo’ob wíinik te’e lu’uma’. Múuch’kabilo’o je’el bix Amnistía Internacional (AI) tu yáax beetaj tsool meyajo’ob tu’ux ts’a’ab ojéeltbil péech’óol yaan ti’ jayp’éel kaajo’ob (Oaxaca yéetel Chiapas) wa uláak’ kúuchilo’ob (tu’ux k’ala’an máak) tumen tu ye’esajo’ob jach bix talamil yanik ba’al te’elo’.Beey túuno’, ba’ax ts’íibta’abe’ jach ma’ béeychaj u k’i’itbesa’ali’, ts’o’okole’ máaxo’ob ts’íibte’ jts’a’ab u kuucho’ob. Kex beyo’, ba’ax úuche’ jach chíikpaj xan úuchik u péek zapatista kaaj, tu winalil enero ti’ u ja’abil 1994.Ts’íibo’ob tu beetaje’ chíikpaj ti’ pik’il ju’uno’ob je’el bix Unomásuno yéetel La Jornada, tu’ux tu líik’saj jujump’íitil ba’ax ku yúuchul yéetel u páajtalilo’ob wíinik tu lu’umil México. Tu ts’ook winalilo’ob u kuxtal Miguele’ jach yaaj óol úuchik u máansik. Áanta’ab tumen u dominko láak’o’ob tumen ka’atéen úuchik u káachal jump’éel u yook. Ba’ale’ p’áat chital kex jo’op’éel winalo’ob tumen diabetise’ tu luk’saj u muuk’.  Kex beyo’ u meyaje’ ku p’áatal ichil u k’ajla’ayil México. Juntúul uts wíinik ti’ jump’éel k’aasil lu’um.
"
Yóok’lal jump’éel chowak ni’e’ Del Toreo’ tu náajaltaj Globo de Oro ,11/01/2023,"Le martes 10 ti’ enero máanika’, k’uba’ab u 80 u téenil u chíimpolalo’ob, tu kúuchil The Beverly Hilton, ti’ u noj kaajil Los Ángeles, ku ts’a’abal tumen u múuch’kabil Asociación de la Prensa Extranjera de Hollywood (HFPA, yóok’lal bix u k’aaba’ ich inglés t’aan). Jmexikanoil beet cha’ane’ tu k’amaj chíimpolal, tu jaatsil asab sutil áanimado cha’an, úuchik u beetik cha’an tu’ux tu ye’esaj u yóol yéetel tu chíibkesaj bix u na’atik kíimil.
"
Péepen k’áak’o’obe’ xáanchaj u k’uchulo’ob Cancún tumen k’aschaj nu’ukulo’ob EU ,12/01/2023,"Yóok’lal ba’ax úuche’ yanchaj ya’abach máak ma’ téek k’uchij yéetel uláak’o’obe’ ma’ béeychaj u luk’ulo’ob te’e estadunidenseil lu’umo’, ka’alikile’ tu kúuchil Aeropuerto Internacional de Cancún ma’ páatchaj u séeb líik’il 15 péepen k’áak’o’obi’. U yúuchul ba’al beya’ tu baantail Caribe Mexicanoe’ ku beetik k’aas ti’ náajal ku yantal, tu ya’alaj j-óoteleróo Jesús Almaguer Salazar.
"
" Síina’an, mejen ba’alche’ob je’el u yáantajo’ob ti’al ma’ u seen ya’abtal xna’ats’uno’ob",13/01/2023,"Síina’ane’, C. Gracilis, u láak’ amo’ob, ts’o’okole’ wíinike’ sajak ti’, ba’ale’ le je’ela’ je’el u yáantaj ti’al ma’ u seten yantal xna’ats’uno’ob, le beetike’ k’a’anan ti’al le kuxtala’, beey tu tsikbaltaj César Raciel Lucio Palacio, j-bioologóo jach kaambanaja’an yóok’lal amo’ob.
Boox síina’ane’ suuka’an u yantal tu Péetlu’umil Yucatán, ba’ale’ ku yantal xan ti’ uláak’ u péetlu’umilo’ob México yéetel yóok’ol kaab.Je’el u p’isiko’ob tak 15 sentimetróos u chowakil. U wíinkilale’ boox, ts’o’okole’ k’as chíika’an u ch’oojol wa u chakil. 
Lucio Palacio tu ya’alaj síina’ane’ láayli’ ame’, waxakp’éel u ts’íit u yook, ts’o’okole’ yaan kex 2 mil 700 u jejeláasil ichil tuláakal yóok’ol kaab; chéen Méxicoe’ k’ajóolta’an yaan kex 310 u jejeláasil.
Leti’obe’ ku jaantiko’ob ik’elo’ob yéetel uláak’ amo’ob, “ts’o’okole’ beey naats ti’ u yotoch máak kaja’ane’, ku jaantik uláak’ mejen ba’alche’ob je’ex na’ats’un”.
Ma’ sajbe’entsil yanik u ch’éejeli’, tumen séeba’an u kanik kajtal wa chokoj u yooxol yéetel wa yaan ba’al u jaantej, ts’o’okole’ kéen chi’ibanako’obe’ je’el u yaatale’. 
"
Unaj u táanilkunsa’al kaaj kéen kaxta’ak u ts’a’abal u muuk’ t’aan yéetel díijital nu’ukulo’ob: maayaob,16/01/2023,"Máaxo’ob tsikbalnajo’obe’ te’e noj múuch’tambal beeta’abo’ táakpaj máaxo’ob t’aanik u jejeláasil maayaob, le beetik tskbalta’abe’ u péektsilta’al t’aan yéetel díijital nu’ukulo’obe’ unaj u beetik uts ti’ maaya kaajo’ob, ba’ale’ beyxan u p’atik paachil jela’an tuukulo’ob yaan tu’ux ku je’ets’el bix unaj u yúuchul t’aan wa ma’, tumen u ba’alile’ ka béeyak u “tse’elel ba’ax k’atik u beel” le meyajo’oba’ ti’al u béeytla xan u táakpajal uláak’ máako’obi’. U káajal u tséenta’al u nukuch che’il máaxo’ob k’a’abéetkunsik téeknolojia ti’al u mu’uk’ankúunsa’al maaya t’aan yéetel maaya miatsil.Beyxan, ma’ unaj u tu’ubsa’al ba’ax ts’áak u yóol áaktibiismóo: u yúuchul meyaj ti’al u yutsil maaya kaajo’ob; le beetike’, tuláakal ba’ax ku beeta’ale’ unaj u k’uchul tak tu’ux yaan kaaj yéetel unaj sáasil.
Le je’ela’ chéen jayp’éel tuukulo’ob a’alab tumen Sásil Sánchez Chan, César Can, Lorenzo Itzá yéetel Genner Llanes-Ortiz, tu súutukil beeta’ab u tsikbalil ¿Hacia dónde se dirige el activismo digital de lenguas mayenses?, úuchik u yantal, le 14 ti’ enero máanika’, u múuch’tambalil Cumbre de Activismo Digital de Lenguas Mayenses, beeta’ab tu kúuchil Gran Museo del Mundo Maya (tu noj kaajil Jo’).Beyxan te’e súutuko’ a’alab u k’a’ananil u táanilkunsa’al kaaj, tumen ma’ unaj u beeta’al ba’al wa mina’ani’. César Cane’ tu tsikbaltaje’ áaktibismoe’ ku beeta’al tumen yaan ba’ax ma’ uts tu t’aan máaki’, le beetik ku kaxtik bix u meyajtik ba’al yóok’lal. Ka’alik Lorenzo Itzá tu ch’a’achibtaje’ k’a’anan u ye’esa’al u jejeláasil bix u t’a’anal maaya, u k’ajóoltaj bix uláak’ bix u yu’ubal le t’aano’, ti’al beyo’ ma’ u beeta’al le ba’ax ku k’aaba’tik “violencia lingüística”. Te’e meyaja’ táakpaj xan lajuntúul ti’ le táankelemo’ob tu náajaltajo’ob jump’éel áantajil-kaambal  jts’a’ab tumen u mola’ayil Rising Voices. Leti’obe’ béeychaj u beetiko’ob jump’éel u meyajil áaktibismóo yéetel ti’ u taalo’ob tu lu’umil Yucatán, Quintana Roo yéetel Chiapas. 
"
Túumben jeets’ilo’ob káaj u chíimpolta’al yóok’lal ba’ax ku cha’abal u beetik kéen ts’u’uts’ak chamal,16/01/2023,"Jo’oljeak domingoe’ káaj u chíimpolta’al túumben jeets’il jts’a’abij, tu’ux ku ya’alale’ ma’ táan u páajtal u ye’esa’al u káajetiyasil chamal ti’ kúuchilo’ob koonol, ka’alikil ti’ kúuchilo’ob janale’ ma’ táan u béeytal u jáalal u yo’och máak ti’ kúuchilo’ob tu’ux jeets’el ku páajtal u ts’u’uts’al chamal. Le je’ela’ beey ts’a’abik ich Reglamento de la Ley General para el Control del Tabaco, yaan u káajal u chíimpolta’al lunes, tumen díia aabil.
Le 14 ti’ diciembre máaniko’, Ejecutivo Federale’ tu ts’áaj k’ajóoltbil, yéetel u yáantajil Secretaría de Salud, k’eexilo’ob beeta’ab te’e a’almajt’aano’, tumen yéetele’ táan u kaxta’al “u kaláanta’al kaaj, ti’al ma’ u yantal u yúuts’bentik u buuts’il chamal, ti’ mix jump’éel kúuchil, mix xan tu’ux yúul k’aalal, tu’ux ku yúuchul meyaj, ti’ tráansporte puublikóo, yéetel ti’ kúuchilo’ob tu’ux ya’ab u máan máak, je’el bix xan ti’ najilo’ob xook ti’ je’el ba’axak u jaatsil kaambal”.
K’eexile’ jets’a’ab ichil Diario Oficial de la Federación ts’o’okole’ ku ya’alale’, ti’al u béeytal u ko’onol chamal ti’ je’el ba’axak kúuchile’, yaan u k’a’abéetkunsa’al jump’éel tsoolts’íib, tu’ux chéen ku béeytal u chíikpajal u maarkail yéetel u tojol, ts’o’okole’ mix tu béeytal u chíikpajal mix jump’éel u yoochel wa lóogotipo.Ba’ax jets’a’abe’ ts’o’ok u beetik u péek u yóol u múuch’kabil Asociación Nacional de Tiendas Departamentales y de Autoservicio (Antad), Alianza Nacional de Pequeños Comerciantes (Anpec), je’el bix xan Cámaras Nacionales de Comercio, Servicios y Turismo (Concanaco-Servytur) yéetel Patronal de la República Mexicana (Coparmex), tumen u ko’onol chamale’ ku beetik u náajalta’al u 25 por siientoil ti’ le taak’in ku yokol lalaj winalo’ob ti’ mejen kúuchilo’ob tu’ux ku yúuchul koonol. Bejla’e’ ma’ tu cha’abal u ts’u’uts’a’al chamal ti’ kúuchilo’ob jeets’el u ti’al janal, mix ti’ baares, ti’al ka béeyak u beeta’ale’, máax ku ts’u’uts’ik chamale’ unaj u náachtal kex 10 metros ti’ u joolnajil le kúuchilo’, yéetel k’a’abéet u beetik táankab.
"
"U meyajnáalilo’ob Pemexe’, tu takpoltajo’ob ma’ táan u chíimpolta’al ju’unil meyaj jeets’el u ti’alo’ob",17/01/2023,"Tumen ma’ táan u beeta’al ba’axt ts’a’aban ichil u ju’unil Contrato Colectivo de Trabajo (CCT), jets’a’an tumen Petróleos Mexicanos (Pemex), máaxo’ob táakano’ob ichil Sección 47 ti’ u múuch’kabil Sindicato de Trabajadores Petroleros de la República (STPRM), tu líik’saj u t’aano’ob aktáan ti’ u joolnajil u kúuchil le mola’ayo’, yaan tu bejil 33, tu’ux tu k’áatajo’obe’ ka k’u’ubuk nu’ukulo’ob najmal u yantal ti’ob ti’al u kaláantikubáajo’ob kéen jo’op’ok u meyajo’ob.
Ichil u ja’abil 2022e’, péetrolero’obe’ tu k’áatajo’ob ka beeta’ak ba’ax jets’a’an ichil u ju’unil CCT, tumen tu tak poltajo’obe’ bootasil ku k’u’ubule’ ma’ leti’e’ k’a’abéet u ts’a’abal ti’ob ti’al u beetik u meyajo’ob te’e tu pláataformail k’áak’náab tu Sondail Kaanpech, tumen ma’ tu xáantal ti’ yano’obe’ kéen k’aschajak.
Ajmeyajo’obe’ tu ya’alo’obe’ tumen ma’ chúuka’an u nu’ukulil u kaláantikubáajo’ob kéen meyajnako’obe’ tu jets’ajo’ob ma’ xan táan u na’akalo’ob meyaj te’e plataformao’, tumen sajbe’entsil u ti’alo’ob, beyxna ti’ u yéet meyajo’ob yéetel ti’ le kúuchil tu’ux ku beetiko’obo’. Lela’ ku yúuchul tumen ma’ tu beeta’al ba’ax jets’a’an ichil u ju’unil CCT.
“Ma’ ma’ak’olo’oni’, ba’ale’ wa to’on manik k bootáas yéetel u nu’ukulil k kaláantikbáaje’, wa ka k’uchuk úuchuk loobilaje’, wa ma’ k ts’áamaj le nu’ukulo’ob u ts’áamaj to’on le mola’ayo’, leti’e’ ku ya’alike’ ma’ táan u chíimpoltik páajtalilo’ob, ts’o’okole’ ku kúulpachtal ba’al ti’ to’on”.
Tu ya’alajo’obe’, láayli’ beyo’, kex tumen ma’ táan u na’akalo’ob te’e plataformao’ yéetel kex sáansamal ku bino’ob tu’ux ku ya’alal ti’obe’, ma’ xan táan u bo’ota’al ti’ob u bino’ob tak te’elo’, je’el bix jets’a’an unaj u beeta’al ichil CCT, “tumen to’one’ ma’ tak p’áatal te’e Islao’, ma’ tumen ma’ k k’áati’, tumen
Pemexe’ ma’ tu beetik ba’ax u ya’almaj kéen u beet ti’al u kaláantik k kuxtal”.
Tu tsolajo’obe’, kex tumen STPRMe’ ts’o’ok u k’ubik ju’un ku k’áata’al ti’al u beeta’al ba’ax jets’a’an ichil CCTe’, máaxo’ob jo’olbesik Pemexe’ ku ya’aliko’ob ts’o’ok bin u k’áata’al le nu’ukulo’obo’, je’el bix bootáas, ba’ale’ tumen mina’an u taak’inile’ ma’ táan u béeytal u ma’anal.
"
Taka’ab u pool u xjo’olpóopil u kaajil Ixil; ku ya’alale’ yaan k’áax tu ch’a’aj u ti’alintej,17/01/2023,"U kajnáalilo’ob Ixile’ bino’ob le lunes máanika’ tu kúuchil Comisión de Derechos Humanos del Estado de Yucatán (Codhey) ti’al u ts’áako’ob jump’éel tak pool yóok’ol u xjo’olpóopil le kaajo’, Sandra P.C., ts’o’okole’ ku ya’aliko’obe’ ku péech’óoltik yéetel ku loobiltik máak; beyxan, u k’áat u kon jump’éel kaaj k’uba’ab ti’al u beeta’al naj ti’al máaxo’ob k’a’abéet.
Xunáan Deisy, u yatan máax k’ub le k’áaxo’, tu ya’alaje’ ts’o’ok tak u je’ets’el máax kéen u ti’alint u xóoxot’aj le k’áaxo’ -tumen u yíicham le ko’olelo’ tu ts’áaj u beeta’al u yotoch máaxo’ob mina’an u ti’alobi’- ts’o’okole’ chéen táan u binetik u fiirmáa le xjo’olpóopo’, ba’ale’ kéen u jets’ u yilko’obe’ ku ya’alik to’obe’ ma’ tu páajtal.  
Leti’ xane’ tu ya’alaj xjo’olpóope’ ma’ u k’áat u ts’áaj u fiirmai’ tumen u yíichame’, R.A.R.C., u k’áat u ch’a’a le k’áaxo’ ti’al u beetik réesidensyal najo’ob. Ts’o’ok maanal 26 ja’abo’ob k’uba’ak k’áax “ti’al u máakil le kaajo’”, tu ya’alaj le ko’olelo’
Pedro Tec, máax tu káajs u meyaj u múuch’kabil Mayas Eternos tu xokaj u ts’íibil tu’ux ku je’ets’el u tuukul kaaj, tumen leti’obe’ ku yilko’obe’ loobilta’ano’ob, “to’one’ k k’áat ka yanak jets’ óolal yéetel ki’ óolal ti’ k kaajal”, tu ya’alaj.
Beey túuno’, táan u k’áatiko’ob ka ts’aatáanta’ak talamilo’ob ku yilko’ob yaan walkila’, tumen ma’ xaan wa táan u ko’onol k’áax k’uba’ab ti’al u yotoch ti’ máax k’a’abéet; ba’ale’, walkila’ áayuntamientoe’ u k’áax u kon le k’áaxo’.
Ichil máaxo’ob unaj u ts’a’abal u yotoche’, ti’ yaan ko’olel yaan u paalal yéetel tu juunal ku líik’siko’ob, ko’olel kimen u yíicham, máax ti’ yaan díiskapasidad, máax ti’ mina’an mix ba’al, ichil uláak’o’ob.  
Ba’ax táan u k’áata’ale’, leti’ u béeytal u yúuchul tsikbal ti’al u yila’al ba’ax u béeytal u beeta’al yóok’lal le je’ela’, tu ya’alaj.  
Yéetel tak pool beeta’abe’, k’uba’ab xan jejeláas ju’uno’ob ti’al u ye’esa’al le ba’a xku yúuchula’, ts’o’okole’ táan u kaxta’al ka béeyak u yúuchul tsikbal, tumen chéen beyo’ yaan u béeytal u yáanta’al máaxo’ob k’a’abéet ti’ob k’áax ti’al u beeta’al u yotocho’obi’, yéetel ti’al ka xu’ulsa’ak loobilaj yéetel péech’óol ku beetik xjo’olpóop.
"
"Kíim Guadalupe Rivera Marín, u paalil Diego ",17/01/2023,"Xts’íib, áabogadáa, máax tu beetaj xan u séenadorail yéetel xpéeks miatsil, Guadalupe Rivera Marín, u paalil jmexikoil boone’ yanchaj yéetel xmodelóo Guadalupe Marín Preciadoe’, kíim le lunes máanika’, ka’alikil 98 u ja’abil, beey a’alab tumen u baatsil. Muuke’ beeta’ab tu kúuchil J. García López, Casa Pedregal. 
"
P’iitsilo’ob jets’a’ab ikil táan u máan u k’oja’anil kaaxe’ chéen tu lu’umil Yucatán ma’ luk’sa’aki’ ,18/01/2023,"U mola’ayil Secretaría de Agricultura y Desarrollo Rural tu ts’áaj k’ajóoltbil le martesa’, tu jo’oloj beeta’ak 916 u p’éel xaak’alo’ob beeta’ab tumen u Técnicosil Servicio Nacional de Sanidad, Inocuidad y Calidad Agroalimentaria (Senasica), walkila’ mina’an u yik’el AH5N1 (se’en ku tsa’ayal ti’ kaax) tu péetlu’umil Sonora; ba’ale’, tu lu’umil Yucatáne’ láayli’ u chíimpolta’al p’iisilo’ob ti’al u kaláanta’al kaaj.Yéetel xaak’alo’ob beeta’abe’, ila’abe’ tu 17 u p’éel u méek’tankaajilo’ob Sonorae’ mola’ab 18 mil 200 muuestraso’ob ti’al u béeytal u je’ets’el te’e péetlu’umo’ mina’an le k’oja’anila’, tumen ts’o’ok u máan le jaats k’iino’ob, jets’a’ab najmal u máan ti’al u yila’al mina’an mixba’al ti’ le kaaxo’obo’. tumen káaj le 3 ti’ noviembre máaniko’.
"
Tu kaajil Tulume’ líik’sa’ab 300 u p’éel túumben kúuchilo’ob te’e 2023a’ ti’al jejeláas meyajo’ob ,18/01/2023,"Ti’al le ja’aabil 2023 ku yáalkaba’, tu kaajil Tulume’ yaan u yantal kex 300 túumben kúuchilo’ob beeta’an, u ya’abile’, ti’al u majáanta’al wa ti’al u ts’a’abal kúuchilo’ob koonol, beey tu ya’alaj Luis Francisco Reyna Gómez, máax túumben ts’a’aban u jo’olbes u múuch’kabil Asociación Mexicana de Profesionales Inmobiliarios (AMPI) tu baantail Tulum.Tu tsikbaltaj walkila’ te’e kaajo’ yaan uláak’ kúuchilo’ob táan u líik’sa’alo’ob, yéetel táan u ts’aatáanta’al u séeb k’u’ubulo’ob yéetel ka ko’onoko’ob.“Táan k a’alike’, walkila’ maanal 300 u p’éel kúuchilo’ob táan u beeta’al, yéetel táan u bin u k’ublajalo’ob.”, tu tsikbaltaj.
Reyna Gómeze’ tu ya’alaje’ meyaj ku beeta’al ti’al u líik’sa’al kúuchilo’ob tu kaajil Tulume’ táan u k’éexel ba’al, le beetike’ táan u páa’tal ka xíimbalnak ba’al je’el bix tak walkila’, ti’al le ja’abil 2023 táan u yáalkaba’.“Míin lalaj ja’ab jela’an ba’ax ku yúuchul tu kaajil Tulum, ts’o’okole’ to’on kmeyaj ichil u jaatsil íinmobiliaaryae’ táan k-ilik táan u k’éexel ba’al yéetel táan xan u taal túumben ba’al. Le beetike’ ktukultike’ óoli’ beey kéen úuchuk ba’al te’e ja’aba’”, tu ya’alaj.Beyxan tu ya’alaje’ yaan u yantal u xak’altiko’ob ba’ax ku yúuchul yéetel máaxo’ob ku ts’áak taak’in ti’al u líik’sa’al le kúuchilo’ob tu kaajil Tulum, ti’al xan ka ila’ak wa yaan u yantal uláak’ túumben máako’ob kun ts’áak taak’in ti’al uláak’ meyajo’ob.Reyna Gómeze’ tu ya’alaje’, te’e ja’abil 2023a’ yaan ya’abach ba’alob je’el u yúuchule’ ti’al ka yanak u muuk’ le jaats meyaja’. Beyxan tu ch’a’achibtaj utsil ba’ax kun taal yéetel Tren Maya, beyxan yéetel túumben áaeropuerto.
"
Arkeeologo’obe’ tu ye’eso’ob túumben ba’alo’ob na’ata’ab ti’ úuchben maaya kaaj ,18/01/2023,"Jump’éel ba’ax túumben na’atanil ti’ u yúuchben kaajil La Cuenca Mirador Calakmul, leti’e’ bejo’ob nuupul yéetel uláak’o’ob, ts’o’okole’ ts’a’aban xan u nu’ukil u ya’alal tu’ux ku náakal ts’o’okole’ bona’an tak yéetel ta’an; ku p’isik kex 40 meetros u kóochil yéetel kex 177 u chowakil, beey a’alab tumen ajxak’al máako’ob.
"
Tu k’askúunta’al u k’áaxilo’ob Yucatán ikil u pa’ak’al jump’éelili’ ba’al te’e lu’umo’obo’: GCF,19/01/2023,"U pa’ak’al sooyáa, ichil uláak’ jump’éelili’ ba’al ku seen pa’ak’ale’, beyxan u seen ya’abtal kúuchilo’ob ku beeta’al yéetel u k’e’exel ba’ax ti’al ku k’a’abéetkunsa’al lu’ume’, chéen jayp’éel ti’ le ba’axo’ob asab k’askúuntik u k’áaxilo’ob Yucatán, beey úuchik u ya’alik Silvia Llamas Prado, máax jo’olbesik meyaj ichil u múuch’il Grupo de Trabajo de Gobernadores sobre Clima y Bosques (GCF, yóok’lal bix u k’aaba’ ich inglés t’aan) Task Force México.
Leti’e’ ku ya’alike’, noj lu’ume’ unaj u kaxtik ka pa’ak’ak jejeláas ba’alo’ob yéetel ka yanak uláak’ bix u náajalta’al taak’in tumen kaaj; ma’ unaj u meyajta’al chéen jump’éelili’ ba’al ka u k’askúunt u k’áaxil yéetel u lu’umil le petenila’.
Beyxan unaj u ch’a’ajolta’al u jeel bix u yúuchul meyaj ti’al u paak’al máak. Unaj u k’e’exel bix u meyajta’al lu’um: u nu’ukta’al bix u k’a’abéetkunsa’al ba’ax yaan te’e yóok’ol kaaba’, yéetel u xóot’ol u beel ik’elo’ob yéetel k’oja’ano’ob.
GCFe’ jump’éel mola’ay much’ik 39 u p’éel péetlu’umo’ob yéetel kaajo’ob ku meyajo’ob ti’al u kaláanta’al k’áaxo’ob, beyxan ku kaxtiko’ob ka ch’éenek u seen ch’a’akal che’ yéetel u k’askúunta’al che’ob, uláak’ ba’ale’, leti’ xan u nu’uktal uláak’ bix u náajal kaaj, chéen ba’axe’ tu’ux ka táanilkúunsa’ak k’áax.
Ichil ba’ax tu ts’áaj k’ajóoltbil Global Foreste Watch (GFW), lik’ul u ja’abil 2002 tak tu ja’abil 2021e’, u péetlu’umil Yucatáne’ tu pe’ertaj 4.39 u miiles ektareasil k’áax k’ajóolta’an beey bosque primario húmedo, ts’o’okole’ le je’ela’ ku chíikbesik u 0.95 por siientoil ti’ tuláakal le yano’.
Llamas Prado tu ya’alaje’, kex tumen ts’o’ok u yila’al yaan “utsil ba’al” táan u beeta’al ti’al u xu’ulsa’al u seen ch’a’akal che’obe’, láayli’ mix ba’al u beeta’al wa chéen jump’éelili’ ba’ax ku pa’ak’al je’el bix sooyáa, tumen lelo’ ku jach loobiltik k’áax.
Uláka’ ba’ax tu ya’alaje’, le je’ela’ yaan ba’al u yil yéetel beyka’aj ba’al ku k’áata’al tumen máaxo’ob manik, le beetik péetlu’ume’ unaj u ts’áak uláak’ jejeláas ba’alo’ob ti’al kaaj, ti’al u yantal uláak’ bix u yúuchul náajal.
"
Tu lu’umil Yucatáne’ ki’imak óolta’ab úuchik u táakbesa’al ich a’almajt’aan Ley 3 de 3 tu táan SCJN,19/01/2023,"Tu jo’oloj chíimpolta’ak tumen Suprema Corte de Justicia de la Nación (SCJN) u a’almajt’aanil Ley 3 de 3, ichil kóonstitusyoon, ti’al u xu’ulsa’al loobilaj tu péetlu’umil Yucatáne’, xféeministaobe’ ku ya’aliko’ob k’a’anan u kaláanta’al ka chíimpolta’ak je’el bix unaje’. U béeytal le je’ela’ úuch tumen Comisión Nacional de Derechos Humanos (CNDH), tu péektsiltaj Acción de Inconstitucionalidad. María Eugenia Núñez Zapata, máax chíikbesik Agenda de las Mujeres por la Igualdad Sustantiva en Yucatán (Amisy), tu ya’alaje’ ka’aj ojéelta’ab, tumen máaxo’ob táaka’an te’e múuch’kabilo’, ba’ax ku tukulta’al kun beetbil tumen CNDHe’, tu alab óoltajo’ob SCJN tumen tu tukultajo’ob je’el u béeytal u beetik wa ba’ax ti’al u yutsil paalal yéetel ko’ol, ba’ale’ óol je’alan p’áatik ba’al. 
"
Sa’at juntúul máasewal áabogadóo yéetel juntúul u aj-jo’olbesajil kaaj,19/01/2023,"Ricardo Arturo Lagunes Gasca yéetel Antonio Díaz Valenciae’ jsa’ato’ob le 15 ti’ enero máanika’, ka’alikil táan ka’ach u suuto’ob ti’ jump’éel áasamblea yanchaj tu nahua kaajil Aquila; beey úuchik u tak pool u láak’o’ob yéetel máaxo’ob táaka’ano’ob ti’ múuch’kabilo’ob kaláantik ka chíimpolta’ak u páajtalilo’ob wíinik. Káamioneta tu’ux ku máano’ob ka’ache’ kaxta’abij ba’ale’ chíika’an ts’o’ots’ona’abij. 
"
Kaanpechilo’ob yéetel Cancunilo’obe’ leti’e’ máaxo’ob asab sajak u kuxtalo’ob tu kaajalo’obi’ ,20/01/2023,"Ichil ba’ax chíikpaj Encuesta Nacional de Seguridad Urbana (ENSU) meyajta’ab tumen Instituto Nacional de Estadística y Geografía (Inegi), tu ts’ook óoxp’éel winalo’ob ti’ u ja’abil 2022e’, noj kaajo’ob tu’ux asab piimchaj u saajkil kaaj ti’al u kajtale’ letie’ yano’ob Kaanpech yéetel Cancún, tu ka’ap’éelile’ tu Petenil Yucatán. U 66 yéetel u 82 por siientoil u kajnáalo’obe’ sajak kuxliko’ob te’elo’. Ba’ale’ ma’ beey u chíikpajal ba’al tu noj kaajil Jo’, tumen láayli’ u pakta’al beey le kaaj tu’ux mina’an sajbe’entsil ichil le Petenilo’, tumen chéen 29 por siiento u kajnáalilo’ob ku yu’ubiko’ob saajkil.
Ichil ba’ax chíikpaj ti’ u xookil sajbe’entsil ENSUe’, Kaanpeche’ jump’éel ti’ le kaajo’ob tu’ux piimchaj le saajkilo’, tumen tu yóoxp’éel trimeestreil u ja’abil 2022e’ 42 por siientoil kaaj ku yu’ubik saajkil, ba’ale’ ti’al u ts’ook óoxp’éele’ jna’ak 66 por siientoil.
Ti’al le xookila’ ku ch’a’anukta’al le jaytúul máak kíinsa’ab ti’ le péetlu’umilo’, ba’ale’ te’e noj kaajo’ ti’ chíikpaj u ya’abil le kiinsaj úucho’. Ka’ache’ le je’elo’ ku yu’ubal ti’ kaajo’ob je’el bix Candelaria, Escárcega, Palizada, Calakmul yéetel Carmen. Beey túuno’ Carmene’, láayli’ xan chíikpaj te’e xookilo’, ba’ale’ leti’e’ uts úuchik u jóok’ol, tumen ti’ 63 por siientoil yaan ka’ache’, éem tak 59.
U noj kaajil Cancúne’, le ku jach xíimbalta’al tumen uláak’ táanxel kajil máako’obe’, ku ch’a’abal tumen ya’abach ti’ leti’ob ti’al u p’áatalo’ob kajtali’. Ichil u xookil ENSUe’ a’alabe’, le noj kaaja’, ti’ yaan ka’ach u xookil 77.5 por siientoil, ba’ale’ k’uch tak 82 ti’ máaxo’ob ku yu’ubiko’ob saajkil. Beey túuno’, ichil uláak’ u kaajilo’ob Quintana Rooe’, chíikpaj xan Chetumal, ba’ale’ leti’e’ úutchaji, tumen ti’ le 60.5 por siientoil kaaj sajak u yu’ubik kuxlik te’elo’, éem tak 53.3. 
Ichil ba’ax uláak’ ku chíikpajal te’e xookilo’, kaajo’ob tu’ux asab ya’ab u yu’ubik saajkil máake’ leti’ le je’elo’oba’: Fresnillo, Zacatecas, Irapuato, Naucalpan de Juárez, Ecatepec de Morelos yéetel Ciudad Obregón. Ba’ale’ tu kúulpachile’, le kaajo’ob jach ma’ sajak mix sajbe’entsil u yu’ubik yanik máake’ leti’ le je’elo’oba’: San Pedro Garza García, Los Mochis, Benito Juárez, Los Cabos, Tampico yéetel Cuajimalpa de Morelos: te’elo’ u xookile’ k’ucha’an 8.1, 15.0, 19.4, 20.9, 22.1 yéetel 22.3, yóok’lal bix tsola’ailo’ob. 
"
U yáal lu’um tu’ux yaan ja’ tu lu’umil Yucatáne’ séeba’an je’el u k’askúunta’ale’; unaj u kanik máak u kaláantej,20/01/2023,"Te’e k’iino’oba’ beeta’ab jump’éel múuch’tambal tu péetlu’umil Yucatán, tu’ux tsikbalta’ab jejeláas ba’alob yóok’lal u k’a’ananil u kaambal kaaj ti’ ba’alob yaan ba’al u yil yéetel u kaláanta’al yóok’ol kaab, ts’o’okole’ a’alab xan ba’axten k’a’anan u kaláanta’al u yáamil lu’um tu’ux yaan u ch’e’enilo’ob ja’ le petenila’ tumen jach ma’ talam u k’askúunta’ali’.
Roger Méndez Novelo, máax jach kaambanaja’an yóok’lal iidraulikáa beyxan yóok’lal ba’ax unaj u beeta’al yéetel ja’ ts’o’ok u k’a’abéetkunsa’al tumen wíinik, tumen u yáalal le lu’um tu’ux yaan u ch’e’enilo’ob ja’ Yucatáne’ jach séeba’an je’el u k’askúunta’ale’, tumen je’el ba’axak ka yanak lu’ume’ séeba’an u píitmáansik kéen k’áaxak ja’.
Ku tukultike’ k’a’anan u na’atik kaaj ba’axten unaj u kaláanta’al u yáalal le lu’uma’, yéetel u yojéeltik bix u meyaj ti’al ma’ u beeta’al ba’ax beetik u k’astal. Leti’e’ tu ya’alaje’ jump’éel ba’ax séeba’an u k’askúuntike’ leti’e’ tu’ ja’ ku jóok’sa’al te’e najo’obo’, beyxan le ja’ ku jóoksa’al tumen le graanjas tu’ux ku tséenta’al k’éek’eno’ob yéetel ba’ax ku jóok’sa’al reeyeno sáanitario.
Uláak’ talame’ leti’ u seen meyajta’al lu’um mina’an u p’iisil, yóok’lal áagrokiimikos ku k’a’abéetkunsa’al, beey tu tsikbaltaj María del Carmen Ponce Caballero, máax jach kaambanaja’an yóok’lal lu’um. 
Wa ka tukulta’ake’ pláaguisiidaobe’ ma’ chéen u ch’e’enilo’ob ja’ ku k’askúuntik, tumen láayli’ xan u toj óolal wíinik ku loobiltik; Ponce Caballeroe’ tu ya’alaje’ le je’ela’ je’el u chan ch’éenel wa ka kaxta’ak u nu’ukil u meyajta’al lu’um, beyxan u kanik máak bix u k’a’abéetkunsik ba’ax yaan yóok’ol kaab yéetel ka péeknak u meyajt poliitikáas ti’al u kaláanta’al u meyaj kolnáalo’ob.
Beey túuno’ Germán Giácoman Vallejos, íinjeeniero ambientale’, tu ya’alaje’ uláak’ ba’ax je’el u páajtal u beeta’ale’ leti’ u ch’éenel u seen jaanta’al bak’, tumen u tséenta’al u ba’alche’il ti’al u jóok’sa’ale’ jach ya’ab u loobiltik lu’um. Le beetik ku tukultike’ unaj u kanik máak u nu’ukt bix u k’a’abéetkunsik ja’.
"
Sedosa Quetzal Péepen,20/01/2023,"U sientiifikoil k’aaba’ le péepena’ Evenus regalis. Óol talam u yojéelta’al ba’al yóok’lal tumen ma’ tu jach cha’ak u yila’al; suuk u t’úuchul tu jach ka’analil che’ob, le beetike’ ya’abach ba’al táan u binetik u xak’alta’al yóok’lal. U ch’i’ibale’ ti’ u ch’a’amaj ti’ u baatsil Lycaenidae.
Le péepena’ kaja’an tu noojolil México, u ya’abile’ ku yantal tu noojol-lak’inil, ts’o’okole’ k’ucha’an tak Amazonas; suuka’an u yila’al tu’ux chokoj u yooxol. Tu péetlu’umil Quintana Rooe’ yaan ts’o’ok u yila’al tak le 15 ti’ enero máanika’, tu petenil Cozumel, tu’ux béeychaj u ta’akal tumen jbioologóo Rafael Chacón Díaz, máax jo’olbesik Conservación y Educación Ambiental (CEA).
Beey ts’o’ok u yojéelta’al yaan ku máan xik’náal Quintana Rooe’ kpáa’tik ka yanak uláak’ máako’ob ka u ts’áaj u yóolo’ob ti’al u máansik u yich ti’al u yilko’ob, tumen ba’alche’ob je’el bix le je’ela’, k’a’anantako’ob ti’al kuxtal yaan yóok’ol kaab.
Walkila’, ya’abach ba’al táan u binetik u yojéelta’al yóok’lal u kuxtal le péepena’ tu lu’umil Caribe, le beetike’ ma’ ojéela’an wa ku ye’el Cozumel, wa yaanal tu’ux ku beetik yéetel chéen k’áatmáan ku beetik tu Petenil Yucatán. 
"
U múuch’kabil Asociación Petanquerae’ tu kaxtik ka chíimpolta’ak le báaxala’ tu lu’umil Yucatán,23/01/2023,"Tu ja’abil 2015e’, Geneviéve Lacheze luk’ tu noojolil Francia ti’al u kóojol tu kaajil Jo’. Ichil u nu’ukule’ tu taasaj u boolasil u báaxta’al petanca, ba’ale’ mix juntéen tu tukultaj wa tumen jach uts tu yiche’ yaan u beetik u k’ajóolta’al te’e baantao’, ts’o’okole’ walkila’ táan tak u kaxta’al ka chíimpolta’ak beey óofisyal tu lu’umil Yucatán.U múuch’kabil Asociación Petanquera de Yucatán “La Méridienne” káaj u meyaj láayli’ te’e ja’abo’, ts’o’okole’ walkila’ “kex tumen káaj chéen beey báaxal ti’al náaysaj óole’, jujump’íitil úuchik u mu’uk’anchajal beey deportée”, tu ya’alaj Silvia Sosa Castillo, máax táaka’an ichil le múuch’kabilo’.Le beetike’, walkila’ ts’o’ok u xan u káajal u yila’al ti’ u bejilo’ob kaaj. “Kéen xíimbalnako’one’ tu bin k-ilik ba’ax yaan, tu bin k-ilik tu’ux je’el u béeytal kch’iin yéetel kbáaxal. Táan k kaxtik ka chíimpolta’ak petanca beey deportée oofisyal tu lu’umil México yéetel ka báaxta’ak je’ex bix káajiko’, tu jáalk’abil k’áax”. 
“Káajo’on yéetel Geneviéve Lacheze, máax patjo’olt yéetel káajs le múuch’a’. Ka’aj taale’ tu taasaj u nu’ukulil k’a’abéet ti’al u béeytal u báaxtik petanca. Jump’éel k’iine’ tu tmuch’akbáaj ti’al ktsikbaltik jejeláas ba’alob yóok’lal miatsil; te’elo’ jóok’sa’ab u boolasil u báaxta’al petanca, ka t-ilaje’ óoli’ je’ex káanikae’. Ti’ utchaj tak ich”, tu tsikbaltaj Silvia Sosa. 
U múuch’kabil “La Méridienne” káaj u much’ikubaj láalaj p’isk’iin ti’al báaxal. Tu jo’oloj ka tu yojéelto’ob yaan tak u féederasyonesil le báaxala’. Petancae’ suuka’an u báaxta’al; tuláakal máax báaxtik ti’ kaaj. Ma’ jump’éel báaxal chéen ti’al jaytúulo’obi’, tumen yaan u tuukulile’ tumen Europa siijile’ ma’ tuláakal máak báaxtiki’, ba’ale’ ma’ beyi’”, tu ya’alaj.
Le beetik túune’, Sosa Castillo tu tiskbaltaje’ u múuch’kabil Asociación Petanquera de Yucatán táan u kaxtik ka yanak kúuchilo’ob ti’al u báaxta’al petanca ti’ déeportibóos yéetel k’íiwiko’ob. Uláak’ ba’al ku kaxta’al te’e ja’aba’, leti’ u fóormalisarta’al u báaxta’al Salvador Alvarado.
"
"Xomeli, mola’ay tu’ux ku meyaj maaya ko’olel ti’al u ko’onol kaab tu kaajil Tulum",23/01/2023,"Tu múuch’kabil Xomeli, Colmena de Mujeres, jeets’el tu kaajil Tulume’, ku meyajtik u chukwa’il kakaw yéetel u kaabil xúunan kaab, yéetel ku túuxtik konbil tak uláak’ u péetlu’umilo’ob México yéetel táanxel kaajo’ob.
Natalia Careaga Zárate, máax jo’olbesik u múuch’kabil Xomeli, tu tsolaj múuch’e’ tu káajsaj yéetel Filomena Puc beyxan Apolonia Dzib (t’ u kaajil Sacamucuy), je’el bix xan yéetel Luz Mendoza Estrada yéetel Kiauitl Ketzalli. Káajo’obt u winalil julio dti’ u ja’abil 2022, úuchik u yilko’ob u k’a’ananil u kaxtik meyaj u ti’alo’ob, tu’ux ka yanak u náajalo’ob xan.Tu tsikbaltaje’, jo’op’éel ja’abo’ob paachile’ tu k’ajóoltaj jaytúul u kabnáalilo’ob Cobá, San Juan de Dios, Chanchen Palmar, Hondzonot, Sacamucuy yéetel uláak’ u kaajilo’ob le baantao’, tu’ux tu yilaje’ yaan ya’abach baatsilo’ob meyajtik kaab, ts’o’okole’ táanili’ u meyajta’ali’, yaan u nu’ukulil yéetel u yik’el kaab, chéen ba’axe’ ka’aj máan k’iine’ p’áate’ ma’ tu béeytal u jach koonolo’ob je’el bix ka’ache’.
“JP’áat jach ya’ab kaab u liik’smajo’ob, ts’o’okole’ jaytúul ti’ le kabnáalo’obo’ ch’éen u pak’iko’ob u yik’el kaabo’ob, tumen ma’ yanchaj máax manik u kaabili’, le beetike’ úuchik k ilik u k’a’abéetil k kaxtik ba’ax k meyajte’, yanchaj u múuch’kabil Xomeli, tu’ux t kanaj k xa’ak’t u kaabil xúunan kaab yéetel kakaw”, tu tsolaj.Tu ya’alaje’ walkila’, ts’o’ok u yantal u muuk’o’ob, táan u kaniko’ob náajal yéetel múul meyaj, tumen káaj u koonolo’ob tu winalil agosto ti’ u ja’abil 2022, ka’aj yanchaj u páajtalil u táakpajalo’ob tu cha’anil Festival Del Cacao para Todos, tu kúuchil Museo de Anahuacalli, tu noj kaajil Ciudad de México, jump’éel ti’ le asb k’a’anan yaan i’ le noj lu’uma’.“Yanchajto’on u páajtalil k ts’áak k’ajóoltbil k meyaj, u meyaj le múuch’a’, kabnáalo’ob yéetel u meyaj máaxo’ob beetik kakaw yaan tu k’áaxil Montes Azules yéetel Soconusco, ti’ u péetlu’umil Chiapas. Béeychaj k-ila’al, ts’o’okole’ lelo’ tu ts’áaj u páajtalil u káajal k koonol ti’ uláak’ lu’umo’ob je’el bix Los Ángeles, Europa yéetel Sudamérica”, tu tsolaj Careaga Zárate.
Uláak’ ba’ax tu ya’alaje’, u tuukulile’ leti’ u béeytal u much’iko’ob taak’in yéetel le beyka’aj kaab yaan ti’ob walkila’, ts’o’okole’ jujump’íitil u bin u mu’uk’anchajal koonol ku beetik baatsilo’ob meyajtik kaab tu maaya kaajilo’ob Tulum.
"
EUe’ tu k’a’aytaj sajbe’entsil yóok'lal xwo’okin yaan ichil taxistaob yéetel Uber tu kaajil Cancún,24/01/2023,"U jala’achil u noj lu’umil Estados Unidose’ tu k’a’aytaj le lunes máanika’, kajnáalo’obe’ sajbe’entsil yaniko’ob yóok’lal le jejeláas xwo’okino’ob táan u yantal te’e ts’ook k’iino’oba’ ichil taxistaob yéetel máaxo’ob k’a’abéetkunsik Uber, tu’ux ila’ane’ yaan ajxíinixmbalo’ob táaka’ani’.“Yóok’lal le ts’ook ba’alo’ob ucha’an, tu’ux táakpaj taxistas yéetel máaxo’ob ku meyaj Uber tu péetlu’umil Quintana Roo, ku k’a’ajsa’al ti’ estadunidenseilo’obe’ yaan áantaj ku ts’a’abal tumen Travel.State.gov, le je’ela’ u ti’al u nu’uktal bix unaj u k’a’abéetkunsa’al u jejeláasil meyajo’ob tráasnportée yaan te’e lu’umo’, je’el bix jets’a’an u meyaj tu lu’umil México”, ku béeytal u xo’okol ti’ k’a’aytajil ts’íib yaan tu paajinail https://mx.usembassy.gov/security-alert-quintana-roo/.Beey túuno’, ku k’a’ajsa’al ti’ estadunidenseilo’obe’ kex tumen yaan áaplikasyonesil je’el bix Uber yéetel Cabify ts’a’aban ti’al u k’a’abéetkunsa’al ti’ jejeláas u kaajilo’ob Méxicoe’, yéetel suuka’ane’ uts ti’al u meyaj ti’ kaaj tumen ma’ sajbe’entsil ti’ kaaji’, walkila’ táan k-ilike’ yaan kaajo’ob je’el bix ti’ Cancúne’ tu’ux ma’ beey yúuchul ba’ali’. 
“Ts’o’ok u yantal máaxo’ob beetik tak pool yóok’ol Uber yéetel uláak’ máako’ob ku meyajo’ob ti’ taxis, tumen yanili’ xwo’okin ba’al ichil máaxo’ob ku meyajtiko’ob le ba’alo’ob beey te’e kaajo’, le beetike’ yaan k’iine’ ku yantal tak loobilajil, ts’o’okole’ le je’elo’ ku chíibesik xan loobilaj ku yantal yóok’ol estadunidenseilo’ob”, a’alab ti’ sajbe’entsil jóok’sa’ab le 23 ti’ eneroa’.U jala’achil u noj lu’umil Estados Unidose’ tu páayt’antaj u yéet kaajilo’obe’ ka u xak’alto’ob mantats’ u ts’íibil Avisos de Viaje para México (https://usdos.sharepoint.com/sites/knowledgeportal/pages/home.aspx), ti’al u yila’al ba’ax jets’a’an ti’al u kaláanta’al máak, beyxan ti’al u kanik u yil máak bix unaj yanik ba’ax bak’pachtik máak yéetel ma’ u p’áat sajbe’entsil mix tu’ux ka máanaki’; ku ya’alal xane’ ka’a’béet u t’aan máak ti’ 911 wa ku k’a’abéetchajal u xchukul áanta’al máak.“Yóok’lal ba’ax ts’o’ok u yúuchul te’e ts’o’ok k’iino’oba’, k’a’abéet u k’a’ajsik máake’ je’el tu’uxak ka xi’ik máak xíinximbale’ yaan xan u sajbe’entsil. Xwo’okino’ob, u kíinsa’al máak, u yokolta’al máak, ichil uláak’ ba’alo’obe’, jach suuka’an u yila’al tu lu’umil México”, ku xo’okol ti’ estadunidenseil ts’íib.
"
Jets’a’ab Reserva de la Biosfera de Calakmule’ yaan u súutul u mu’uk’an óolil le kóontinentea’,24/01/2023,"Úuchik u táakbesa’al u k’áaxilo’ob Balam Kiin yéetel Balam Ku, yano’ob tu méek’tankaajil Calakmul ichil Reserva de la Biosfera de Calakmul, táan u je’ets’ele’ ti’ béeytal u ch’a’ak utsil iik’ le kóontineneteo’ yéetel ma’ xaan wa ti’ kun p’áatal tu paach Amazonas, beey jts’a’ab k’ajóoltbil ti’ tse’ek beeta’ab, le lunes máanika’, tumen u jala’achil México, Andrés Manuel López Obrador, yéetel tumen u xjala’achil Kaanpech, Layda Sansores San Román, ka’aj tsikbalnajo’ob yóok’lal Tren Maya; beyxan tu ch’a’achibtajo’ob u k’a’ananil u kaláanta’al yóok’ol kaab, yéetel u táakmuk’ta’al meyajo’ob ti’al u náajalta’al taak’in tu nojol-lak’inil México.Ts’o’okili’ u yantal u yóol u jala’achil México le ja’ab máaniko’, ti’al u nojochkíinsa’al u k’áaxil Reserva de la Biosfera, úuchik u ma’anal le ka’ap’éel éejido’obo’, tumen beey jts’a’ab k’ajóoltbil tumen calakmulil jo’olpóop Luis Alvarado Moo, ts’o’okole’ walkila’, yéetel u k’áaxil Rey Jaguar -Balam Kiin- yéetel Templo del Jaguar -Balam Ku- jets’a’ab tumen AMLO yéetel Sansores San Románe’ u mu’uk’ankúunsa’al u k’áaxil le baantaila’. 
Ts’o’okole’, kex ma’ ch’a’achibta’ab ti’ le tse’ekilo’, ojéela’an kéen ts’o’oksa’ak u meyajta’al Reserva de la Biosfera, yaan u beeta’al Parque Nacional, tu’ux yaan u ts’a’abal u jeel ba’alo’ob ti’al u kaláanta’al le k’áaxo’.
Xjala’ach Layda Sansores San Románe’ tu ya’alaj óol chi’ichnak yóok’lal bix táan u kaláanta’al jaytúul ba’alche’ob, je’el bix soots’o’ob, yéetel le ba’ax yaan Calakmul k’ajóolta’an beey Cráter de Murciélagos. San Románe’ tu ya’alaje’ “yaan k kaláantik soots’o’ob, ba’ale’ najmal xan kts’aatáantik jump’éel ti’ le óotsil kaajo’ob yaan te’e péetlu’uma’”.Tu tsikbaltaje’, tu jo’oloj 30 ja’abo’obe’, ma’ yanak ka’ach mix máak óotik u ts’áak taak’in ti’al u meyajta’al u noojol-lak’inil México, ba’ale’ tu’ux xan ka táanilkunsa’ak u kaláanta’al yóok’ol kaab, u loolilo’ob yéetel u ba’alche’ilo’ob Kaanpech, tumen le je’ela’ ma’ jump’éel ba’al najmal u chi’ichnakkúunsik aktibistaob, u jaajile’ unaj u táakpajalo’ob ti’al u beeta’al uláak’ meyajo’ob.  
Beey túuno’, ma’ táan u tukulta’al u k’éexel u k’iinil u káajal u meyaj Tren Maya. Le beetike’, u jala’achil México, Andrés Manuel López Obradore’, tu ya’alaje’ láayli’ u alab óoltik u káajal u meyaj ti’al u ts’o’okbal le ja’ab yaniko’ona’, tumen úuchik u máan u xíimbalt le meyajo’ob táan u beeta’al yóok’lale’, tu yilaje’ jach u ch’a’amaj bej yéetel je’el u ts’o’okol je’el bix tukulta’ano’.
"
Jkíim Polo Polo,24/01/2023,"Jmexikoil beet che’ej, máax jach k’ajóolta’ab tumen tu kanaj u náays u yóol máak yéetel u t’aant’an poole’, jsa’at u kuxtal le lunes máanika’; 78 u ja’abil ka’achij yéetel ojéela’an ti’ yaan ka’ach tu yotoch, tumen beey a’alabik tumen u láak’tsilo’ob.
"
Ts’o’ok 48 ja’abo’ob u jets’ u muuk’il u t’aan u taxistailo’ob Cancún; tak walkila’ mina’an mix máak ketik meyaj ti’ob,25/01/2023,"Walkila’, ts’o’ok u máan 48 ja’abo’ob káajak u meyaj u múuch’kabil taxistas Andrés Quintana Roo, tu méek’tankaajil Benito Juárez; yanchaj óoli’ ka’aj síij u kaajil Cancún, ts’o’okole’ chéen leti’e’ ku meyaj te’e noj kaaja’, le beetik ya’abach máake’ ku tukultike’ k’ala’an joolnaj ti’al u yokol u jeel máako’ob meyaji’, tumen mina’an máax ketik ti’ob, ti’al xan ka ma’alobchajak le jaats meyaja’.
Ichil u ts’ook xookilo’ob beeta’ab tumen múuch’kabile’, a’alabe’ yaan lax mil 600 u p’éel u kóonsesyoonesil taxi ts’a’abal, ba’ale’ le je’ela’ meyajta’an kex tumen 12 mil ajmeyajo’obi’. Le je’ela’ ku yúuchul tumen ya’abach plaakase’ ku k’a’abéetkunsa’al tak ka’ap’éel tuurnóo, tumen u máakilo’obe’ ku meyajtiko’ob 12 oorasil meyaj, ba’ale’ kéen ts’o’okoke’ ku k’ubiko’ob u kis buuts’il yéetel u plaakail ti’ uláak’ juntúul wa máax, ti’al beyo’ “u meyajta’al” le plaakao’ tak 24 ooráas.
Je’el bix ts’o’ok u máan ja’abo’obe’, taxiistao’obe’ mu’uk’a’an u chíikpajalo’ob tu táan kaaj, ba’ale’ beyxan ichil poliitikáa, le beetike’ ku yila’al xan u máano’ob ti’ miitino’ob yéetel káampañas. Ba’ale’ beyxan, je’el bix ts’o’ok u máan k’iine’, beyxan ts’o’ok u ya’abtal kajnáalo’ob a’alike’ ma’ uts u meyajo’obi’: u kis buuts’ilo’obe’ jach k’aastako’ob, k’aas u moodos u máakil biinsiko’ob, ku péech’óolalo’ob, jach ko’oj u meyajo’ob, yéetel yaan tak máax óoksik saajkil ti’ wíinik, ichil uláak’ ba’alo’ob. 
Ya’abach ti’ le taxistaobo’ ku jach ko’ojkíinsiko’ob u meyaj ti’ le beyka’aj ku ye’esa’al k’a’abéet u tojoltiko’, tumen a’alane’ tu’ux ma’ jach táaj náache’ chéen 38 pesos u tojol, ba’ale’ u ya’abile’ ku k’áatiko’ob ichil 45 tak 50 pesos. Ts’o’okole’ u tojol le je’ela’, ma’ péeknak lik’ul u ja’abil 2018.
Ti’ le 48 ja’abo’ob káajak u meyaj múuch’kabile’ mix juntéen yanak u jeel máaxo’ob ketik ti’ob le meyajo’, le beetike’, ba’ax éejenta’ab le 11 ti’ enero máanik, ti’ le ja’ab yaniko’ona’, tu’ux ku ya’alal ku béeytal u káajal u meyaj pláatafoormas díijitales tu péetlu’umil Quintana Rooe’ ma’ uts lúubik ti’obi’. Le beetik túune’, taxistaobe’ ts’o’ok u ye’esik ma’ ki’imak u yóolo’ob yéeteli’, le beetik ku k’atiko’ob u beel máax, wa ku yoksiko’ob saajkil ti’ uláak’o’ob máax ku meyajo’ob ti’ Uber (le jaaj cha’aban u meyaj Cancún tak walkila’), yéetel ku k’aliko’ob tak bejo’ob ti’al ma’ u máan mixmáaki’, je’el bix úuch le 23 ti’ enero máanika’, ka’aj k’ala’ab bej ku k’uchul tak te’e otelo’obo’.
"
Walkila’ ts’o’ok u chúunsa’al u meyajilo’ob Ie-tram; yaan u yila’al ka núupuk u káajal Jo’ yéetel Kanasín beyxan Umán,25/01/2023,"Jo’oljeake’ káaj u meyajilo’ob ti’al u líik’sa’al Ie-tram, le je’ela’ jump’éel bej yaan u meyaj jach chéen yéetel elektrikóo muuk’il; le je’ela’ leti’e’ yáax kun beetbil je’el bix le je’elo’ ichil u noojl-lak’nil México. Le je’ela’ yaan u nupik u méek’tankaajil Kanasín yéetel Umán tak tu kaajil Jo’, ba’ale’ u ti’al u béeytale’ yaan u k’a’abéetkunsa’al u kúuchilo’ob Tren Maya.
Meyajo’obe’ ti’ káajo’ob tu múuch’kajtalil Mayapán, tu’ux k’uch u jala’achil u lu’umil Yucatán, Mauricio Vila Dosal, tu’ux tu ya’alaj Ie-trame’ ku yutsil meyaj je’el bix tranbíiae’, ba’ale’ óoli’ je’el bix jump’éel buuse’.
“Táan u yila’ale’, le kis buuts’o’ob je’el bix le je’ela’ leti’e’ kun mu’uk’anchajalo’ob ti’ Latinoamérica, tumen walkila’ chéen ti’ jayp’éel u noj kaajilo’ob Europa yéetel Medio Oriente yaan”, tu tsolaj jala’ach.
Vila Dosal tu k’a’aytaje’ yaan u beeta’al u jejeláasil kúuchilo’ob ti’al u líiks’a’al tu beel le meyaja’, ts’o’okole’ ti’al u beeta’ale’ yaan u k’a’abéeetchajal kex 2 mil 820 miyoonesil pesos (mdp); yéetel u jala’achil u lu’umil Yucatáne’ yaan u ts’áak u 61 por siientoil ti’ le beyka’aj taak’in k’a’abéeto’; u jala’achil
Méxicoe’ u 23 por siientoil yéetel u yalabile’ u jeel priibadóo mola’ay kun ts’áak.Beey túuno’, jala’ache’ tu k’a’ajsaje’, Tren Mayae’ yaan ka’ach u yokol tu kaajil Jo’, ba’ale’ luk’sa’abij; a’alabe’ ti’ kun k’uchul Poxilá yéetel Teya.
“K’a’abéetchaj u nupa’al le ka’ap’éel éestasyoono’oba’ yéetel u kaajil Jo’; ba’ale’ tene’ taal tin tuukule’ ba’axten ma’ tu nojochkíinsa’al le meyaja’ ti’al beyo’ u k’uchul xan tu Kanasín yéetel Umán”, tu ya’alaj.
Ti’ ku jóok’ol u ya’abil ajmeyajo’ob ku kóojol tu kaajil Jo’; le beetik López Obradore’ tu éejentaj yéetel tu ki’imak óoltaj ba’ax tin wa’alaj ti’. Bejla’a túune’ táan u yúuchul múul meyaj ti’al u béeytal.  
Yóok’lal túun le meyajo’oba’ “yaan knupik maanal 137 u múuch’kajtalilo’ob Jo’, Kanasín yéetel Umán tu’ux bíin máanak maanal 100 u p’éel u ruutasil buus kun áalkab ichil u bejil Ie-tram, ti’al u yutsil maanal 200 mil u túul kajnáalo’ob”, tu ts’ook a’alaj jala’ach.
"
"Del Toro, Iñárritu yéetel Cuarón, jmexikoilo’ob tu kaxtik u náajaltiko’ob Oscar 2023",25/01/2023,"Le óoxtúul láak’tsilo’oba’ táan u ketik u náajaltiko’ob le chíimpolta’ala’, yóok’lal u cha’anil Pinocchio, Bardo yéetel Le Pupille, le beetike’ ti’ kun u yilubáajo’ob tu kúuchil Dolby Theatre, tu kaajil Los Ángeles, EU, le 12 ti’ marzo ku taala’, ti’al u yilko’ob wa je’el u múul tich’iko’ob u jach k’a’anan k’uubil ku ts’áak Academia de Artes y Ciencias Cinematográficas.
"
"U luk’sa’al u muuk’ tuukul jets’ik najmal u beeta’al diiestae’, je’el u yáantan ti’al u na’atik máak u wi’ijil yéetel u na’ajil",26/01/2023,"Raquel Lobatón Shabot, juntúul xnutriologáa máax ma’ u jets’maj u meyaj ti’ u aalil máak yéetel ma’ tu k’a’anankúunsik diietase’, tu tsolaj tuukul táakmuk’tik dieetase’ chéen junjaats tuukul mu’uk’ankúunsa’an tu’ux ku ya’alale’ u bek’echil máake’ leti’ e’esik toj óolal.“Ma’ jaaji’, u bek’echil máake’ ma’ u k’áat u ya’al wa tooj u yóol máak, mix xan u polokil jets’ik wa k’oja’an; k t’aan yóok’lal dieetas (le ku beeta’al ti’al u yéensik u aalil máak) tumen, yáaxe’ mix táan u meyaj tu beel, ts’o’okole’ ku loobiltik máak”.  Tu tsikbaltaje’, u 95 por siientoil máaxo’ob beetik diieta ti’al u yéensik u aalile’, ku ka’a na’aksik tu jo’oloj jump’éel wa tak jo’op’éel ja’ab, ts’o’okole’ yaan xan le ku na’aksik, ba’ale’ku asab aaltal ti’ le beyka’aj béeychaj u yéensik ka’acho’. “Wa tumen uts u beeta’al diietae’, míin bejla’a’ je’el u chukik ti’al u beetik máak chéen juntéen ti’ u kuxtal”.
Tu ya’alaje’, le diietas ku beeta’al tu’ux ku tse’elel ya’abach ba’al u jaanta’ale’ ma’ tu meyajo’ob tu beel tumen ku beetik u p’íitkunsik u jaantik máak le beyka’aj ba’al k’a’abéet ti’al u tséentikubáaj, ts’o’okole’ le je’elo’ ku p’áatale’ ma’ uts ti’al u kuxtal máaki’.Kéex ch’éenek túun u beeta’al diietase’, tu ya’alaj, wíinkilale’ ku ka’a ch’a’ik u aalil suuka’an u yantal ti’ob, ts’o’okole’ wa ma’e’, ku píitmáansik, “tumen wíinkilale’ ku kaxtik bix u kaláantikubáaj ti’ le ba’ax ku luk’sa’al ti’; leti’e’ ma’ táan u na’atik bix u chíimpolta’al ba’ax jats’uts yéetel ba’ax ma’; ma’ tu na’atik u jela’anil ichil wi’ij ku yu’ubik máak tumen leti’ óotik, yéetel u jach wi’ijil wíinik”.U ka’a na’atik u wíinkilal máak bix u wi’ijtal yéetel bix u na’ajtale’, ma’ jump’éelili’ bix u yúuchuli’, ba’ale’ yáax ba’ax k’a’abéete’, leti’ u p’a’atal paachil le diietaso’ yéetel u cha’ak máak u jaantik le ba’ax u k’áate’, tu tsijbaltaj. “U tuukulile’ leti’e’ ka ch’e’enek u beeta’al dieta, tumen wíinike’, kéen síijke’, ku na’atik bix u wi’ijtal yéetel bix u na’ajtal; kéen síijko’one’ k-ojel bix kts’áak u xuul, beyxan k-ojel bix kjets’ ba’ax ken k jaantej”.Kéen u na’at wíinik kex jujump’íitile’, ku káajal xan u jets’ik ba’ax ma’ uts u jaantiki’. Leti’ u seen beeta’al le diietas ba’ax beetik u ch’éenel kna’atik u chíikulal janal [...] tumen kéen káajak a beetik diietae’ ku beeta’al a tuklik ma’ unaj u chíimpoltik a wi’ijil”.Le viernes 12 ku taala’, yaan u tse’ek yéetel ka’atúul u yéet meyajo’ob Gina Salame beyxan Ilana Borovoy, tu kúuchil Universidad Anáhuac Mayab, ti’al beyo’ u chíikbesik jayp’éel ba’alo’ob ma’ no’oja’an jets’a’anil yóok’lal u polokil wíinik. Ti’al u béeytal u ts’íibik u k’aaba’ máak ti’al u yu’ubik le tsikbalo’, ku páajtal u yokol ti’ le kúuchil Interneta’: forms.gle/JTPqL4oDToDNxDWw8 
"
Alemaniae’ ku táakmuk’tik u túuxta’al u ''asab mu’uk’a’an taankesil ba’atel'' Ucrania,26/01/2023,"J-alemaan meyajnáal, Olaf Scholz, tu jets’aj u túuxtik u jach táaj utsil kiis buuts’o’ob k’aaba’inta’an Leopard 2 tak ti’ ucranianoil lu’um; tukulta’ane’ leti’e’ jach táaj yaan u muuk’o’ob Europae’. Beyxan tu ts’áaj u páajtalil ti’ uláak’ noj lu’umo’ob, je’ex Poloniae’, ka u túuxto’ob uláak’ xan, beey k’a’ayta’ab tumen u pik’il ju’unil Der Spiegel yéetel u kanalil NTV.
"
''Mina’an'' ajmeyajo’ob ti’al u líik’sa’al pak’il najo’ob tu lu’umli Yucatán; kex 9 mil u túul ku binetik,27/01/2023,"Raúl Asís Monforte González, máax jo’olbesik Cámara Mexicana de la Industria de la Construcción (CMIC), Yucatán, tu ya’alaje’ lik’ul u ja’abil 2020 tak ti’ le yaniko’ona’, táan u binetik ajmeyajo’ob ti’al u beeta’al pak’il najo’ob, ichilo’obe’ ti’ yaan áalbañilo’ob, plomeeróos, éelektrisiistáas, ichil uláak’o’ob.  
Monforte González tu ya’alaje’ k’a’abéet kex nueve mil u túul ajmeyajo’ob ti’al u béeytak u ts’aatáanta’al tuláakal ba’ax unaj u meyajta’al tu lu’umil Yucatán; le beetik te’e ja’aba’ yaan u yantal múul meyaj yéetel u jala’achil le péetlu’umilo’ ti’al u béeytal u kaxta’al u yumil meyaj ku binetik. 
“Ba’ax kun beetible’ yaan u kaxtik u ye’esik ti’ táankelemo’obe’, le meyajo’ob uts ti’al u beerta’al”; tu ya’alaj.Máax jo’olbesik CMICe’ tu ya’alaje’, walkila’ talam u kaxta’al u yuumil le meyajo’oba’ tumen táankelemo’obe’ ma’ u k’áat u meyajto’ob mix u kano’ob le ba’alo’ob beyo’. “Ku óol talamtal k kaxtik ajmeyajo’ob ti’al le je’ela’”, tu ya’alaj.
Beey túuno’, tu ya’alaje’ mola’ayo’obe’ táan u ts’áak u yóolo’ob ti’al u mu’uk’ankúunsiko’ob ba’ax ku beetiko’ob ti’al u kaláantik u kuxtal ajmeyajo’ob. “K’a’anan u yila’al ka yanak toj óol ti’ ajmeyajo’ob, beyxan ma’ u yantal mix jump’éel sajbe’entsil u ti’alo’ob, ti’al ma’ u yúuchul mix jump’éel loobil ti’ob”, tu ya’alaj. 
U yantal juntúul máax ka úuchuk loobilaj ti’, wa ka kíimike’, jach táaj noj ba’al, tumen ma’ unaj u yúuchuli’, kex tumen k-ilike’ ku yúuchul, “ba’ale’ táan k meyaj yéetel táan k ts’áak k-óol ti’al u béeytal u ka’ansa’al ti’ máax bix najmal u beeta’al le wa ba’axo’, beyxan ti’al ka ts’a’abak ti’ wíinik tuláakal nu’ukul bíin k’a’abéetchajak ti’ meyaj ku beetik, tumen chéen ja’alil beyo’, yaan u béeytal u jéets’el u yóol táankelem kéen u ch’a’a u beet wa ba’ax meyajil yóok’lal le je’ela’, ts’o’okole’ beyo’, ku béeytal k-e’esik ti’obe’ le meyaja’ uts yéetel k’a’anan, le beetike’, k k’áat ka náats’ako’ob yéetel ba’ax k bin beetej”, tu tsikbaltaj. 
Ba’ale’ leti’ ku ya’alike’ “p’áat mina’an” u yuumil meyaje’, tumen ya’abchaj ajmeyajo’ob kaxta’ab ti’al u beeta’al Tren Maya, ts’o’okole’ ya’abach pribaadóo mola’ayob xan táan u ts’áak meyaj ti’ wíinik.  
"
Ubere’ ku táakmuk’tik u k’iinil táan u péeksilta’al ma’ tun yantal taaxii’; xma’ bo’olil kéen meyajnaj te’e k’iina’ ,27/01/2023,"Leti’obe’ ku tukultike’, péekbal táan u yantale’ ku yúuchul tumen kaaje’ ts’o’ok u náakal u yóol, yéetel ma’ táan u éejentiko’ob ba’ax ku beetiko’ob, je’el bix kéen u k’alo’ob le bejo’obo’ ti’al ma’ u máan tráansportée puublikóo, ts’o’okole’ le je’elo’ ku beetik k’aas ti’ ajmeyajo’ob, máaxo’ob chéen ku chúukpajal yaan k’iin ti’al le kamiono’, ba’ale’ kéen beeta’ak ba’al beyo’ ku yantal u ch’a’ako’ob taaxi.
“U p’áatal mix tu béeytal u ch’a’ako’ob kamione’, jach talam, tumen ku píit máan k’abo’ob, ba’ale’ u jaajile’ leti’e’ jala’ach cha’ak u yúuchul ba’al beya’; to’on túune’ yaan k táakmuk’tik ba’ax táan u péekstsiltik kaaj, ti’al ma’ u k’a’abéetkunsa’al taaxi’ ti’ jump’éel k’iin, ti’al k-áantiko’ob, ma’ ti’al k beetik k’aas ti’ le taxistaso’obo’, tumen u jaajile’ ts’o’ok u náakal u yóol kaaj”, beey tu ya’alaj Águeda Esperilla Soto, máax beetik u k’a’aytajil u ajmeyajilo’ob Uber.
Le beetike’, te’e k’iina’ máaxo’ob ku meyaj te’e mola’aya’ yaan u “pitik” u nook’il Uber, ti’al u kéet yantal je’ex kajnáalo’obe’, tumen beyo’, yaan u béeytal u nats’ik kajnáal tak tu’ux k’a’abéet u bin, tumen leti’ le ba’ax tu tukultaj kaaj u beetiko’. Le beetike’, tu aktáanil le koocheso’obo’ yaan u ts’a’abal jump’éel ts’íib ku ya’alik #Undíasintaxi, ti’al u yila’al táakano’ob te’e péekbala’. Beyxan páayt’anta’ab tuláakal máak ti’al u táakpajal te’e ba’ax kun beetbila’, ka u biin u ju’unil u ts’áako’ob le ts’íibo’, ti’al u “na’ats’al” máak wa tu’ux.  
“Ma’ táan k-k’áatik ka bo’otak kmeyaj te’e ki’iina’, kaan kbiinsik máak tak tu’ux k’a’abéet… tene’ jaaj kin meyaj Uber, ba’ale’ u kajnáalilen Cancún, le beetik xan kin wáantaj”, tu ya’alaj. 
Leti’ túune’ ku tukultike’, walkila’ yaan ichil 500 yéetel 800 u koochesil ku meyaj beey Uber tu kaajil Cancún, ba’ale’ u jaajile’ ts’o’ok u yantal uláak’ túumbeno’obi’.
"
X-asukéejil ik’el ku sáasilkunaaj áak’ab yéetel tomoxchi’ u yila’al bin,27/01/2023,"Kéen jo’op’ok u máane’ ku sáasilkúunsik k’áax wa u bejilo’ob kaaj. Yaan ku yila’al tu k’áaxil Área de Protección de Flora y Fauna “Laguna de Términos”. Ku ya’alae’ tomoxchi’ u yila’al, le beetik yaan kajnáalo’obe’ ku sajaktalo’ob kéen u yilo’ob x-asukéejil. 
Le chan ba’aleche’a’ ti’ kaja’an tu baantail Laguna de Términos, ts’o’okole’ u wíinkilale’ jach je’ex u ti’al xna’ats’une’. Ku léembal, je’ex kóokay, le beetik yaan k’i’ine’ ku xa’ak’pajal makal´maaki’, ba’ale’ u jela’anile’, tumen le x-asukéejile’ ma’ tu jojopáankil u sáasil.
U sientifikoil k’aaba’e’ Pyrophorus Noctilucus, u jeeneroile’ leti’e’ k’ajóolta’an beey coleópteros polífagos yéetel u ch’a’amaj u ch’i’ibal ti’ Elateride fáamilia. Yaan kex 37 u jejeláasil. Tak walkila’ yaan ya’abach tu’ux láayli’ u beeta’al xaak’al tu yóok’lal, ti’al u yojéelta’al bix u sáasilkúunsajo’ob kex ma’ jach ya’ab u yooxolilo’obi’.
“U wíinkilale’ túuts’. Ku p’isik ichil óoxp’éel tak jo’op’éel sentiimetróo, yéetel júul booxtako’ob. U tseeme’ túulis yanik, ts’o’okole’ wa ka k’uchuk walk’ajale’ je’el u tsa’ayal u sutubáaj tuka’atéen tu séebanil”, tu tsolaj jbioologóo Martín Nuñez Polanco, máax u jach ojel ba’alo’ob yóok’lal u ba’alche’ilo’ob Laguna de Términos.
"
Táan u jo’op’ol u ka’a yantal je’ tu péetlu’umil Yucatán: Canacope,30/01/2023,"Tu jo’oloj ila’ak yaan u se’enil kaax tsaayal ti’ ba’alche’ob ku tséenta’al tu lu’umil Yucatáne’, yéetel tu jo’oloj je’ets’ej najmal u beeta’al kwáarentena ti’al ma’ u seten pa’ak’ale’, chíikpaj p’íitchaj le beyka’aj je’ ku ko’onol sáansaml ts’o’okole’ ko’ojchaji; ba’ale’, walkila’ tu bin u jéets’el ba’al yéetel.Jorge Cardeña Licona, máax jo’olbesik Cámara de Comercio Pequeño, Servicios y Turismo (Canacope Sevytur), tu ya’alaje’ táan u ka’a yantal je’ je’el bix ka’acho’, ts’o’okole’ u tojole’ tu ka’a p’iistal.
"
U líik’sa’al Calakmul u kúuchil u wu’ulabtal máak Tren Mayae’ táan u beetik u yantal k’uux óolal,30/01/2023,"Jump’éel cha’an k’i’itbesa’abe’ tu chíikbesaj k’uux óol ku yu’ubik kaaj tumen táan u líik’sa’al u otelil Edzná, jump’éel noj meyaj k’a’aytab yaan u beeta’al, le 23 ti’ enero máaniko’, tumen u jala’achil u noj lu’umil México, Andrés Manuel López Obrador, ti’al u béeytal u k’a’amal máak, beyxan ti’al u ts’a’abal Internet naats’ ti’ u yúuchben kaajil Edzná, Kaanpech. Le jueves máanika’, máaxo’ob táaka’an ichil u múuch’kabil Consejo Regional Indígena de Xpujil (CRIPX) tu k’a’aytajo’ob táan u beeta’al ka’a yáal bej ku bak’pach ichil u k’áaxil Reserva de la Biósfera de Calakmul.Leti’obe’ tu k’áatajo’ob ma’ u ts’a’abal k’ajóoltbil u k’aaba’ob, tumen táan u beeta’al jump’éel xaak’al yóok’lal líik’saj tu beetajo’ob tu táan u mola’ayilo’ob yóok’ol kaab yéetel u páajtalil wíinik. Ba’ale’ yanchaj jayp’éel cha’ano’ob káaj u k’i’itbea’al tu júuchil Facebook tu’ux ku yu’uba’al u k’áatchibta’al éejidatario’ob tumen juntúul ti’ le máaxo’ob táaka’an ichil CRIPX, úuchik u yila’al ts’o’ok tak u káajal u páakta’al u k’áaxil tu’ux kun beetbil le kúuchilo’, ti’al u béeytal u yokol u máakinaryail.
Te’e cha’ano’, ku yu’ubal juntúul máak táan u tsikbal yéetel juntúul éejidatario, ka’alikil u machmaj u ju’unil plaanos yaan tak u loogoil Tren Maya/Fonatur. Meyaj kun beetbile’ k’aaba’inta’an Hotel Tren Maya, ts’o’okole’ ku chíikpajale’ leti’e’ éejidatario máax tsolik ma’ táan mix u k’áat u yu’ub wa le ba’ax kun betbile’ ma’ je’ex u kúuchil Azulik, tu kaajil Tulum, Quintana Roo, tumen le je’elo’ ti’ líiksa’ab jach tu tojil u jach ka’analil le k’áaxo’.Beyxan ku yu’ubal u ya’alale’ “ti’ éejidatario’obe’ ma’ jk’uba’abi’, ma’ xan e’esab ti’ob u MIAili’ -Manifestación de Impacto Ambiental- najmal u yantal kéen beeta’ak meyajo’ob je’el bix le je’ela’, tumen k’a’anan u yojéelta’al tumen tuláakal máax táaka’ane’, wa xak’alta’an tu beel bix kun lúubul ti’ k’áax le ba’ax kun beetbilo’, chéen a’alab ti’ob yaan u beeta’al le meyajo’, yéetel bix kun beetbil, ba’ale’ leti’obe’ mix ba’al tu ya’alajo’ob yóok’lal”. Juntúul ti’ máaxo’ob táaka’an CRIPXe’ tu beetaj páayt’aan ti’al u xíimbalta’al le k’áaxo’, ka tu k’a’ajsaj jts’a’ab k’ajóoltbil u xaak’alil Manifestación de Impacto Ambiental tu jaats bejil 7, ku k’áatal tu noojolil Quintana Roo tak Escárcega, tu’ux ku núupul xan u jaatsilo’ob 1 yéetel 2;  ka’aj jts’a’ab k’ajóoltbile’ a’alab yaan u k’e’exel bej yáax tukulta’an kun beetbil ti’al Tren Maya, yéetel a’alabe’ yaan u ch’a’abal 11 mil 399 kiloometros kuáadradosil le k’áaxo’.
"
"Águilas tu táan Juefes, tu keetil Súper Tazón LVII ",30/01/2023,"Águilas de Filadelfia yéetel Jefes de Kansas City yaan u báaxtiko’ob Super Bowl 2023. Eaglese’ máan táanil San Francisco ka’aj p’áat tu jach ka’analil Conferencia Nacional; ka’alikil Chiefese’, náajalnajo’ob tu táan Bengalas de Cincinnati, tu ts’ook keetil Conferencia Americana. Noj báaxale’ yaan u beeta’al 12 ti’ febrero, tu kaajil Glendele, Arizona.
"
CFEe’ ku jets’ik je’elili’ ts’áak le beyka’aj u muuk’il sáasil k’a’abéet ti’ Yucatán yóok’lal meyajo’ob táan u beeta’al,31/01/2023,"Úuchik u ts’a’abal k’ajóoltbil beyka’aj ts’o’ok u meyajta’al ti’ u jaats bejil Tramo 3 ti’ Tren Mayae’, u mola’ayil Comision Federal de Electricidad tu k’a’aytaj jayp’éel ba’alo’ob táan u beetik te’e lu’umilo’ ti’al u mu’uk’ankúunsik ba’ax k’a’abéet yóok’lal le meyajo’ob ku beeta’al tu Petenil Yucatán; ts’o’ok u nupa’al meyaj yéetel ts’o’ok u nojochíinsa’al u gasoduuktoil Mayakan yéetel u sisteemail Nacional gasoductos, ts’o’okole’ beyxan yéetel uláak’ jump’éel kun taasbil tu kaajil Texas. Ti’al túun u beeta’al tuláakal le meyajo’oba’ yaan u k’a’abéetkunsa’al 151 mil miyoonesil pesos.
Máax jo’olbesik CFE, Manuel Bartlett, tu ya’alaje’ le taak’in kun ts’a’abil ti’al u beeta’al le meyajo’oba’ ku kaxtik u ts’aatáantik meyajo’ob kun taal u beeta’al tu noojol-lak’inil México, tumen ts’o’ok u máan ja’abo’ob p’ata’ak paachil wa ku ke’etel yéetel uláak’ u baantailo’ob le noj lu’umila’. Beey túuno’, u noj lu’umil Méxicoe’ ma’ keet xíimbalnaja’an yéetel uláak’ u baantailo’ob le lu’uma’, je’el bix le chúumuko’ yéetel le xamano’, tumen chéen noojol p’ata’an paachil.
Tu súutukil úuchik u t’aan máax jo’olbesik Fonatur yéetel máax k’ubéenta’an le meyaja’, Javier May, tu tsikbaltaje’ le jaats bejil u káajal le bej tu’ux ts’o’ok u ts’a’abal sáasil, te’elo’ táakbesa’an 700 kiloometróos. Tu tsolaje’ yaan u beeta’al xan uláak’ utskíinajo’ob te’e kaajo’ob xano’.Ka’alikile’, u jala’achil Yucatán, Mauricio Vila, tu ya’alaj u k’a’ananil le meyaja’ tumen yéetele’ yaan u mu’uk’anchajal u xíimbal le lu’umilo’, tumen yaan u kóolal máak ti’al u k’uchul xíinximbal yéetel yaan u beetik u yantal meyaj ti’ máak.
Vila tu ch’a’achibtaj ka’ap’éel ti’ le ba’alo’ob yaan u beetik uts ti’ Yucatán: jump’éele’, u mola’ayil Instituto Nacional de Antropología e Historia ts’o’ok u ya’alik je’el u ts’aák siinkóo mil miyoonesil pesos ti’al u yutskíinsa’al 21 u p’éel úuchben kaajo’ob táaka’an te’e bejo’, ts’o’okole’ lajunp’éel ti’ le je’elo’ ti’ yaan Yucatán. Ka’alikil túune’, u jala’achil Méxicoe’ táan u yutskíinsik Gran Parque de La Plancha, tu’ux méek’t’anta’an 22 ektareas, yéetel k’eexil kun beetbile’ jach k’a’anan ti’al u k’uchul uláak’ máako’ob xíinximbali’.
Máax jo’olbesik INAH, Diego Prieto, tu ya’alaje’, tu chowakil u jaatsil 3e’ jach ts’aatáanta’al je’el bix u jaatsil 7 tumen leti’e’ tu’ux ila’an ya’abach úuchben ba’alob yéetel kaajo’ob kaxta’ani’. Te’e jaatsilo’ kaxta’al 216 mil u p’éel nu’ukulo’ob beeta’an yéetel k’at, ts’o’okole’ k’a’anan ti’al u yojéelta’al jejeláas ba’alob yóok’lal le baantaila’.
"
Táan u binetik utsil xaak’al ti’al u ja’atsal tu beel bix u na’atal u kíinsa’al ko’olel tu noj lu’umil México: Ola Violeta,31/01/2023,"Tu ja’abil 2022e’ kíinsa’ab 968 u túul ko’olel, jatsa’an beey féeminisiidyos, tu noj lu’umil México, ts’o’okole’ le noj talamila’ láayli’ u chíikpajal tu péetlu’umil Quintana Roo; yaan jun jaats u xookil le si’ipil ba’alo’oba’ bala’an tumen jatsa’an beey óomosiidyos, beey tu ya’alaj María Elena Esparz Guevara, máax patjo’olt yéetel máax jo’olbesik u múuch’kabil Ola Violeta.
“K’a’anan k jach ilik bix jatsa’anil u kíimil ko’olel ku loobilta’al, tumen ma’ tuláakal jo’olpóopo’ob k’a’abéetkunsik u seentensiail Mariana Lima, ts’o’okole’ yaan xan péetlu’umo’ob tu’ux ku ja’atsal kiinsajil beey óomosiidyos, kex yaan ba’ax chíikbesik unaj u xak’alta’al beey féeminisiidyos”, tu tsikbaltaj Esparza Guevara.
Sentencia de Mariana Limae’ ku ye’esik bix uanik ba’al ka’achil yéetel bix yanik walkila’, kéen jo’op’ok u xak’alta’al bix u kíinsa’abik ko’olel tu lu’umil México, tumen ku chíikbesik u k’a’ananil u xak’alta’al ba’alo’ob je’el bix le je’elo’, ba’ale’ tu’ux ka chíimpolta’al u ko’olelil le wíiniko’. Jets’a’ab tu ja’abil 2015 tumen Suprema Corte de Justicia de la Nación, ts’o’okole’ ku chíimpoltik Mariana Lima Buendía, máax kíinsa’ab tumen u núup tu ja’abil 2010, Estado de México.
Máax jo’olbesik Ola Violeta, tu ya’alaje’ “k’a’anan ka xak’alta’ak bix jatsa’anil u xaak’alil ko’olel kíinsa’an, yéetel ka ila’ak wa yaan ti’ le je’elo’obo’, unaj ka’ach u ja’atsalo’ob beey féeminisiidyo”. 
Ti’al u yutsil beeta’al ba’al yéetel le je’ela’, jach k’a’abéet u no’ojankúunsa’al bix u je’ets’el juustiisya, tumen yaan a’almajt’aano’ob, ba’ale’ ma’ tu ts’a’abal tu beel u si’ipil máax beetej.
U promeedyoil u kíinsa’al ko’olel tu ja’abil 2022 tu noj lu’umil Méxicoe’ k’uch tak 2.6  féeminisiidyos sáansamal. Kaaj tu’ux ku asab beeta’ale’, Estado de México, tumen yanchaj 140 u túul kaasos, ts’o’okole’ lelo’ k’a’anan tumen te’e ja’aba’ yaan u yantal yéeytambal te’elo’, le beetik 
Esparza Guevarae’ tu páayt’antaj kaaj ti’al u jach k’áatal ti’ máax kun báaxal te’e politikao’ ka chich meyajnak ti’al u ts’aatáanta’al le ba’ax ku yúuchula’.
"
Nojoch sajbe’entsil yanchaj Pakistán úuchik u wáak’al ba’al ti’ kili’ich kúuchil ,31/01/2023,"Le lunes máanika’ yanchaj kex 61 u máak jkíim, yéetel uláak’o’ob úuch loobilaj ti’obe’, úuchik u beeta’al k’aas ti’ jump’éel kúuchil yaan ichil jump’éel u kuáartelil u ajkanan kaajil Peshawar, tu xaman-lak’inil le pakistaniil lu’umo’.
"
Chúunsa’ab jump’éel túumben meyaj tumen Cinvestav ti’al u pa’ak’al u xúunan kaab ich ts’aats’  ,01/02/2023,"U kúuchil xaak’al Laboratorio de Producción Primaria del Centro de Investigación y de Estudios Avanzados (CINVESTAV-Mérida), ti’alinta’an tumen Instituto Politécnico Nacional (IPN), ikil u múul meyaj yéetel Michigan State University beyxan la Universidad Autónoma de Yucatán (Uady) yéetel Autónoma Nacional de México (UNAM) táan u káajsiko’ob u meyajil Miel de manglar, yéetele’ táan u kaxta’al u pa’ak’al xúunan kaab, ba’ale’ tu ts’aatsilo’ob u jáal ja’ilo’ob Yucatán.
Tu jo’oloj jump’éel ja’abe’ yaan u beeta’al xaak’alo’ob ti’al u yojéelta’al tumen u ajmeyajilo’ob Michigan State Universitye’ máakalmáak u yutsil kaab ku jóok’ol ti’ le xúunan kaabo’, beey tu tsolaj  Jorge Herrera Silveira, juntúul u jxak’al xookil Cinvestav ti’ u kaajil Jo’.
Herrera Silveira tu ya’alaje’, le meyaja’ jach mix juntéen yáax beeta’ak ti’ mix tu’ux uláak’ te’e yóok’ol kaaba’, tumen láayli’ yáax juntéen kun táakbesbil xúunan kaab ti’ jump’éel xaak’al je’el bix le je’ela’; yaan uláak’ xaak’al beeta’an ba’ale’ ti’ yaanal u jejeláasil u yik’el kaab.Beyxan uláak’ ba’al ku k’a’anankúunsike’, leti’ u táakbesa’al u ko’olelilo’ob le kaajo’obo’ yéetel u kaxta’al u kaláanta’al ta’abche’.  
“To’one’ taak k-ilik tu’ux táan u yutskíinsa’al ta’abche’, ti’al beyo’ u káajsa’al u pa’ak’al u yik’el kaab, ba’ale’ u k’a’ananile’ tumen le chan ik’ela’ siijil ti’ le lu’umo’”, tu tsolaj.
Jxak’al xooke’ tu tsikbaltaje’, yaan utsil ba’alo’ob ila’an ti’ u kaabil le xúunan kaaba’, tumen ku ts’aakankil. “Múul meyaje’ ku yáantaj ti’al u na’atal bix najmal u ch’a’anuktal ba’ax yaan te’e jáal ja’o’ yéetel le ts’aats’o’obo’, ti’al beyo’ u kaxta’al u yutsil le kaajo’obo’ ka’alikil u kaláanta’al yóok’ol kaab yéetel u baalumbáaj u petenil Yucatán”, tu tsikbaltaj.Walkila’, tu ya’alaj, táan u beeta’al u jaatsil le meyaja’ tu’ux ku beeta’al xaak’alo’ob yéetel ku túunta’al jayp’éel ba’al ti’al u yila’al wa ku meyaj tu beel, tumen ma’ ojéela’an wa yaan u jóok’ol tu beeli’. Le beetike’, ts’o’ok u je’ets’el tu’ux baantail kun ts’a’abil u kaajasil tu’ux kun oksbil u yik’elo’ob kaab: jun jaatse’ tu áak’alche’ilo’ob Dzilam yéetel uláak’ jun jaatse’ Progreso, ts’o’okole’ walkila’ ts’o’ok u t’a’anal u múuch’ilo’ob ko’olel ti’al u táakbesa’alo’ob te’e meyaja’.Beey túuno’, tu tsikbaltaje’ táan xan u beeta’al u kaajasil, yéetel táan xan u beeta’al tsikbalo’ob te’e kaajo’obo’ ti’al u ya’alal ti’obe’ ka u kaláanto’ob xan le tu’ux kun ts’a’abil, ti’al ma’ u k’askúunta’alo’ob, mix xan ka okolta’ako’obi’. Ti’al u ts’o’okbal febrero, wa tu káajbal marzoe’ yaan u ts’a’abal le kaajaso’obo’, tumen tukulta’ane’, ti’al u winalil junioe’ yaan u káajal u loolankil le ts’aats’o’obo’.
Wa tumen ila’ab ma’alob kun jóok’ol ba’ale’, yaan túun u káajal u meyajta’al uláak’ u jaatsil le nu’ukbesajo’; leti’e’ tu’ux kun yáax beetbil le ba’ax ts’o’ok u yáax túunta’alo’, ba’ale’ ti’al ka béeyake’ yaan u kaxta’al uláak’ taak’in, ti’ máax bíin u yóot u ts’áaj wa bajux ti’al u beeta’al le meyaja’, tumen yéetele’ yaan u ma’anal uláak’ kaajaso’ob, wa ti’al u káajal u yila’al bix kun konbil, tu tsikbaltaj.
“Beorae’ táan ktúuntik bix je’el u béeytal kbeetik le meyeja’, leti’ kun beetbil te’e ja’aba’, ts’o’okole’ táan kpáa’tik k-ilik xan beyka’aj kaab kun jóok’ol, yéetel xan yaan u xak’alta’al u kaabil, ba’ale’ lelo’ leti’ kun meyajtbil tumen Universidad de Michigan”, tu ya’alaj.U tuukulile’, tu tsikbaltaj, leti’ u xak’alta’al ba’ax utsil yaan ti’ le kaabo’, ti’al u béeytal u beeta’al yéetel u jóok’sa’al u ya’abil ti’ u ts’aats’ilo’ob le jáal ja’ilo’obo’, tumen yaan u kaxta’al u tséenta’al u yik’el kaab yéetel u loolil nikte’ yaan te’elo’. Yaan u yila’al wa ts’aats’e’ ku beetik u yantal uláak’ u jejeláasil utsil ti’ le kaabo’, tumen jela’an ti’ ba’ax ku loolankil tu nikte’ilo’ob lu’um. 
“Ts’o’okili’ u yila’al yaan jela’an ba’alo’ob ti’ kaab ku pa’ak’al ti’ ts’aats’o’ob, je’el bix kéen beeta’ak yéetel Apis, tumen le je’elo’ ma’ jach tat u jóok’ol, ts’o’okole’ óol ch’ujuk yéetel ch’óoch’”, tu tsikbaltaj.
Beyxan, uláak’ ba’al a’alab yóok’lal le meyaja’, táan u kaxta’al u ye’esa’al ti’ kaaje’, ba’ax uláak’ je’el u páajtal u beetik ti’al u náajaltik taak’in, tu’ux xan ka kaláanta’ak yóok’ol kaab. “Kex yaj óol u ya’alale’ táan k-ilike’ tu jáal ja’ilo’ob le lu’uma’ ma’ na’ata’an wa k’a’abéet u kaláanta’al ts’aats’i’, tumen ku bu’ut’lajalo’ob, wa ku beeta’al bejo’ob yóok’ol, le beetike’ ku k’askúunta’alo’ob, ba’ale’ to’one’ táan túun k káajsik k meyaj ti’al k-utskíintiko’ob, ba’ale’ k-ojel k’a’anan xan u ts’a’abal ti’ kaaj uláak’ ba’alo’ob ti’al u meyajtej, tu’ux ka u kaláant xan le yóok’ol kaaba’”; tu ts’ook a’alaj.
"
Ts’o’ok 95 u túul kimeno’ob yóok’lal k’aasil beeta’ab ti’ kili’ich kúuchil Pakistán ,01/02/2023,"Ma’ chéen leti’e’ kíimo’obo’, yaan uláak’ 157 u túul máax ti’ úuch loobilaj te’e k’inako’, beey jts’a’ab k’ajóoltbil tumen u jo’olpóopilo’ob le kaajo’, ts’o’okole’ ba’ax úuche’ jump’éel ti’ le jach k’aasil beeta’an yóok’ol u pakistaníil kanan kaaj. Náach k’uch u juum le ba’ax wáak’o’, ts’okole’ ichil yáax xaak’alo’ob beeta’ane’, k’a’abéetkunsa’ab kex 12 kiilos wa’awak’ ba’al ti’al u beeta’al.
"
Kajnáalo’ob oka’ano’ob kajtal ti’ lu’um p’ata’an Tulume’ ma’ tu cha’ajo’ob u jóok’salo’obi’ ,02/02/2023,"Le miércoles máanika’ óota’ab jóok’sbil máaxo’ob oka’ano’ob kajtal ti’ jump’éel k’áax yaan 2 de Octubre, tu’ux ts’o’okili’ u yáax beeta’al le je’ela’ tu winalil julio ti’ u ja’abil 2021, ba’ale’ ma’ xan béeychaji’i. Walkila’ u máakilo’ob Fiscalía General del Estado (FGE) náats’ te’e k’áaxo’ ba’ale’ tu suut u paach ka binij, ka’alikil kajnáalo’obe’ sáam u líik’subáaj ti’al u k’atik beel yéetel tuunicho’ob beyxan yéetel yaantas tu tóokajo’ob. Le miércoles máanika’, káaj u jóok’sa’al yéetel u luks’a’al ba’al ti’ jayp’éel kúuchilo’ob yaan tu k’áaxilo’ob jáal ja’, ba’ale’ ka tu ya’alaj jun súutuke’, kajnáalo’ob oka’ano’ob 2 de Octubre, p’aatal tu bejil Mercurio yéetel Escorpión, tu yojéeltajo’ob yaan u k’uchul máak ti’al u luk’sa’alo’ob te’elo’, le beetike’ ti’al ma’ u cha’ako’ob u beeta’al, je’el bix úuchb le ja’ab máaniko’, tu k’ato’ob bel ti’al ma’ u béeytal u k’uchul mix máaki’; tu ts’áajo’ob tuunich yéetel che’ob tu yookbal le kúuchilo’, yéetel yanchaj yaantas tóoka’an ti’ kex óoxp’éel máansanas ti’ le baantailo’. 
U ajmeyajilo’ob Fiscalíae’, yéetel u yáantajil u mola’ayil Secretaría de Seguridad Pública y Protección Ciudadana ti’ u kaajil Tulum, beyxan Policía Quintana Roo yéetel  Marinae’ ts’o’ok ka’ach u múul meyajtiko’ob jump’éel óoperatibóo yaan u beeta’al ja’atskab k’iin, ba’ale’ ka’aj náats’o’ob te’e tu’ux yaan le máako’ob oka’ano’ob kajtal te’e k’áaxo’obo’, luk’o’obij. Ma’ tsikbalta’ab mix ba’ali’, yéetel tu jo’oloj junsúutuke’ laj luk’ le ajmeyajo’obo’, tumen ma’ tu chúukpajal u muuk’o’ob tu táan le máako’obo’. Beey túuno’, le máako’ob oka’ano’ob kajtal te’elo’ tu ya’alajo’obe’ yaan u ts’áak u yóolo’ob ti’al u kaláantik ba’ax u ti’alo’ob yéetel ma’ táan u cha’ako’ob u loobilta’al mix máak.K’a’anan u k’a’ajsale’, u beeta’al le óoperatiiboo’ táaka’an ichil ba’ax jets’a’an najmal u beeta’al tumen Juzgado Octavo ti’ u Distritoil Estado de Quintana Roo, tu ju’unil jets’a’an yéetel u xookil 549/2022-11, tu’ux a’alan tumen Fiscal del Ministerio Público ti’ Fuero Común táakbesa’an ichil Fiscalía de Investigación tu kaajil Tulum, ti’ u Fiscalíail General del Estado de Quintana Roo, tu’ux jets’a’abe’ k’a’anan u ch’a’abal k’áax táakbesa’an ichil u ts’íibil FGE/QR/TUL/03/255/2018 yéetel FGE/QR/TUL/03/256/2018. Tuláakal le je’ela’ tumen ts’a’aban jump’éel amparo ( 729/ 2021-11) tumen Ana Josefa Peralta Alonzo.
"
Indiailo’ob kaambanaja’ano’obe’ yaan u ka’ansik jejeláas ba’alo’ob ti’ yukatekoil mola’ay,02/02/2023,"Ikil táan u béeytal u yantal múul meyaj ichil u mola’ayil Secretaría de Relaciones Exteriores yéetel Instituto Nacional de Migración, yaan u kóojolo’ob tak tu mola’ayil Sisal Tejidos Yucatán ti’al u taasa’al tak te’elo’, jaytúul máako’ob ti’ u lu’umil INdia, ti’al u ka’ansa’al ti’ yukatekoil ajmeyajo’obe’, uláak’ bix je’el u páajtal u beeta’al meyajo’ob ti’al u jóok’ol ba’al tu beel, yéetel ti’al u nonojchajal le ba’ax ku meyajta’alo’. 
Asiátikoil máako’ob kun taalo’obe’ ti’ ku meyajo’ob tu mola’ayil Yamuna Machine Works LTD, yéetel ba’ax ku kata’ale’ leti’ u yantal u jeel ba’alo’ob kanbil, je’el bix u k’a’abéetkunsa’al u oornoil laatex, tumen le je’elo’ jump’éel ba’al uts u ts’a’abal ichil u póopil sóoskil ku beeta’al ti’al u túuxtal konbil ti’ uláak’ lu’umo’ob.
Ichil xíimbal meyaj beeta’ab ti’ jump’éel plaanta yaan tu kaajil Muxupip, tu yookbal MOtule’, máaxo’ob jo’olbesik Oficina de Pasaportes, ichil u mola’ayil SRE ti’ u lu’umil Yucatán, Maestra Mariana Cruz Pool, beyxan máax jo’olbesik Instituto Nacional de Migración, Yadira de los Santos Robledo, tu k’ajóoltajo’ob bix yanik le kúuchuilo’, ts’o’okole’ béeychaj u much’ikubáajo’ob yéetel máaxo’obx an jo’olbesik Sisal Tejidos, ti’al u béeytal u je’ets’el bix kun beetbil le múul meyajo’ kéen k’uchik inidia máako’ob tak te’e lu’umo’.  
Beey túuno’, ichil ba’ax tsola’ab tumen máaxo’ob jo’olbesik mola’ayobe’, yéetel meyaj ku beetbile’, yaan u áautomatisaartik u ts’áak u laatxil k’a’abéet ti’ le póopo’ ti’al ma’ u oykol úumedad ti’, beyxan ku mu’uk’ankúunsik ti’al ma’ u séeb k’astal yéetel ma’ tu jilk’ajal, le beetike’ ku asab ma’alobkúusna’al bix u beeta’al le nu’ukula’, je’el ku k’a’ata’al tumen máaxo’ob manik.
Beyxan yaan u ye’esa’al ti’ob bix u k’a’abéetkunsa’al u oornoil laatex, yéetel bix unaj u ts’a’abal poliimeróo. Le je’ela’ yaan u beeta’al tumen Yamuna Machine Works LTD, jump’éel mola’ay ts’o’ok 25 ja’abo’ob káajak u meyajtik le nu’ukulo’oba’, yéetel ti’ ku meyaj tu kaajil Vapi. Leti’obe’ yaan xan u ye’esik ti’ u ajmeyajilo’ob Yucatáne’, uláak’ bix je’el u jit’a’al le póopo’obo’ yéetel uláak’ diseenyos je’el u béeytal u beeta’al yéetel sóoskil.  
Tu winalil junio ti’ u ja’abil 2022, leti’ kéen káajak u meyaj u mola’ayil Sisal Tejidos Yucatán, u yáax plaantail je’el bix le je’ela’ kun yantal ichil América Latina yéetel u wukp’éelil yaan ichil tuláakal yóok’ol kaab.
"
Óok’ot yéetel u nuuktakilo’ob síisíis ja’,02/02/2023,"Jfrancesil Arthur Guérin-Boëri, máax ts’o’ok jo’otéen u náajal ti’ apneae’, ook tu yéek’jolch’e’enil u taamil ja’ Kvaenangen, Noruega, ti’al u kaxtik oorkáas, juntúul ti’ u jach nojochil ba’abal yaan ich k’áak’náabe’ ti’al u cha’antik, kex tumen u jach noj meyajile’ leti’ u bulikubáaj chéen yéetel le beyka’aj iik’ ken u jáap juntéen. 
"
"U mola’ayil INAHe’ táan u beetik u ye’esajil nu’ukulo’ob kaxta’an tu meyajilo’ob Tren Maya, tu lu’umil Yucatán ",03/02/2023,"Ichil k’iimbesaj táan u beeta’al tu 84 ja’abo’ob yanak u mola’ayil Instituto Nacional de Antropología e Historia (INAH), le jueves 2 ti’ febrero máanika’, chúunsa’ab u ye’esajil Patrimonio Recuperado, tu’ux ku béeytal u cha’anta’al úucchben nu’ukulo’ob kaxta’an ka’alikil táan u beeta’al meyajo’ob tu jaatsil 3 Tren Maya, tu lu’umil Yucatán.Te’e e’esajilo’ yaan kuumo’ob beyxan u nu’ukulilo’ob janal yéetel úuchben ts’íib. Le je’ela’ ti’ ts’a’aban tu kúuchil Centro INAH Yucatán, yéetel yaan u táakbesa’al ti’ uláak’ jump’éel e’esajil asab nojoch kun ts’a’abil Ciudad de México, tu’ux ma’ je’ets’ek u k’iinil mix u kúuchili’. U INAHil Yucatáne’ yaan u túuxtik óoxlajunp’éel nu’ukulo’ob tak te’elo’.  
INAHe’ ts’o’ok u máansik u jejeláasil ba’alo’ob; yaan k’iine’ jach p’ata’an yéetel mix chíika’ani’, ba’ale’ walkila’ u jala’achil u noj lu’umil Méxicoe’, táan u tóoch’tik yéetel táan u ts’a’abal u taak’inil u yúuchul meyaj te’e mola’ayila’, ts’o’okole’ lela’ táan u béeytal tumen ktáakpajal ti’ meyajo’ob ku beeta’al je’el bix Tren Maya”, tu tsikbaltaj  José Arturo Chab Cárdenas, máax jo’olbesik Centro INAH Yucatán.
Le beetik walkila’, tuláakal ba’ax ku beetik INAHe’ unaj u k’a’aytal tu táan kaaj, beyxan unaj u k’ajóolta’al tumen ajxaak’alo’ob yéetel uláak’ áarkitekto’ob, úustkinaj kúuchilo’ob yéetel le mola’ayo’.  
Beyxan, yóok’lal u nu’ukbesajil Salvamento Arqueológico del Tren Maya ts’o’ok u yutskíinsa’al k’a’anan kúuchilo’ob; jayp’éel ti’ le je’elo’obo’ ku ye’esalo’ob ti’ le ba’ax jts’a’ab k’ajóoltbil bejla’o’, tu ya’alaj.  
Beyxan, tu tsikbaltaje’, te’e k’iino’ob ku talaa’,  yaan u beeta’al u ye’esajil Ciudad de Méxicoe’ ti’ le nu’ukulo’ob kaxta’an tak walkila’, ichil u meyajilo’ob Tren Maya, tumen tak walkila’ maanal ti’ 7 mil nu’ukulo’ob kaxta’an ba’ale’ chéen 13 kun túuxtbil.Yóok’lal túun le e’esajilo’, j-arkeeologóo Ricardo Mateo Canul tu tsolaje’, nu’ukul asab ts’aka’an jump’éel wóolis baasóo póola’an, tu táanile’ woja’an juntúul wíinik ts’a’aban u ba’alil u kaal yéetel xáachebta’an u ts’o’otsel u pool. Tu ya’alaj xane’, nu’ukule’ yanchaj tu jats k’iinil k’ajóolta’an beey Clásico Tardío.
"
"Xmeeyjul ko’olelo’obe’ yaan u k’a’aytik u koonolo’ob tu paarkeil El Crucero, tu kaajil Cancún",03/02/2023,"Ko’olelo’obe’ kóojo’ob tu paarkeil El Crucero, yaan tu kaajil Cancún, ti’al u ye’esik ba’ax ku koniko’ob, ti’al beyo’ u yantal u náajal taak’ino’ob, je’el bix xan ti’al u mu’uk’ankúunsa’al meyajo’ob ku beeta’al ti’al u yantal meyaj xma’ sajbe’entsil ti’al mix máak. Le je’ela’ táan u taal u beeta’al ichil u meyajilo’ob ti’ u cha’anil Feria Manos Emprendedoras, beeta’an tumen u jala’achil le péetlu’umo’. “Ti’ meyajo’ob beya’ ku ts’a’abal u kúuchil ti’al u ye’esik ko’olel ba’ax ku meyajtik, beyxan k ts’áak u páajtalil u ka’anal uláak’ ba’alo’ob, yéetel k-e’esik ti’ob ba’ax bejil k’a’abéet u ch’a’ako’ob ti’al u ts’áakubáaj de aaltáa, u kaniko’ob bix u meyajta’al taak’in yéetel walkila’ táan kts’áak u kaambalil e-commerce, ti’al u béeytal u kona’al ba’al ti’ Internet”, beey tu tsikbaltaj Landy Ortega Ceballos, máax jo’olbesik Empoderamiento y Desarrollo Sustentable ti’ u mola’ayil Instituto Quintanarroense de la Mujer.
Landy Ortega tu ts’áaj k’ajóoltbile’, chéen tu kaajil Othón P. Blanco ts’o’ok u yantal 800 u túul ko’olel ts’o’ok u táakpajal te’e meyaja’, yéetel tu méek’tankaajil Benito Juáreze’ táan u bin u ya’abta’al, ba’ale’ ma’ ojéela’an jach jaytúuli’ tumen táan u ts’o’okol u xo’okol.Leti’ xane’ tu páayt’antaj ko’olel ti’al ka táakpajak ti’ kaambal ku beeta’al. Tuláakal u k’a’aytajilo’ob yóok’lal le meyajo’obo’ ti’ ku k’a’aytal tu kúuchil Facebook: IQM Instituto Quintanarroense de la Mujer.
"
U táamalil Candelaria: u xe’ek’il miatsilo’ob,03/02/2023,"To’on mexikoilo’one’ u paalilo’ob ixi’im; le beetike’ úuch suuka’ak to’on k-ets’kúunsik táamali’; le ku pak’achta’al yéetel juuch’o’, tumen beey káaj u beeta’al ka’aj k’uch le sak wíiniko’obo’, úuchik u taasa’al katolikóo tuukul tu’ux ku k’iimbesaa’al u paalil yuum k’uj tu k’iinil 6 ti’ enero. Kéen xota’ak u rooskail reeyes te’e k’iino’, ts’ota’an le mejen muñeekosil, yéetel le ku chíikbesa’al Cristo táant u síijil te’e waajo’, le beetik túune’ ti’ le máax kun jóok’ole’ yaan u yantal u ts’áak u ki’il janalil ti’al 2 ti’ febrero; jump’éel ba’al suuka’an u beeta’al ichil tukáakal u lu’umil México ja’ab man ja’ab.
"
Wóolpóoch’ juntúul k’a’anan kaan chéen Yucatán ku yantal,03/02/2023,"U sientiifikoil k’aaba’ le kaana’ leti’ le je’ela’: Agkistrodon russeolus. Le kaana’ jach k’a’anan ti’ wíinik tu yóok’lal u ts’aakil, ba’ale’ sajbe’entsil xan tumen ku chi’ibal yéetel kéen u beete’ jach séeba’an u beetik k’aas. Méek’a’an tumen u baatsil Viperidae, tu’ux láayli’ táaka’an uláak’ chi’ibal kaani’.
Je’el u k’uchul u p’is tak 1.20 meetros u chowakil, yéetel ku piim. U boonile’ samal boox wa chak-koob; yaan u baandasil k’atik yéetel bak’pachta’an tumen sakpile’en eskaamáas.   
“U neje’ bekech’, yéetel ku k’a’abéetkunsik ti’al u máan chuuk, tumen kéen u kope’, ku tich’ik u chan puuntae’ ti’al u péeksik óoli’ je’ex juntúul xnook’ole’”, tu tsikbaltaj Pedro Nahuat Cervera, jbioologóo jach kaambanaja’an yóok’lal reptilées.  
Le kaana’ siijil tu lu’umil Yucatán; ku yila’al tu baantail xaman, tumen tikin le te’elo’. Ba’ale’ ku yila’al xan tu’ux óol ch’uul lu’um, je’el bix Calakmul, yéetel Tabasco. Tu lu’umil Yucatáne’ yaan jo’op’éel u jejeláasil, yéetel u ts’aake’ k’a’anan ti’al wíinik. “Ma’ xaan wa tu paachil k’iine’, ken beeta’al uláak’ xaak’alo’ob yóok’lale’, je’el u yila’al wa ku ts’akik jump’éel k’oja’anil yaan ti’ wíinik”, tu tsikbaltaj.  
"
Yanchaj u múuch’kabil Constituyen la Coordinadora de Comisariados Ejidales y Comunales de Yucatán,07/02/2023,"Le 4 ti’ febrero máaniko’, yanchaj Coordinadora de Comisariados Ejidales y Comunales de Yucatán, tu’ux táakpajal maanal 150 u túul éejidal jkomiso’ob ti’ le péetlu’umilo’.
Ichil jets’tsíibil beeta’ab tu méek’tankaajil Motule’, k’áata’ab ka yanak k’éexilo’ob ti’ u agrario mola’ayo’ob, yéetel ka mu’uk’ankúunsa’ak éejido’ob, beyxan táan u páa’tik u k’uchulo’ob le 10 ti’ abril ku taala’ tak Ciudad de México, ti’al u k’ubiko’ob ti’ u jala’achil u noj lu’umil México,  Andrés Manuel López Obrador, jump’éel ts’íib ti’al u k’áatiko’ob ka u yáant u meyajta’al k’áax ti’ mexikoil noj lu’um. 
Ichil ba’ax a’alab tumen Agraria de Motul, jbeeta’ab tumen Coordinadora de Comisariados Ejidales y Comunales del estado de Yucatán, le múcuh’tambal beeta’ab tu kaajil Felipe Carrillo Puertoe’, yáax beeta’ab tu kaajil Saki’, walkil jo’op’éel winalo’ob paachil, tu’ux tsikbalta’ab jejeláas tuukulo’ob k’a’anan u ti’al le éejidoo’; ts’o’okole’ beeta’ab tu kaajil Chocholá; suunajo’ob Saki’ yéetel ka’aj ts’o’oke’ máano’ob Tekax. Tu jo’oloj le je’elo’, leti’e’ ka’aj beeta’ab tu kaajil Motul.
Béey túuno’, yéetel múuch’tambal beeta’abe’, ku chíikpajal xan le péetlu’umila’, ichil péekbal ku taal u beeta’al tumen éejidal jkomisilo’ob ti’ uláak’ u péetlu’umilo’ob México, je’el bix Guerrero, Querétaro, Puebla, Morelos, Estado de México, Oaxaca yéetel Ciudad de México. 
Beyo’, u péetlu’umil Yucatáne’ táan u núupul ti’ u múuch’il Nuevo Agrarismo táan xan u péek walkila’, yéetel yaan u much’ikubáaj ichil Convención Nacional Agraria, le 10 ti’ abril ku taala’, tu Zócaloil Ciudad de México.
U tuukulile’ leti’ ka súutuk u yich u mola’ayilo’ob áanti ku meyajta’al lu’um tu lu’umil México, ti’al u ch’éenel u to’okol u k’áax kaajo’ob, beyxan ti’al ma’ u péech’óolta’al éejidatario’ob mix xan máaxo’ob meyajtik kolnáalo’ob.  
Yéetel le tuukul je’elo’, ku je’ets’el jayp’éel ba’alo’ob yéetel tuukulo’ob jok’a’an ti’ le múuch’tambal ts’o’ok u beetchajalo’obo’:Ichil uláak’ ya’abach ba’al ku k’áata’ale’, ti’ yaan ka táakmuk’ta’ak Ley Agraria, tu’ux ka yanak u sáasilkúunsa’al ba’ax unaj u yúuchul tu’ux ma’ k’ucha’an a’almajt’aani’, je’el bix: kéen p’ata’ak ti’ uláak’ máak páajtalilo’ob, kéen je’ets’ek páarselas beey u ba’alumbáaj baatsil, bix kéen ch’a’anukta’ak u páajtalil u meyajta’al lu’um tumen kaaj, ichil uláak’ ba’alo’ob.  
"
Ichil meyajo’ob tu jaatsil 4 ku beeta’al ti’ Tren Mayae’ ti’ yaan kúuchil e’esajil yéetel hotel Chichén Itzá,07/02/2023,"Le lunes máanika’, ka’aj k’a’ayta’ab bix yanik u meyajilo’ob u jaatsil 4 ti’ Tren Maya, ku yáalkab Izamal tak Cancún, máax jo’olbesik Instituto Nacional de Antropología e Historia, Diego Prieto, tu ya’alaje’ ichil noj meyajo’ob ku tukulta’ab u beeta’al ka’alikil u meyajta’al beje’, ti’ yaan u kúuchil e’esajil Museo de Sitio, tu yúuchben kaajil Chichén Itzá, Yucatán.
Beyxan, tumen le kúuchila’ leti’e’ ku jach xíimbalta’al ichil tuláakal u noj lu’umil Méxicoe’, yaan u tuukulil u beta’al uláak’ jump’éel kúuchil ti’al u k’a’amal wu’ulabo’ob; le je’ela’ jump’éel otel tu’ux kun ts’áabil 96 kwaartos, tu tséek u kúuchil Centro de Atención a Visitantes, kex 500 metróos náach ti’ le úuchben kaajo’.
Tu súutukil beeta’ab ja’atskab k’iinil tse’ek Palacio Nacionale’, meyajnáalo’ob táaka’ano’ob ti’ meyajo’ob ku beeta’ale’, tu ya’alo’obe’ ti’al u beeta’al otele’ yaan u k’a’abéetkunsa’al maanal 6 mil ektaareas, yéetel tukulta’an u ts’o’oksa’al ti’al u k’iinil 30 ti’ novimbre ti’ le ja’ab yaniko’ona’.  
Le kúuchila’, chéen jump’éel ti’ le wakp’éel tukulta’an u yantal tu chowakil bej táan u beeta’al ti’ le Tren Mayao’; le uláak’ otelo’obo’ ti’ kun yantalo’ob Edzná, Calakmul (Kaanpech), Nuevo Uxmal (Yucatán), Tulum (Quintana Roo) yéetel Palenque (Chiapas).Máax jo’olbesik Fonatur, yéetel máax ti’ k’ubéenta’an u meyajil Tren Maya, Javier Maye’, tu ya’alaje’ le jaats bejila’ ku méek’tantik 239 kilómetróos dée a ka’akap’éel éelektrifikaada bejo’ob, ku yáalkab Izamal tak Cancún, tu chowakil bolonp’éel méek’tankaajo’ob, yéetel ti’ 17  u p’éel mejen kaajo’ob tu péetlu’umilo’ob Yucatán yéetel Quintana Roo.
Tu jaats bejil 4e’, máaxo’ob kun na’akalo’ob Trene’, yaan u béeytal u na’akalo’ob yéetel u yéemelo’ob  ti’ je’el máakalmáak ti’ le óoxp’éel éestasyono’ob kun ts’a’abil Chichen Itzá, Saki’ yéetel Cancún Aeropuerto, je’el bix xan ti’ jump’éel ti’ le ka’ap’éel páaradero yaan u ts’a’abal Nuevo Xcan yéetel Leona Vicario.
Maye’ tu ya’alaj tu baantail u éesatsyonil Cancún Aeropuerto yaan u beeta’al jump’éel kúuchil ti’al u ts’aatáanta’al bej yéetel jump’éel táayer, beyxan kocheeráa ti’al le bagono’obo’, yéetel tu ya’alaje’ tu jaatsil 4e’ yaan u k’a’abéetkunsa’al jump’éel miyoon 272 mil meetros kuubikóos balasto, 60 mil u tóoneladasil riel yéetel 858 mil durmientes táan u meyajta’al Umán, Yucatán.
Beey túuno’, ichil tuláakal le jaats bejilo’, Tren Mayae’ ts’o’ok beetik u yantal maanal 62 mil u p’éel meyajo’ob.  
"
Maanal 5 mil máako’ob kíim úuchik u tíitikubáaj u lu’umil Turquía; yanchaj uláak’ u’uyab 7.5 u chichil,07/02/2023,"Aj-áantajo’ob yéetel ajkanano’obe’ ku máano’ob kaaxan ti’al u yilko’ob wa yaan máax láayli’ kuxa’an tu yáamil le seten ba’al jníik te’e kaajo’obo’. U meyajnáalilo’ob Salud, Fahrettin Koca, tu ya’alaje’ yanchaj kex 11 mil 119 u túul máak úuch loob ti’, kex ti’ lajunp’éel méek’tan kaajo’ob.
"
"Jo’ yaan u jach ko’ojil maan ku beeta’al ti’ ba’ax k’a’abéet ti’ wíinik, tu noojol-lak’inil México: Profeco   ",08/02/2023,"Tuka’atéen, tu noj kaajil Jo’ yaan u asab ko’ojil ti’ ba’ax ku k’aba’tik kaanastáa baasika, ichil u noojol-lak’inil u noj lu’umil México, ba’ale’ láayli’ te’e kaajo’ ku ko’onol u réegular gáasolinail ku jóok’sa’al tumen PEMEX maas ma’ ko’oji’, beey a’alab tumen Ricardo Sheffield Padilla, máax jo’olbesik Procuraduría Federal del Consumidor (Profeco).
Le je’ela’ beey tu ts’áaj k’ajóoltbil le lunes 6 ti’ febrero máaniko’, úuchik u beeta’al k’a’aytaj tsikbal tu ja’atskab keetil jala’ach Andrés López obrador, tu jaatsil Quién es Quién en los Precios.
Le seemanáa máaniko’, Sheffield Padilla tu ts’áaj k’ajóoltbile’, ichil u baantail noojol-lak’ine’, Central de Abasto ti’ u kaajil Jo’, Yucatáne’, tu chíikbesaj yaan u jach ko’ojil maan ku beeta’al tumen wíinik ti’al u yantal ti’ le ba’alo’ob jach najmal u ti’al u tséentikubáaj, tumen u ti’ale’ u manike’, k’a’abéet u bo’otik mil 080.86 pesos.
Beey túuno’, le lunes máanika’, k’a’aytabe’ láayli’ beey ko’ojil yaniko’, tumen ko’oj 24 u p’éel ti’ ba’alo’ob táakbesa’an ichil kaanastáa baasika. “Tu baantail noojol-lak’in yaan u jach ko’ojil maan tuka’atéen; beey chíikpaj ti’ koonol ku beeta’al Central de Abastos de tu kaajil Jo’, tumen ku tojoltik mil 100 pesos yéetel 96 séentabóos”, tu ya’alaj. 
Ka’alikile’, le maas ma’ ko’oj yaan te’e baanta’a, leti’e’ maan ku beeta’al Bodega Aurrera ti’ u kaajil Veracruz, tumen ku tojoltik 918 pesos yéetel 40 séentabóos.
U tojol gáasolináa
Beey túuno’, yóok’lal u tojol gáasolinae’ Ricardo Sheffielde’ tu ya’alaje’, le semaana máaniko’, u proomedyoil u tojole’ le réegularo’, tu lu’umil Méxicoe’, k’ucha’an tak 22 pesos yéetel 10 séentabóos u liitroil, ka’alikil preemiune’, 24 pesos yéetel 23 séentabóos; diésele’ ku tojoltik 23 pesos yéetel 63 séentabóos. 
Ba’ale’ tu kaajil Jo’ yaan le ma’ jach ko’ojo’, tumen ema’an 28 séentabóos u tojol le réegularo’; ku tojoltik 21 pesos yéetel 29 séentabóos. U jach ko’ojile’ leti’e’ ku ko’onol tumen u mola’ayil Mobil, tu kaajil Monterrey, Nuevo León, tumen ku yantal u bo’ota’al 23 pesos yéetel 89 séentabóos yóok’lal jump’éel litróo.
"
U k’áaxilo’ob Fonature’ yaan u táakbesa’alob ichil le najmal u kaláanta’alo’obo’: Andrés Manuel,08/02/2023,"U jach k’a’anan ba’ax ku tukulta’al u beeta’al tumen Fondo Nacional de Fomento al Turismo (Fonatur) ti’ kun ts’a’abil tu kaajil Cancún, tumen ti’ kun éets’el u yáax kúuchil Centro Integralmente Planeado ichil tuláakal u noj lu’umil México, tumen kex u ya’abil k’áax kaláanta’al te’elo’ ts’o’ok u ko’onole’ láayli’ yaan jayxéet’ p’aatali’, yéetel leti’ le je’elo’ob kun táakbesbil ichil ba’ax táant u jets’a’al tumen jala’ach. Jala’ache’, tu ya’alaj ts’o’ok tak u mokts’íibtik.
“Ts’o’ok u ch’a’abal k’áaxo’ob yéetel kúuchilo’ob, tumen le je’elo’obo’ u ba’alumbáaj kaaj, ma’ k k’áat ka úuchuk ba’al beyo’, ts’o’okole’ taak kkaláantik le ba’alo’oba’ tumen wa ma’e’ yaan u yóota’al ch’a’abil tumen Fonatur; yaan ba’alob jach yaj óol bix ucha’anil, tumen yaan k’iine’ ku majáanta’al tak u préesidensial naajil Cancún, tene’ mix tech in k’a’abéetkunsik… ku majáanta’al ka’ach ti’al u beeta’al k’iimbesajo’ob, yéetel ku k’ubul tu k’ab fúunsyonaro’ob”, tu ya’alaj jala’ach.
U majáanta’al le présidensial yaan tu kaajil Cancún, ku k’a’ayta’al ka’ach ich Booking yéetel Airbnb tumen u meyajnáalil Fonatur yaan ka’ach te’elo’, Raúl Bermúdez, le beetik tse’el meyaj ti’ tu ja’abil 2021. Jala’ache’ tu ch’a’achibtaj uláak’ ba’alo’ob ucha’an, je’el bix k’áax mana’ab tumen máax tu beetaj u jala’achil Sinaloa Antonio Toledo, tu kaajil Playa Espíritu, tu’ux tu bo’otaj 120 miyoonesil dolarées yóok’lal. 
Beey túuno’, tu ts’ooke’, tu ya’alaj, yan kex 15 mil ektaareasil k’áax ichil tuláakal u noj lu’umil México, tu péetlu’umilo’ob Baja California Sur, Sinaloa, Oaxaca, Nayarit yéetel Quintana Roo láayli’ p’aatal tu k’ab Fonatur. Ba’ale’ ti’ le u ts’ook lu’uma’ u ya’abil k’áaxo’obe’ ts’o’ok u ko’onol, yéetel kex beyo’ “tuláakal ba’ax láayli’ p’aatal Cancúne’ yaan u yila’al bix u kaláanta’al”.  
Tu tsolaje’ yaan tu’uxe’ beeta’an najo’ob tu’ux eets’el múuch’kajtalo’ob yéetel tak u kúuchil u báata’al golf, tu’ux asab ko’oj u jóok’ol ti’ Fonatur u kaláantik, keetel yéetel le bajux ku bo’ota’al ti‘ kéen majáanta’ak. “U balile’ ka ts’a’abak u p’iis ba’ax ku yúuchul, to’one’ ma’ táan kcha’ak u beeta’al ba’ax ma’ no’oja’an yéeteli’. Le beetik (u suta’alo’ob) kaláanta’an k’áaxo’obe’ yaan u sutik ti’ le noj lu’uma’, yaan u suut ti’ kaaj”, tu ya’alaj López Obrador.
"
Chilenoil jo’olpóopo’obe’ ku yilko’ob ''jach talam'' yanik ba’al yóok’lal k’áax ku yelel ,08/02/2023,"Maanal 290 mil ektaareas ts’o’ok u tóoka’al ti’ le ts’ook k’iino’oba’, le beetike’, u jo’olpóopilo’ob le lu’umo’ chi’ichnako’ob tumen jo’oljeak martese’ káaj u yu’ubal ooxol, tu noj kaajil Santiago, tak tu baantail le noojolo’, tu’ux jach chich u yáalkab k’áak te’e ts’ook k’iino’oba’. Máax beetik u súubsekretaaryoil Interiore’, Manuel Monsalvee’ tu ya’laaje’ yaan áantaj máako’ob túuxta’an tumen Colombia yéetel uláak’ jun jaats tumen México.
"
K’a’ayta’abe’ maanal jump’éel miyoon ektareas k’áax bíin k’a’alak México ti’al u kaláanta’al: Semarnat,09/02/2023,"María Luisa Albores González, máax jo’olbesik Secretaria de Medio Ambiente y Recursos Naturales (Semarnat), tu k’a’aytaje’ tu noj lu’umil México bíin ts’a’abak jump’éel bioloojikóo bej yaan u táakbesik maanal jump’éel miyoon ektareas, ts’o’okole’ leti’ u ka’ap’éel kaláanta’an k’áax asab nojoch tu lu’umil América, tu paach Las Amazonas. Beey úuchik u tsikbaltik xmeyajnáal le miércoles 8 ti’ febrero máanika’, tu súutukil úuchik u chéensa’al u 13 u téenil u beeta’al Reunión Anual GCF Task Force yéetel u múuch’tambalil Primera Cumbre Biosphera, táan u beeta’al tu kúuchil Centro de Convenciones y Exposiciones Yucatán Siglo XXI.
Te’e súutuko’ táakpaj u jala’achil u lu’umil Yucatán, Mauricio Vila Dosal; Gautier Mignot, u éembajadoril Unión Europea; William Boyd u meyajnáalil GCF Task Force; Manuel Redondo, máax jo’olbesik PRONUS - Fira Barcelona México, yéetel Dorothy Ngutter, máax beetik u koonsul jéeneralil yéetel príinsipaal óofisialil Estados Unidos, tu noj kaajil Jo’.
Albores Gonzáleze’ tu tsikbaltaj ba’ax utsil ba’alo’ob ts’o’ok u yantal yóok’lal nu’ukbesajo’ob ku taal u beeta’al tumen u jala’achil u noj lu’umil México, je’el bix Sembrando Vida, tumen yéetele’ ku táakmuk’ta’al meyajo’ob ku beeta’al tumen kaajo’ob yéetel ts’o’ok xan u yáantaj ti’al u ka’a kuxkíinsa’al u k’áaxilo’ob México.
Ichil xaak’alo’ob beeta’an tumen Conafore’, ichil u ja’abil 2010 tak 2019e’, k’askúunta’ab yéetel ch’aka’ab kex ma’ cha’aba’ane’ 212 mil ektaareas ichil tuláakal u lu’umil México, ba’ale’ yóok’lal u meyaj jala’ach te’e k’iino’oba’, ichil 2020 tak 2021e’, le je’elo’ éemij, tumen j-éem tak 170 ektareas.Ichil ba’ax tu ya’alaje’, u mola’ayil jala’ache’ táan u meyaj ti’al u beetik jump’éel bioloojikóo noj bej, tu’ux yaan u táakbesa’al u baantail Calakmul, Kaanpech, tak Belice yéetel Guatemala. “To’one’ k k’áat ka kaláanta’ak miyoon y meedyoil ektareas”, tu ya’alaj. 
Jala’ach Vila Dosale’ tu ya’alaje’, ichil u meyajil 13 Reunión Anual del Grupo de Trabajo de Gobernadores sobre Clima y Bosques (GCF Task Force) béeychaj u je’ets’el jayp’éel mokt’aano’ob, “yéetelo’obe’ táan u kaxta’al u kaláanta’al k’áaxo’ob, u yéensa’al le beyka’aj che’ ku ch’a’akal yéetel le beyka’aj k’áax ku k’askúunta’al, je’el bix xan u kaxta’al no’ojan meyajo’ob ti’al u beeta’al kaajo’ob, tu’ux ka chíimpolta’ak k’áax”.
"
''Máasewal kaajo’obe’ k’a’anan ti’al u múul meyajil u ch’éenel u k’askúunta’al yóok’ol kaab'': u ajkananilo’ob lu’um,09/02/2023,"Máasewal kaajo’obe’ k’a’anantako’ob ti’al u kaláanta’al yóok’ol kaab, beyxan ti’al u ch’éenel u seen k’askúunta’al, beey a’alab tumen máasewal máako’ob ti’ jejeláas u noj lu’umilo’on yóok’ol kaab, úuchik u beeta’al u tsikbalil Comunidades Indígenas y Locales en la Conservación.   
Tsikbale’ beeta’ab ikil máan u yáax k’iinil u múuch’tambalil Cumbre Biósphera, táan u taal u beeta’al tu kúuchil Centro de Convenciones Siglo XXI, tu’ux a’alab u k’a’ananil u kaláanta’al tumen táankelemo’obe’ ba’ax u yojel kaaj, beyxan kuxtal yaan yóok’ol kaab, tumen míin leti’ “u ts’ook ja’abil máako’ob” je’el u béeytal u beetiko’ob wa ba’ax yóok’lal u talamilo’ob le yóok’ol kaaba’.
Beyxan, tu ya’alajo’obe’, kex ma’ utse’, ku tukulta’al leti’e’ kaajo’ob “k’askúuntik” k’áax, ba’ale’ u jela’anil yéetel noj kaajo’obe’ ku yantal tumen leti’obe’ ku chíimpoltiko’ob yóok’ol kaab, ku kaláantiko’ob ba’alche’ yéetel ku yutsil k’a’abéetkunsiko’ob ba’ax yaan ti’ob.“Máasewal kaajo’obe’ nuupulo’on múul meyaj ti’al u ch’éenel u loobilta’al yóok’ol kaab”, tu ya’alaj Nansedalia Ramírez Domínguez, máax jo’olbesik u meyajil Jóvenes en la Alianza Mesoamericana de Pueblos y Bosques, ti’ u lu’umil México.
Ichil ba’ax tu ya’alaje’, máasewal kaajo’obe’ ku chíikbesiko’ob u 5 por siientoil kaaj yaan yóok’ol kaab, ba’ale’ leti’ob kaláantik u 80 por siientoil kuxtal yéetel k’áax yaan.
Uláak’ ba’ax tu tsikbaltaje’, leti’ bix u ti’alinta’al k’áax tumen kaaj, tumen ts’o’ok u káajal u beeta’al xan ti’ uláak’ lu’umo’ob; éejido’obe’ yaan ti’ob u páajtalil u ti’alintiko’ob k’áax, le beetik xane’ ku páajtal u beetiko’ob jejeláas meyajo’obi’.Te’elo’ táakpaj xan Miguel Kú Balam, máax chíikbesik Sistema de Patrimonio Agrícola de Importancia Mundial (SIPAM), máax tu ya’alaje’ “wa ka k’uchuk xu’ulul páays i’inaj yéetel koole’ to’on beey maayaone’ yaan kch’éejel xan”. Te’e múuch’kabilo’ táaka’an 36 éejido’ob ti’al u kaláanta’al yóok’ol kaab yéetel ti’al u kaxta’al utsil kuxtal ti’al kaaj. Beyxan tu ya’alaje’ u kaláanta’al i’inajo’obe’ jach k’a’anan tumen táan u ch’éejelo’ob. “Le je’elo’ ba’alo’ob p’ata’an to’on tumen kch’i’ibalo’ob, le beetik k’a’anan kchíimpoltiko’ob xan”, tu ya’alaj.  
"
Aj-áantajo’obe’ tu k’áatiko’ob ti’ uláak’ lu’umo’obe’ ka túuxta’ak áantaj ti’ u xwo’okin kaajilo’ob Siria ,09/02/2023,"Tu jo’oloj máanak jayp’éel k’iino’ob úuchik u tíitkubáaj lu’ume’, ts’o’ok u yantal maanal 12 mil kimeno’ob tu lu’umil Turquía yéetel sirioil kaaj, tu’ux jach k’a’anan u yu’ubal ch’eench’enkil ti’al u kaxta’al wa yaan máax láayli’ k’uxa’an. Ti’ kaajo’ob je’ex Gaziantep, naats’ tu’ux yanchaj u chuun le péekilo’, táan u múul mu’ukul máak tumen jach ya’abtako’ob. 
"
Chimay,10/02/2023,"Le je’ela’ juntúul ch’íich’ kaja’an tu jáal ja’ilo’ob U Petenil Yuactán. U sientifikoil k’aaba’e’ Fregata magnificens. Nuukatako’ob, le beetike’ séeb u yila’al wa leti’, kex ma’ jach táaj suuk u yila’ali’, mix xan ku t’úuchulo’ob kaabal; óoli’ mantats’ ku máan u xik’nal yéetel kéen éemeke’ ku beetik ti’al u jaantik kayo’ob. Suuk u múuch’ yantal yéetel uláak’ u yéet ch’íich’il.“U xaaw le ch’íich’a’ kóom, le beetik ma’ suuk u yéemel t’úuchuli’. Ti’al túun u béeytal u janale’ ku yookol, le beetik pata’an u k’aaba’ xan beey piratáa, tumen ku yokoltiko’ob kay ti’ jchuk kayo’ob yéetel p’onto’ob”, tu tsikbaltaj Yazlin Marrufo, jbioologáa ku meyaj tu pláanetarioil Cancún, Ka’Yok’.U neje’ chowak; kéen xik’náalnake’ juul boox u yila’al, ba’ale’ u xiibile’ chak u tseem yéetel u xch’uupile’ sak; le maas táankelemo’obo’ yaan u sakil u poolo’ob yéetel uláak’ tu’ux ti’ u wíinkilalo’ob, ba’ale’ ku sa’atal kéen xuulako’ob.
U ya’abtale’ ku yúuchul lalaj ka’ap’éel ja’ab, ts’o’okole’ ma’ ya’ab u ye’eli’. Kéen tóop’ok u mejenile’ ku xáantal tak bolonp’éel winal tu kaláanta’al le chan ch’íich’o’ tak kéen líik’ik u xiik’.
Je’el u k’uchul u p’is maanal jump’éel meetróo yéetel u aaltalo’ob maanal jump’éel kilo. U koje’ chowak yéetel óol loochol u puuntail. U jejeláasil magnificense’ leti’e’ ku yila’al Caribe Mexicano. 
"
Múuch’kabilo’obe’ ku múul meyajo’ob ti’al uti’al u séeb ila’al wa tsaayal ts’unus ti’ paalal,13/02/2023,"Sueños de Ángel, Este Niño Lindo, Aitana yéetel Asociación Mexicana de Ayuda a Niños con Cáncer (AMANC), yaan u múul múuch’ulo’ob meyaj ti’al u séeb ila’al wa yaan ti’ máax tsaayal ts’unus wa kaanséer. Le je’ela’ tumen táan u  náats’al Día Internacional del Cáncer Infantil. Le k’oja’anila’ ku beetik u yantal u bin 100 u túul paalal ti’al u ts’a’akal tu kúuchil Hospital General Agustín O’Horán.Marissa Goff Rodríguez, máax jo’olbesik AMANC, tu ya’alaje’, ts’unus ku tsa’ayal ti’ paale’ ma’ táan u páajtal u yojéelta’al wa je’el u tsa’ayale’, ba’ale’ wa ka séeb ila’ake’ je’el u yutstal u káajal u ts’a’abal u ts’aakil.Ti’al u séeb ila’ale’, x-onkoologáa pediiatrikáa ku meyaj Hospital General Agustín O'Horán, Natalia Negroe Ocampo, tu ya’alaj kéen tsa’ayak leuseemaie’ ku káajal u jóok’ol u k’i’ik’el máak, u yéek’kume’enta’al kéen u k’olubáaj máak, u jóok’ol k’i’ik’el tu ni’ máak, u nojochtal gaangleos wa u nak’ máak, ichil uláak’ ba’alo’ob.Yóok’lal tumores ku jóok’ol tu ts’o’omel u pool máake’ tu ya’alaje’ ku káajal u yu’uba’al k’i’inam pool, xej yéetel u takchaláankil u máan máak; wa ku tsa’ayal ts’unuse tu linfomasil máake’ ku poloktal u kaal máak, ku tsa’ayal chokwil, ku yéemel u peeso máak yéetel ku k’íilkab máak dée áak’ab.Le 15 ti’ febrero’ ku taala’ yaan u máan Día Internacional del Cáncer Infantil; le beetike’, láas 7 áak’abe’ yaan u beeta’al jump’éel tsikbal tumen CEMIC, p’aatal tu múuch’kajtalil Colonia Roma.“U séeb ila’al wa ku tsa’ayal le k’oja’anila’ je’el u k’exil ba’ax ku taal u k’iin yéetel le k’oja’anila’, tumen kex u ya’abil le paalalo’ob ku yutstalo’obe’, to’one’ k-k’áat ka ya’abak le jaytúul ku píitjo’oltiko’obo’, ti’al beyo’ u k’éexel le 70 por siientoil ku yutstalo’obo’, ti’al u k’uchul tak 90 por siiento”, tu ya’alaj. Leti’e’ yáax ba’ax beetik u kíimil paalal ichil u ja’abil 5 tak 15 ja’abo’ob, le suuk u tsa’ayalo’ leti’e’ leusemiao’, tu paache’ ku taal tumorées ichil sistema nervioso central yéetel tu ts’ooke’ linfoomáas.Francisco Pantoja Guillen, j-onkoologóo pediatra ku meyaj O’Horáne’, tu ya’alaj te’e ja’aba’ ku chukik 25 ja’abo’ob úuchik u káajal u ts’a’akal le jats kaajila’, tumen ka’ache’ mina’an mix máak ts’akik wa ts’aatáantik ts’unus ku tsa’ayal ti’ paalal ichil u noojol-lak’inil México, le beetike’ ma’ ojéela’an wa yaan máax píitjo’olt aantes ti’ le 25 ja’abo’ob ts’o’ok u máano’oba’. Walkila’ yaan kex 100 u túul paalal táan u ts’a’akalo’ob, ba’ale’ ja’ab man ja’abe’ ku yantal kex 75 uláak’ túumben paalal yéetel le k’oja’anila’.
"
Yaan u yu’ubal u juum maaya t’aan yéetel u jejeláasil ts’íibo’ob yéetel meyajo’ob kun e’esbil Filey,13/02/2023,"U tsikbalil Ba’ax táan u taal ti’al maayat’aan: Perspectivas de futuro para la lengua maya; u tse’ekil Construcción del ser maya en el teatro cómico regional yucateco; u cha’anil Chaamuuk’tik in tuukul yeetel in kuxtal: fortalezco mi vida y mi pensamiento, je’el bix xan u múuch’tambalil Encuentro con jóvenes, chéen jayp’éel ti’ le meyajo’ob kun yantal ti’al u buluktéenil u beeta’al u cha’anil Feria Internacional de la Lectura Yucatán (Filey) 2023.Jump’éel ti’ le túumben ba’alo’ob táan u beeta’al te’e ja’aba’ ti’al u péektsilta’al yéetel u k’a’aytal ba’alo’ob yaan ba’al u yil yéetel maaya miatsile’, leti’ u táakbesa’al jka’ansaj Luis Antonio Canché Briceño, máax chíimpolta’ab yéetel Premio de Literaturas Indígenas de América (PLIA) 2022, tumen leti’ máax tukult ba’ax meyajo’ob je’el u béeytal u beeta’al te’e ja’aba’.Ichil tsikbal beeta’ab yéetele’, tu tsikbaltaj maaya t’aane’ táan u ka’a chíimpolta’al tumen ya’abach máako’ob ku meyajo’ob ti’ mola’ayo’ob kaambal yéetel xaak’al, je’el bix xan ti’ kaajo’ob.
“To’one’ táan k kaxtik ka chíimpolta’ak yéetel ka ts’aatáanta’ak u jejeláasilo’ob miatsil yaan ichil le noj najil xooka’, ti’al beyo’ u ka’anal xan tumen u xoknáalilo’ob yéetel tumen kaaj”, tu ya’alaj.
“UADYe’ ku chíimpoltik u k’a’ananil maaya ts’íib, le beetike’ u k’áat u péektsil yéetel u ts’áaj ojéeltbil maaya miatsil, tumen tuláakal le je’ela’ ku jóok’ol ti’ u k’a’ananil u k’ajóolta’al yéetel u chíimpolta’al le jejeláas miatsilo’ob yaan”, tu tsikbaltaj. Luis Antonio Canchée’ tu ya’alaje’ yaan u beetik jump’éel noj tse’ek tu táan táankelemo’ob; le je’ela’ Encuentro con jóvenes ku k’aaba’tik.Beyxan, tu yaan u beeta’al uláak’ tsikbal tu’ux kun láak’intbil tumen uláak’ ajts’íibo’ob, tu kúuchil Sedeculta; yaan u ts’áak k’ajóoltbil u ts’íib Gilberto Sierra, ichil uláak’o’ob. Canché Briceñoe’ tu ts’áaj k’ajóoltbil u yáax áanalte’ tu ja’abil 2009, Historias que han sucedido en mi pueblo; ti’al 2021e’ tu jóok’saj Chumayel entre voces y recuerdos, ichil uláak’o’ob.Uláak’ meyajo’ob yaan u beeta’al te’e cha’ano’, leti’e’ xookilo’ob: Bíin meyajnak ten u bóoxel a chi’, tu’ux kun táakpajal Sasil Sánchez Chan yéetel Patricia Chan U; u ts’íibilo’ob U yáajal ja’ats’kab: El despertar del alba, beeta’an tumen Jorge Cocom Pech; xook ich maaya tumen Miriam Leonor Quintal, María Dolores Dzul Barboza yéetel Lizbeth Carrillo.   
Beyxan yaan u ts’a’abal k’ajóoltbil u áanalte’ilo’ob U tsikbalilo’ob u Chúumuk Lu’um, Pueblo maya, ayer y hoy ts’íibta’an tumen Alberto Ruz L’huillier yéetel Morada de dioses. Los componentes anímicos del cuerpo humano entre los mayas clásicos, ichil uláak’o’ob.
"
"Jkíim Proteo, jmexikoil áantaj peek’ ku meyaj ka’ach Turquía ",13/02/2023,"Secretaría de la Defensa Nacional (Sedena) tu k’a’aytaj le domingo máanika’, u kíimil le ba’alche’a’; túuxta’an ka’ach áantaj tu jo’oloj tíitpajak lu’um le 6 ti’ febrero máaniko’. Jk’atun Villedae’, j-áantaj máak yéetel máax ku múul meyaj ka’ach yéetel le peek’o’ tu ts’íibtaj: “In k’áat in wa’al teche’ jach ki’imak in wóol ta wóok’lal, tumen mu’uk’anech ka’achij, jach meeyjulech yéetel mix juntéen lúub a wóol”. 
"
U éejidatarioilo’ob Hampolole’ tu xot’o’ob bej ti’al ma’ u béeytal u meyajilo’ob Tren Mayai’,14/02/2023,"Le lunes máanika’ túumben k’ata’ab u beel u meyajta’al Tren Maya, tu táankabil u kúuchil Junta municipal ti’ u kaajil Hampolol, tumen u mola’ayil Grupo Carsoe’ táan bin u manik tuunich, sajkab yéetel uláak’ nu’ukulo’ob meyaj ti’ yaanal máako’ob, ts’o’okole’ yaan ka’ach jump’éel mokt’aan jets’ik unaj u ma’anal ti’ le éejidatario’obo’, je’ex a’alanil tumen u jala’achil México, Andrés Manuel López Obrador. Tu kaajil Uayamóne’ láayli’ xan beey táan u yúuchulo’.U jkomisil Hampolole’, Wilberth Yam, tu ya’alaje’ ts’o’ok u máan jayp’éel p’isk’iinilo’ob ma’ jóok’sa’ak le beyka’aj material suuka’an ka’ach u jóok’sa’alo’, ts’o’okole’ láayli’ p’aatal 35 mil meetros kuubikóos ti’al u beeta’al le meyajo’ob tu bak’pachil le kaajo’, tumen ma’ táax lu’umi’, ts’o’okole’ yaan tu’ux maas kaabal ti’ uláak’ tu’uxo’obi’.
"
Yaabilaj tu k’iinilo’ob reedes sosyales: u kaaxan núup ti’al u yantal máak,14/02/2023,"Ti’al máaxo’ob táaka’an ichil u nu’ukbesajil ku beeta’al tumen Salud Mental tu mola’ayil Secretaría de Salud de Campeche, pak’be’en k’oja’ane’ jela’an úuchik u taal ti’ob, tumen kex ya’abach ba’al a’alab bíin úuchuk tu ja’abil 2020e’, óoli’ ma’ yanchaj mix máak tu jatsubáaj wa najo’ob tu’ux jach úuch loobilaji’, le beetik máax jo’olbesik Colegio de Sicólogos de Campeche yéetel máax ka’ach jo’olbesik u beeta’al le nu’ukbesajo’, Luis Miguel López Cuevas, tu ya’alaj walkila’, ikil jach mu’uk’an yanik reedes sosyalese’, táankelemo’obe’ ma’ táan u kaxtiko’ob ka máanak ya’abach ja’ab táan u biinsikubáajo’ob yéetel wa máax, ts’o’okole’ séeba’an u kaxtiko’ob wa máax tu yóok’lal le reedes sosyaleso’.Tu ya’alaje’ ma’ k’oja’anil yanik ti’ máak u p’áatal laláaj súutuk tu k’a’abéetkunsik le Interneto’, mix xan k’oja’anil yanik ti’ máaki’, u jaajile’ chéen jump’éel bix u yantal máax yéetel u biinsikubáaj máak, ba’ale’ talamo’obe’ ku yantal kéen p’áatak ma’ patal u k’a’abéetkunsa’al le reedeso’, tumen yaan máaxo’obe’ ku beetiko’ob perfiles chéen ti’al u tusko’ob máak, ts’o’okole’ kéen u beeto’obe’ ku meyaj ti’ob ti’al u beetiko’ob k’aas.Kex tumen jo’olpóopo’ob ts’o’ok u ya’aliko’ob yaan tu’ux óota’an okoltbil máak tumen ma’ patal u k’a’abéetkunsa’al pláataformasil, beyxan yaan loobilaj luba’an ichil Ley Olimpia, ba’ale’ kex beyo’ tu ya’alaj ma’ u yojéelt wa ts’o’ok u yantal wa máax ti’ ucha’an k’aas yóok’lal le ba’alo’oba’; chéen ba’axe’ unaj u ts’aatáanta’al tumen taatatsilo’ob yéetel jo’olpóopo’ob.
Tu ya’alaje’ ku yila’al jach ya’ab u k’a’abéetkunsa’al le pláataformaso’obo’ ti’al u k’ajóolta’al uláak’ máak de jach tu jaajil, tumen yaan k’iine’ talam u k’ajóolta’al máak de yaanal kaajil, chéen ba’axe’ yéetel Internete’ lelo’ ku béeytal.“Ya’abach ba’al kana’ab tu k’iinilo’ob táan pak’be’en k’oja’an, ts’o’okole’ bejla’e’ ma’ tu páajtal u p’ata’al tséelil le reedeso’obo’, ts’o’okole’ ma’ u k’áat u ya’al wa ma’ patali’, u ba’alile’ leti’ u sáasil t’aan máak, u ya’alik u jaajil, je’el bix u beeta’al kéen k’ajóolta’ak máak jach de jaajil”, tu ya’alaj.Ts’o’okole’, “sáasil yanik tu k’iinilo’ob pak’be’en k’oja’ane’ le reedes sosyaleso’obo’ jach k’a’abéetkunsa’ab tumen máaxo’ob ma’ páatchaj u jóok’olo’ob tu yotocho’obi’, ti’al máaxo’ob p’áato’ob meyaj tu taanajo’ob, yéetel ti’al máaxo’ob yanchaj u ch’a’ako’ob xook ti’ Internet, tumen óoli’ ka’ap’éel ja’ab yanchaj u k’alikubáaj máak”, tu tsikbaltaj.  
Kex beyo’, k’a’anan u ts’a’abal u p’iisil u k’a’abéetkunsa’al le pláataformaso’, tumen kex yaan máak u k’áat u k’ajóol uláak’ wíinike’, yaane’ u k’áat yaanal ba’al”, tu ts’ook a’alaj.
"
U yiik’al yaabilaj ,14/02/2023,"Bejla’a’ 14 ti’ febrero, u k’iinil tu’ux ku k’iimbesa’al yaabilaj, je’el bixak bíin chíikpajake’, ku beetik xan u sut taak’in, ma’ chéen ikil u ma’anal siibalo’obi’, tumen ku yantal ya’abach máake’ ku biinsik janal máax u yaakunmaj wa ku biinsik wa tu’ux ti’al u k’iimbesik le k’iina’. Kex beyo’, yaan máaxo’obe’ ma’ táan u cha’ako’ob u máan chéen beey le k’iina’, kex chan chichan ba’ale’ ku maniko’ob wa ba’ax ti’al u ye’esik beyka’aj u péek u puksi’ik’alo’ob yóok’lal wa máax. 
"
"Yaan u ye’esa’al u ba’alil u kaal jk’atun Itzá, ti’ túumben kúuchil ",14/02/2023,"Jump’éel ayik’al nu’ukul, kaxta’ab tu yúuchben kaajil Kabah, ti’alinta’an ka’ach tumen juntúul jmaaya k’atune’, yaan u ye’esa’al tu kúuchil Museo de Arqueología del Puuc, bíin líik’sa’al te’e baanta xano’. Nu’ukule’ kaxta’ab tumen u arkeeologosil INAH, yéetel táaka’an ichil e’esajilo’ob kun yáax chíikbesa’al yóok’lal u nu’ukbesajil Programa de Mejoramiento de Zonas Arqueológicas Promeza, táan u beeta’al tumen u jala’achil u lu’umil México.
"
"Ma’ táan u yila’al u yutsil noj meyajo’ob kun beetbil Pino Suárez, Tulum yóok’lal éejidal talamo’ob yaani’",15/02/2023,"José María Pino Suáreze’ jump’éel kaaj méek’tanta’an tumen u kaajil Tulum. 20 kilometróos náach yanik ti’ le noj kaajo’, yéetel kamp’éel kilometróos náach ti’ kúuchil kun beetbil Aeropuerto Internacional Felipe Carrillo Puerto, ba’ale’ ma’ ojéela’an wa je’el u yila’al u yutsil u beeta’ale’, tumen walkila’ táan u yantal talamo’ob ichil le éejidoo’ yéetel féederal jo’olpóopo’ob.Leonel Gómez Nieto, máax beetik ka’ach u déelegado yéetel máax táaka’an ichil u múuch’il kajnáalo’ob táan u líik’sik u t’aano’obe’, tu ya’alaje’ leti’ob beey kajnáalo’obe’ ku éejentiko’ob ka beeta’ab u noj meyajil le aeropuerto, beyxan le Tren Mayao’, ba’ale’ táan u yantal talamilo’ob yéetel le k’áaxo’obo’; le yano’ob tu jáal ja’il Punta Piedra, tumen ma’ táan u na’atikubáaj máak yéeteli’.
"
U kajnáalilo’ob Pomuche’ ku ya’aliko’ob yaan ba’ax ma’ no’oja’an u ti’alo’ob yóok’lal u k’eexilo’ob Tren Maya,15/02/2023,"Le viernes ku taala’ yaan u yantal jump’éel múuch’tambal ichil u kajnáalilo’ob Pomuch, tu kaajil Hecelchakán yéetel u jo’olpóopilo’ob le péetlu’umo’, beyxan yéetel u mola’ayil Fondo Nacional de Fomento al Turismo (Fonatur)-Tren Maya, tumen pomuchilo’obe’ ku ya’aliko’ob tumen ma’ táan u beeta’al jump’éel paaso peatonale’ yaan u jelbesik ba’al kex ti’ 500 u túul máak sáansamal tumen ti’ le bej ku k’áatalo’ob ti’al u bino’ob tu páarselaob yéetel uláak’ kaajo’ob naats’tako’obi’.  Kex tumen tu ya’alo’obe’ ku éejentiko’ob u beeta’al u meyajilo’ob Tren Mayai’ tumen ku yilko’ob yaan utsil ba’al ku taal yéetele’, tu ya’alo’obe’ k’eexilo’ob ku tukulta’al u beeta’ale’ ma’ tsikbalta’ab yéetel kaaji’ ts’o’okole’ le je’elo’ yaan u beetik u jelpajal bix suuka’an u péek kaaj te’e baantao’; je’el bix u yúuchul yéetel u bejil 17, tu’ux ku núupul yéetel jump’éel noj bej, yéetel ku k’uchul tak jayp’éel kaajo’ob naats’ yaniko’ob, tumen a’alabe’ yaan u beeta’al jump’éel bej ti’al u máan kis buuts’o’ob, ba’ale’ ma’ ti’al u máan máaki’.
"
"Leesbikóo yéetel bíisexual ko’olel, mantats’ u beeta’al loobilaj ti’ob: ONG",15/02/2023,"Ti’ jump’éel xaak’al beeta’ab tumen u múuch’kabil Human Rights Watch, ku meyaj tu kaajil Nueva York, ila’ab bix yanik le jaats kaajila’, ichil 26 u p’éel noj lu’umo’ob, tu’ux táaka’an México, Argentina yéetel El Salvador. Ila’abe’ suuka’an u loobilta’al u wíinkilalo’ob, beyxan u sexual beeta’al k’aas ti’ob, u péech’ óolta’alob tu meyajo’ob wa kéen u yóot u ti’alinto’ob wa ba’ax, ichil uláak’ ba’alo’ob, le beetike’ ma’ tu jach kaxtik máax yéetel u biinsikubáajo’ob.
"
Chíikbesa’ab meyaj ku beetik xwak’ k’áan ti’ u ye’esajil Punto México ,16/02/2023,"U meyaj xwak’ k’áan Rosita Chan, máax síij tu kaajil Kantunilkín, ti’ u méek’tan kaajil Lázaro Cárdenas, jach chíikpaj tu ye’esajil Punto México, ku taal u beeta’al tumen u mola’ayil Secretaría de Turismo, tu noj kaajil Ciudad de México, tu’ux páayt’anta’an Quintana Roo ti’al u chíikpajal tuláakal u winalil febrero. Rosita Chane’ tu ts’áaj jump’éel táayer yóok’lal bix u beeta’al le wak’ k’áano’.“Yéetel le e’esajilo’oba’ ku kaxta’al u chíikbesa’al meyaj ku taal u beeta’al tumen u ko’olilo’ob Quintana Roo, ti’al u náajalo’ob yéetel ba’ax ku beetiko’ob, tumen beyo’ ku yantal uláak’ ba’ax u meyajto’ob tu’ux ka u náajalt u taak’ino’ob, tumen beey jets’a’ab unaj u yúuchul ichil u nu’ukbesajil Nuevo Acuerdo por el Bienestar y Desarrollo, táan u beeta’al tumen jala’ach Mara Lezama Espinosa”, beey a’alab ti’ jump’éel k’a’aytajil beeta’ab tumen u mola’ayil jala’ach.
Ikil táan u beeta’al u ye’esajil “Lo hecho en Quintana Roo está bien hecho”, xwak’ k’áan Rosita Chane’ tu ye’esaj bix u meyajta’al le k’áan suuk u k’a’abéetkunsa’al tu Péetlu’umil Yucatán.U lu’umil Quintana Rooe’ páayt’anta’ab te’e winala’, ichil u ye’esajil Punto México, ti’al u chíikbesa’al ba’ax ku meyajta’al te’e lu’umo’, ba’ale’ beyxan ti’al u k’ajóollta’al xan ba’ax seen yaan ichil uláak’ u péetlu’umilo’ob México.
Punto Méxicoe’ chúunsa’ab tumen xjala’ach Mara Lezama Espinosa, tu noj kaajil Ciudad de México. E’esajile’ ku táakbesik 23 u túul ajmeyaj máako’ob ku béeytal u k’ajóolta’alo’ob tumen yaan u chíikulal ts’íib ku ya’alik: Hecho en Quintana Roo. U máakilo’obe’ ti’ u taalo’ob ti’ u kaajilo’ob Bacalar, Benito Juárez, Cozumel, Felipe Carrillo Puerto, José María Morelos, Lázaro Cárdenas, Puerto Morelos yéetel Othón P. Blanco.Rosita Chane’ tu kanaj u meyaj jump’éel nu’ukul jach suuk u k’a’abéetkunsa’al tu Petenil Yucatán, tumen ya’abach tu’ux ku meyaj ti’ máak. Ts’o’ok u p’áatale’ tak u jeel máako’ob yaanal tu’ux u taalo’obe’ ku k’a’abéetkunsiko’ob xan, tumen jach uts u meyaj tu’ux chokoj u yooxol.K’áano’obe’ ku yutstal u ma’anal te’e  tu’ux ku beeta’al le e’esajilo’, ts’o’okole’ u ye’esajil ba’ax seen yaan tu lu’umil Quintana Roo yaan u béeytal u cha’antal tak le 28 ti’ febrero ku taala’.
"
"Tu kaajil Cancúne’ yaan u beeta’al, lalaj p’iis k’iine’, u k’a’aytajil meyaj ku kaxta’al u yuumil",16/02/2023,"Nu’ukbesaj ku taal u beeta’al ti’al u k’a’aytal ba’ax meyajilo’ob táan u kaxta’al u yuumile’, táan u kaxtik ka yanak meyaj ti’ máax k’a’abéet ti’ ichil u kajnáalilo’ob Benito Juárez. Le beetike’ lalaj miércoles ku xíimbalta’al jump’éel múuch’kajtalil ti’ le baantailo’, tu’ux ku ye’esa’al kex tumen 50 u p’éel mola’ayo’obe’ ba’ax meyajilo’ob yaan ti’ob ti’al kaaj. 
Enrique Morales, máax jo’olbesik Dirección General de Desarrollo Económico  ichil u áayuntamientoil Benito Juáreze’, tu k’a’aytaje’ ichil le xíimbal k’a’aytajil beeta’ab le p’is k’iinil máaniko’, yanchaj tres mil 324 u túul u yuumil meyaj ku kaxta’al ichil tuláakal u jaatsil le mola’ayo’obo’, ts’o’okole’ le je’elo’ táan u bin u ya’abtal tumen táan xan u yantal túumben mola’ayob. “Nu’ukbesaje’ táan kbeetik lalaj miércoles, láas 9 ja’atskab k’iin tak láas 2 u taal u chíinil k’iin. Tuláakal miércolese’ ku k’a’ayta’al tumen jejeláas mola’ayo’obe’, ba’ax seen meyajo’ob mina’an u yuumil; u ya’abile’ leti’e’ otelo’obo’, beyxan nukuch kúuchilo’ob koonol… leti’e’ mola’ayob meyajtik turiismóo táan u kaxtiko’ob ajmeyajo’ob”, tu ya’alaj Enrique Morales. Nu’ukbesaj ku beeta’al te’e semaanáa’ beeta’ab ti’ doomo yaan tu baantail Región 247, ba’ale’ ti’al u yojéelta’al tu’ux kun máan k’a’aytbil le meyajo’obo’, ku páajtal u xak’alta’al u perfilesil Ayuntamiento de Benito Juárezti’ u kúuchil Facebook (@AYTOCANCUN), Twitter (@AytoCancun) yéetel Instagram (@aytocancun).
Beyxan uláak’ tu’ux ku kaxta’al ajmeyajo’obe’ leti’e’ tu’ux yaan ba’al u yil yéetel tráansportée, beyxan jbeet janal, stewards, meeseróos, kanan najo’ob, ichil uláak’o’ob. 
“Tak tu ja’abil 2022e’, táan u máan kaxtbil ichil dos mil, tak dos mil 500 u túul ajmeyajo’ob, ba’ale’ te’e ts’ook k’iino’oba’, maanal tres mil ku kaxa’atili’. Le je’ela’ tumen táan u je’ebel túumben mola’ayo’ob yéetel k’a’abéet u yuumil máax meyajtik”, tu ya’alaj. 
P’áat xan mina’an ajmeyajo’obi’ úuchik u yantal u pak’be’en k’oja’anil Covid-19, tumen kex ya’abchaj máax p’áat mina’an meyaj ti’e’, úuchik u k’uchul 3 por siientoil tak 10 por siientoil , ka’aj káaj u ch’a’ajolta’al u je’ebel mola’ayo’obe’, ya’abach máake’ ts’o’okili’ u kaxtik ba’al u beeej, le beetik ma’ ya’abach máak suunaj meyaji’.   
Ichil tuláakal u ja’abil 2022, mola’aye’ tu beteaj 40 u p’éel le k’a’atajilo’ob meyaja’, yéetel u tuukulile’, ti’al le 2023 yaniko’ona’, ka béeyak u beeta’al 46 u p’éelal.
"
Léek u ki’iki’ óolil u Carnavalil Playa del Carmen,16/02/2023,"Tu táan kajnáalo’ob yéetel xíinximbalo’obe’, chúunsa’ab u k’iinilo’ob le noj ki’imak óolala’, te’e noj kaajo’. Te’e súutuko’, k’a’ayta’ab waxakp’éel k’iino’ob kun xáantal le k’iimbesaja’, tu’ux yaan u béeytal u cha’antal jejeláas ba’alob, yéetel yaan u yantal óok’ot kun káajal tu noj bejil 34, yéetel yaan u yáalka’abtik tuláakal Quinta Avenida, tak Juárez, ti’al u k’uchulo’ob tak tu k’íiwikil 28 de Julio. 
"
Je’el Aeromar: tu k’a’aytaj u jáawal u meyaj tu lu’umil México,16/02/2023,"U kúuchil mola’ay yaan ichil Aeropuerto Internacional de la Ciudad de México (AICM), jóojochil úuchik u sáastal. Jtak’a’ab jump’éel tu’ux ma’ jts’a’ab mix u loogoi’ tu’ux a’alabe’ ma’ táan u líik’il mix jump’éel u péepen k’áak’ilo’obi’, tumen xot’a’ab xan Suministro de Combustible y Servicios Aeroportuarios. Tu jo’oloje’, k’a’aytab ts’o’ok u jach jéets’el u ch’éenel u meyaj te’e noj lu’umila’.
"
Sak xikin,17/02/2023,"Le ba’alche’a’ juntúul ti’ le wakp’éel u jejeláasil báalamo’ob yaan ichil tuláakal u noj lu’umil México, je’el bix báalam yéetel koj; kaja’an ichil u k’áaxilo’ob Área de Protección de Flora y Fauna “Laguna de Términos”.
U sientifikoil k’aaba’ sak xikine’ Leopardus Pardalis, ts’o’okole’ u ch’i’ibale’ u ch’a’amaj ti’ u baatsil Felidae. Ku yantal ichil áamerikanóo kóontinente’, u ya’abile’ tu’ux chokoj u yóoxol.
Jacqueline May Díaz, máax táaka’an tu múuch’kabil Desarrollo y Medio Ambiente, A.C. tu tsolaje’, “u pool le ba’alche’a’ chichan yéetel koob u boonil, yaan ka’at’óol tu p’u’uk’o’ob, yéetel kex kant’óol wa jo’ot’óol tu chowakil u kaal. U xikine’ mejentak yéetel kóoch, ts’o’okole’ óol wóolistak”.  
Wóolis wáaway u tso’otsel. U jobnel yéetel u neje’ boox. “Je’el u k’uchul u p’is ichil 70 tak 90 sentiimetróos, yéetel u neje’ ku p’isik 30 tak 40 sentiimetróos. U aalile’ suuka’an u náakal tak 11 kilóos”.
Séeba’an u jáan u’uyiko’ob wa ba’ax. Jo’op’éel u yaal u k’ab yaan táanil, yéetel tu yooke’ chéen kamp’éel; ts’o’okole’ tu táan u yooko’obe’ yaan u ts’u’uts’ukil, le beetik ku béeytal yaan k’iine’ ma’ tu yu’ubal u xíimbal; yaan u yej u yíich’ak yéetel chowaktak. 
K’áax tu’ux ku yantalo’obe’ ku ti’alintiko’ob yéetel tu juun ku máano’ob, chéen kéen jo’op’ok u kaxtik u núupe’ ku múul yantal yéetel uláak’o’ob, tu tiskbaltaj Marco Antonio Rodríguez Badillo, máax táaka’an tu múuch’kabil Red Manglar México.
Ti’al u janale’ ku ch’úuk, ku chuuk yéetel ku kiinsaj; ku jaantik ch’o’ob, ooch, t’u’ul, ch’íich’o’ob, ichil uláak’ ba’alche’ob.
"
Táan u beeta’al u tsolts’íibil u xíiwilo’ob yéetel u che’ilo’ob yaan tu péetlu’umil Quintana Roo,17/02/2023,"Walkila’, u mola’ayil Secretaría Estatal de Medio Ambiente (Sema) táan u beetik jump’éel noj meyaj ti’al u tsolts’íibtik ba’ax seen xíiwo’ob yéetel che’ob yaan tu péetlu’umil Quintana Roo, ti’al beyo’ u yojéeta’al tu’ux yaan yéetel ba’ax seen yaan ti’ le kaajo’obo’, beey úuchik uya’alal tumen Rafael Reinosa Valdez, u meyajnáalil tu baantail noojol-lak’in ti’ u múuch’kabil Asociación Mexicana de Arboricultura (AMA).Beey túuno’, leti’ tu tsibaltaje’, yéetel le meyaja’ táan u kaxta’al u tsolts’íibta’al u k’aaba’ xíiwo’ob yéetel che’ob, “tumen beyo’ yaan u béeytal k-ilik ba’ax yaan, beyka’aj u jejeláasil, jaykúul che’ yéetel bix yaniko’ob”.
Tu tsikbaltaje’, ichil le xaak’al táan u beeta’al ti’al le tsoolts’íiba’, yaan u béeytal u yojéelta’al wa k’oja’an le che’obo’, yéetel bix yaniko’ob, ti’al beyo’, kéen xak’alta’ak le tsoolilo’ tumen máaxo’ob jach kaambanaja’an yóok’lal che’obe’ yaan u yutstal u je’ets’el tu’ux k’a’anan u beeta’al meyajo’ob, ba’ax kaajilo’ob, tu’ux najmal u pa’ak’al che’ob, ti’al u ka’a kuxkíinsa’al k’áax ts’o’ok u seen ch’a’akal ti’al u beeta’al najo’ob tu’ux u kajtal máak.“Leti’ túun u k’a’ananil le meyaja’, ts’o’okole’ ku béeytal xan u tukulta’al máakalmáak che’ilo’ob uts u yantalo’ob ti’ le lu’umil je’elo’, beyxan tu’ux baantailo’ob uts u pa’ak’alo’ob, wa tu noojolil, wa tu chúumukil, wa tu xamanil le péetlu’umilo’”, tu tsikbaltaj Reinosa Valdez.Uláak’ ba’ax tu ya’alaje’, meyajo’ob ti’al u ka’ansa’al máax kun beetik tsoolts’íibe’ ts’o’ok u káajsa’al u beeta’al tumen u mola’ayil Secretaría de Medio Ambiente ti’ le péetlu’umilo’; tu kaajil Solidaridad yáax beeta’abij. “Ba’ax táan u meyajta’al yéetel le nu’ukbesaja’, leti’e’ tsoolts’íibo’, ba’ale’ beyxan jump’éel mapeo”, tu ya’alaj. Yéetel le tsolts’íibilo’ “yaan u je’ets’el tu’ux unaj u pa’ak’al che’ob, yéetel ba’ax che’ilob, jela’an ti’ jump’éel meyaj ku k’aaba’tik paleta vegetal, tumen le je’elo’ chéen ku molts’íibtik bix le che’obo’ ti’al u béeytal a yéeyik yóok’lal beyka’aj u nojochil, bix u nojochtal, wa ku bo’oykíinsaj wa ma’, beyxan meyaj je’el bix le je’elo’ ku ye’esik bix u boonil kéen loolnaj, ichil uláak’ ba’alo’ob; ba’ale’ meyaj ku beeta’al ti’al le mapeoa’ maas nojoch ti’ le je’elo’”, tu tsikbaltaj.
"
Óoli’ ts’oka’an xaak’al ti’al u yila’al wa yaan úuchben kaajo’ob tu xóot’ bejilo’ob 6 yéetel 7 ti’ le Tren Mayao’,17/02/2023,"Xaak’alo’ob táan u beeta’al tumen Instituto Nacional de Antropología e Historia (INAH), ichil u bejil Tren Mayae’, ti’al u kaxta’al wa yaan uláak’ úuchben kaaj baalale’, óoli’ ts’oka’antak. Walkila’ chéen p’aatal mejen xóot’o’ob tu jaatsil 6 yéetel tu jaatsil 7, tu’ux tak beorae’ ts’o’ok u xak’alta’al u 90 por siientoil, beey úuchik u ya’alal tumen máax jo’olbesik mola’ay, Diego Prieto, úuchik u ts’áak’ k’ajóoltbil tu ja’atskab tse’ekil le jueves máanika’, ti’al u tsikbaltik bix yanik meyajo’ob ku beeta’al ti’al u kaláanta’al yéetel u líik’sa’al úuchben nu’ukulo’ob ku bin u chíikpajalo’ob ka’alikil u beeta’al le bejo’.Tu tsikbaltaje’ xaak’alo’ob yéetel u máan monláantbil ba’ax ojéela’an yóok’lal kúuchilo’obe’, walkila’ ti’ ku beeta’al tu jaatsil 5 Sur (Playa del Carmen tak Tulum), tu jaatsil 6 (Tulum tak Bacalar) yéetel u jaatsil 7 (Bacalar tak Escárcega). TI’ le ts’ooko’oba’ táan u kaxta’al kúuchilo’ob ikil u páana’al lu’um. Walkila’ ts’o’ok u yantal 340 u p’éel kúuchilo’ob meyajta’an, ichil u jaatsil 6, yéetel ts’o’ok u yantal uláak’ 224 tu jaatsil 7, tu’ux yaan u ya’abil ajmeyajo’ob yéetel arkeeologo’ob, tumen chowak le bejo’ yéetel ya’abach tu’ux ku k’áatal.
"
"Yéetel áamparoe’, jueese’ tu jets’aj ka xu’ulsa’ak loobilaj ku beeta’al yóok’ol u kajnáalilo’ob Sitilpech",20/02/2023,"Le sábado 18 ti’ febreroa’, u múuch’kabil Kanan Derechos Humanos, tu ts’áaj k’ajóoltbile’ u múuch’il La Esperanza de Sitilpech, péech’óolta’ab yéetel loobilta’ab tumen ajkanan kaajo’ob, ka’alikil táan u k’atiko’ob bej ti’ jump’éel graanja ti’ le kaajo’; walkila’, ts’o’ok u éejenta’al jump’éel áamparo’ ti’al u yutsilo’ob. 
U múuch’kabil Kanan Derechos Humanos tu k’a’aytaj péech’óol beeta’abe’, lúub tak yóok’ol máax ma’ u chuk mix 18 u ja’abil, tumen kajnáalo’obe’ loxa’abo’ob yéetel yaan jayp’éel u nu’ukulo’ob okla’abij.
Le je’ela’, tu ya’alajo’ob, úuch kex las 3 tu taal u sáastal, úuchik u k’uchul kex 60 yéetel 70 mil áantimotinees tak tu’ux yaan ka’ach u máakilo’ob La Esperanza de Sitilpech, máaxo’ob ts’o’ok lajunp’éel k’iino’ob u k’almo’ob ka’ach jump’éel u graanjail k’éek’eno’ob, úuchik u je’ets’el u xóot’ol u meyaj ti’ jump’éel áamparo.
Ti’ k’a’aytajil ts’íibe’, Kanane’ tu ya’alaje’ ts’o’okili’ u ts’a’abal ti’ob jump’éel áamparo idirekto, jets’a’an tu éexpedienteil 286/2023. Le je’elo’ jts’a’ab tumen u kajnáalilo’ob Sitilpech, úuchik u péech’óolta’alob le sábado máanika’.
Ti’ áamparoe’ “ku takpolta’al úuchik u péech’óolta’al u páajtalil yaan ti’ob ti’al u jáalk’ab a’alik ba’ax ku tukultiko’ob, ts’o’okole’ sajbe’entsil bin u sa’atbesa’al máak, wa u k’a’alal máak chéen beyo’, tumen beey suuka’an u beeta’al ba’al kéen túuxta’ak jpoliso’ob beyo’”.
Tu jo’oloj beeta’ab tak poole’, juues féederale’ ts’o’ok u jets’ik u luk’sa’al jkanan kaajo’ob bino’ob tak tu’ux yaan kajnáalo’ob, je’el bix xan ka yanak u xu’ulul loobilaj beeta’an tumen u mola’ayil Secretaría de Seguridad Pública (SSP) ti’ u lu’umil Yucatán.
Kex tumen walkila’ mina’an ajkanan kaajo’ob jach te’el tu’ux k’ala’an le graanjao’, ts’o’ok u yila’ale’ yaan túuxta’an ti’ kaaj naats’ yaniko’ob, je’el bix Tukás yéetel Izamal, tumen yaan u jkanan kaajilo’ob u péetlu’umil Yucatán, ba’ale’ táan u múul meyajo’ob yéetel u Municipalil Izamal.
Ti’al túun ma’ u xóot’ol u kaláanta’al ja’, mix k’áaxe’, lalaj áak’abe’ ku p’áatal kex 20 u túul máako’ob ti’al ma’ u je’ebel le kúuchilo’. 
"
Ich múuch’tambal beeta’ab ichil u kajnáalilo’ob Pomuch yéetel u mola’ayil Fonature’ ma’ yanchaj mokt’aani’,20/02/2023,"Tu jo’oloj jayp’éel ooráas chúunsa’ak, tu kúuchil Palacio de Gobierno, jump’éel múuch’tambal ichil u mola’ayil Fondo Nacional de Fomento al Turismo (Fonatur), u jala’achil le péetlu’umo’, yéetel u kajnáalilo’ob Pomuche’, a’alabe’ ma’ béeychaj u mokt’anta’al mix ba’ali’. Kajnáalo’obe’ tu tsikbaltajo’ob chi’ichnak u yu’ubikubáajo’ob tumen jo’olpóopo’obe’ ma’ táan u ts’áak u yóolo’ob ti’al u táakmuk’ta’al ba’ax táan u k’áata’al: u líik’sa’al jump’éel paaso peatonal ti’ jump’éel bej yaan u suta’al káarretera, ts’o’okole’ ti’ le bej je’elo’ yaan ya’abach xa’aybejo’ob nupik máak ti’ u páarsela wa tu kajtalil.Xunáan Maríae’, juntúul ti’ le máax yaan u yilik u k’aasil le ba’ax kun beetbilo’, tumen u yotoche’ taak’al yéetel le bej naats’ kun p’áatal ti’ le noj bej tu’ux kun máan Tren Maya, ts’o’okole’ jach chéen leti’e’ naj kun p’áatal kéen beeta’ak le bejo’, ba’ale’ sajak tumen wa ma’ tu beeta’al paso peatonale’ -je’el bix jets’a’ab kun beetbil tu káajbalo’- sajbe’entsil kun p’áatal u ti’al tumen je’el u séeb búulule’, wa je’el u séeb úuchul wa ba’axe’.Ba’ale’, tu ya’alaje’, talam ku taasik u beeta’al u bejil Trene’ ku xot’ik xan u páajtalil u máan máak tu bejil 15 ti’ u kaajil Pomuch, tumen le je’elo’ ku núupul yéetel jump’éel uláak’ jump’éel káarretera nupik uláak’ méek’tankaajo’ob.
Xunáan María yéetel uláak’ kajnáalo’obe’ tu ya’alajo’ob u jeel paasos peatonalese’ yaan kex 1.5 yéetel 1.8 kiloometros náach ti’ob. Le yáaxo’, ti’ yaan ichil u k’áax jump’éel ayik’al fáamilia ti’ le kaajo’, yéetel uláak’ jump’éelo’ ichil u k’áax máax beetik ka’ach u jo’olpóopil le kaajo’, Modesto Pech Huitz, máax u láak’mubáaj xan yéetel máax jo’olbesik junta municipal ti’ u kaajil Pomuch, Nardy Huitz, ts’o’okole’ leti’ yéetel éejidal jkomis Hermilo Aké Couoh, leti’e’ máaxo’ob jets’ tu’ux kun ts’áabil le paaso peatonaleso’. 
"
U máaytajil Rusia; ts’o’ok jump’éel ja’ab léekek u ba’ateltáambalil Ucrania,20/02/2023,"Ti’ u yáak’abilo’ob Moscúe’ ma’ chíika’an wa táan ba’ateli’; kúuchilo’ob koonol ti’ táanxel chik’in lu’umo’obe’ ts’o’ok u sa’atalo’ob, ba’ale’ láayli’ u béeytal u ma’anal u ba’alumbáajo’obi’, beyxan yaan xan u nu’ukulilo’ob ku ma’anal je’el bix le je’elo’obo’ ba’ale’ ruusoilo’ob beetmil. Tu jo’oloj lajka’ap’éel ja’abo’ob ba’atele’, ya’abach ba’al ts’o’ok u k’éexel ti’ kuxtal suuka’an ka’ach u yila’al Rusia, ba’ale’ talam u yila’al, u ya’abile’ yóok’lal u meyajil jala’ach.
"
"Tumen mina’an u nu’ukulil yéetel ma’ tu ts’aatáanta’ale’, ma’ tu béeytal najilo’ob xook ich ka’ap’éel t’aan: xka’ansaj",21/02/2023,"Jejeláas ba’al ku binetik, ts’o’okole’ ma’ táan mix u patka’al tumen u mola’ayilo’ob kaambal, leti’e’ bix yanik kaambal te’e k’iino’oba’, le beetike’ ma’ táan mix u béeytal u ki’imak óolta’al U K’iinil U Yáax T’aanil Wíinik, beey tu ya’alaj xka’ansaj Addy Villarreal, máax ku ts’áak u xookil maaya. 
Bejla’a 21 ti’ febreroe’, ku máan u k’iinil Día Internacional de la Lengua Materna, jets’a’ab tumen Unesco, tu k’iinil 17 ti’ febrero ti’ u ja’abil 1999, ts’o’okole’ máata’ab ti’al u k’a’ajsa’al xan tumen u múuch’kabil Naciones Unidas tu ja’abil 2007.
Xka’ansaje’, ts’o’ok maanal lajunp’éel ja’ab káajal u ye’esik le maayao’, tu kaajil Chanchen Primero, méke’t’anta’an tumen u kaajil Tulum, ba’ale’ walkila’ ku ka’ansaj ti’ u préeskolaril bilingüe Josefa Ortiz de Domínguez, tu kaajil Xcabil, méek’tanta’an tumen Felipe Carrillo Puerto.
Leti’e’ tu ya’alaje’ táan u ch’éenel u suukbesa’al u t’a’anal maaya ti’ jayp’éel u kaajilo’ob le te’elo’, tumen mina’an u nu’ukulil u ye’esa’al mix u ka’ansa’al paalali’. Tu tsikbaltaje’ ya’abach talamilo’ob ku máansa’al ti’al ma’ u cha’abal u kíimil le maitsila’; u ya’abile’ tumen mina’an u yáantajil jala’acho’ob ti’al u péeksa’al u yóol máak u kan le t’aana’. 
“To’on kmeyaj ti’ éedukasion indiijenae’ ma’ táan u bo’ota’al mix uláak’ jump’íit, ba’ale’ u mola’ayil Educación Indígenae’ unaj u sutik u yich u yil ba’ax k’a’abéet ti’ máak yéetel ba’ax ku binetik ti’al le ka’ansajo’, tumen u jaajile’ jach ya’abach ba’al ku binetik, ts’o’okole’ unaj keet yaniko’on yéetel uláak’ máako’ob, unaj xan u ts’a’abal áantaj je’ex le ku ts’a’abal ti’ le uláak’ xookilo’obo’”: tu ya’alaj. 
Addy Villarreale’ tu ya’alaje’ tu juunal ku yilik bix u beetik ti’al u manik ba’ax k’a’abéet ti’ le xoknáalo’obo’, ba’ale’ lelo’ ko’oj u jóok’ol ti’, ts’o’okole’ sáansamal ku yantal u bino’ob te’e mejen kaajo’obo’.  
Tu tsikbaltaje’ xuup ku beetik ti’al u k’uchul tak te’e chan kaajo’, ku tojoltik maanal mil pesos lalaj semanáa, ts’o’okole’ wa ku yilik beyka’aj ku náajaltike’ ma’ tu chukik, “chéen kts’áak k-óol tumen kyaabiltmaj ba’ax kbeetik”.
Xka’ansaje’ ku tukultike’ unaj u beeta’al u ka’anal uláak’ ba’alo’ob yóok’lal maaya tumen le jka’ansajo’obo’, yéetel uláak’ ba’alo’ob yaan ba’al u yil yéetel le ba’ax ku binetik u ka’anal te’e mejen kaajo’obo’.
"
Jach k’a’abéet ka ''pa’ak’ak'' máaxo’ob t’anik maaya yéetel u mola’ayilo’ob xook: Indemaya,21/02/2023,"Eric Villanueva Mukul, máax jo’olbesik Instituto para el Desarrollo de la Cultura Maya (Indemaya), tu ya’alaje’ jach k’a’anan u ka’ansa’al maaya t’aan ti’ baasikóo kaambal ku ts’a’abal tu péetlu’umil Yucatán, ti’al beyo’ u p’áatal jach najmal u beeta’al.Beyxan, tu tsikbaltaje’ jach k’a’anan u k’a’anankúusa’al le t’aana’, ti’al u ka’ansa’al je’el bix u beeta’al yéetel uláka’ t’aano’ob te’e najilo’ob xooko’, je’ex inglés. “K’a’abéet kxíimbalkunsik le meyajo’, kchíimpoltik kti’al le t’aana’, ti’al beyo’ kpak’ik ichil uláak’ máako’ob ka u t’ano’ob le maayao’”, tu ya’alaj.
Graciela Tec Chan, máax jo’olbesik u jaats meyajil Lengua y Cultura Maya, ti’ u mola’ayil Indemayae’, tu ya’alaje’ ti’al u béeykunsa’al le je’ela’ k’a’abéet u yantal u yóol jala’acho’ob ti’al u je’ets’el jump’éel nu’ukbesaj tu’ux ka jéets’ek ba’ax najmal u beeta’al ti’al u ts’a’abal xook je’ex k’a’abéeto’.
Tu winalil febrero ti’ u ja’abil 2022e’, jumpuul úuchik u je’ets’el ichil u Congresoil le péetlu’umo’, maayat’aane’ najmal u chíimpolta’al beey Patrimonio Cultural Intangible ichil u lu’umil Yucatán, t’o’okole’ tu jo’oloj ka’aj káaj u ch’a’anukta’al le túumben ba’ax jets’a’ab ichil Diario Oficial ti’ u Jala’achil u Lu’umil Yucatán.
Yéetel túun ba’ax éejenta’abe’ táan u kaxta’al ka péektsilta’al yéetel ka k’i’itbesa’ak le maaya t’aano’ ti’ jejeláas kúuchilo’ob, ba’ale’ le je’elo’ jump’éel meyaj najmal u beeta’al tumen u mola’ayilo’ob jala’ach te’e noj kaajo’, ba’ale’ beyxan te’e péetlu’umo’.Beyxan, ichil ba’ax ojéelta’an tumen mola’aye’, tu lu’umil Yucatáne’ yaan kex mil 800 u túul u ajka’ansajilo’ob éedukasion indijeena, yéetel u 25 por siientoil kaaje’ ku éejentik ku t’anik maaya’.  Kex beyo’, tak walkila’, mina’an mix jump’éel nu’ukbesaj jets’a’an ti’al u ka’ansa’al le maaya t’aano’ ti’ le najilo’ob xooko.’.“Jach k’a’abéet u béeytal u kaambal paalal ich maaya yéetel ich káastelan t’aan”, tu ya’alaj Villanueva Mukul, máax xan tu ya’alaje’ ya’abach máake’ ku tukultike’ maas ma’alob u ka’anal inglés ti’ maayai’, ba’ale’ leti’e’ tu ch’a’achibtaj xan u k’a’ananil u ka’anal le t’aana’ tumen le paalalo’obo’ “tumen ku béeytal u kaniko’ob jejeláas t’aano’ob… ma’ tu k’astal u tuukul yóok’lal le je’ela’”, tu ya’alaj.
"
Ya’ab ba’al mina’an yéetel mola’ayo’obe’ ma’ tu péek ti’al u ka’ansa’al maayai’: xka’ansajo’ob,21/02/2023,"Suuka’ane’, yáax t’aan ku kanik máake’ yaan ba’al u yil yéetel tu’ux ku líik’il; ya’abach wíinik tu petenil Yucatáne’ tu yáax kanaj maaya ba’ale’ yaan u jeelo’obe’ káastelan, ichil uláak’o’ob. Kex beyo’, ba’ax ku k’a’ajsa’al te’e k’iina’ unaj u ts’áak ktukult bix yanik le jejeláas t’aano’obo’, ba’ale’ u noj ba’alile’, leti’ ka ktukult bix yanik u kuxtal máaxo’ob t’anik, tu lu’umil México yéetel uláak’ lu’umo’ob ti’ yóok’ol kaab, tumen chéen beey kun páajtal u kaxta’al bix je’el u múul kuxtaj kaaj yéetel u jejeláasil t’aano’ob.
"
U k’iimbesajil yáax taan ku kanik wíinik tu kuxtal; u xa’ak’il t’aano’ob ti’ jump’éelili’ lu’um,22/02/2023,"Jo’oljeake’, k’a’ajsa’ab jump’éel k’iin jets’a’an ti’al u chíimpolta’al u yáax t’aanil ku kanik wíinik u t’an tu kuxtal, wa lengua materna. Le je’ela’ beey u k’aaba’inta’alo’ tumen ku ya’alale’ leiti’e’ t’aan ku “chu’uchik” wíinik kéen síijik; leti’e’ yáaxo’. Suuka’an u beeta’al jejeláas tsikbalo’ob, meyajo’ob, tse’eko’ob, e’esajo’ob, ichil uláak’ ba’alo’ob, ti’al u chíikbesa’al ba’ax táan u beeta’al ti’al u táakmuk’ta’al le t’aano’ob yaan tu noj lu’umil México, yéetel uláak’ kaajo’ob ti’ yóok’ol kab. Ba’ale’, le yáax t’aan ku kanik máak u t’an tu kuxta’ale’, ma’ u k’áat u ya’al wa máasewal t’aani’. Le ka’ap’éel tuukulo’oba’, suukchaj u nu’upul tumen u ya’aabil ti’ le máasewal t’aano’ob yaan Méxicoe’, úuch káajak u péech’óolta’al yéetel u tsela’al u muuk’, úuchik u k’uchul le sak wíiniko’obo’, ba’ale’ ts’o’ok u máan jayp’éel ja’abo’ob káajak u yila’ale’, yaan meyajo’ob ku beeta’al tumen mola’ayo’ob ti’al u kaxta’al ka u ka’a u ch’a’aj u muuk’ máasewal t’aano’ob, ba’ale’ ma’ chéen lelo’, tumen yaan xan ya’abach máako’ob máaxo’ob táan u péek tu juunalo’ob wa ich múuch’il ti’al u kaxtiko’ob xan ma’ u sa’atal u t’aanilo’obi’. 
U jach xlo’obayen máax táakpaj ti’al xooke’, juntúul xch’úupal ti’ u kaajil Lilia Belen Juárez, ti’ u kaajil Puebla; tu ya’alaje’ jach táaj ki’imak u yóol tumen líik’sa’ab yéetel u máasewal t’aan u kaajal. Wa ma’ táan u t’anik u t’aane’, míin bejla’a mina’an in wóole’, tu ya’alaj. 
Ka’aj ts’o’ok leti’e’, k’uch u súutukil u béeytal in wa’alik jayp’éel ba’alo’ob xan. Tin k’a’ajsaje’ ti’ tuláakal wíinik yaan jump’éel yáax t’aan u kanmaj tu kuxtal, ts’o’okole’ chéen yóok’lal le je’elo’, k’a’anan je’el ba’axak t’aanil bíin u t’anej. Beyxan k’a’anan u na’atale’, t’aane’ jump’éel ti’ u jejeláasil u chíikulal wíinik, ts’o’okole’ najmal u pakta’al tu túulisil, ma’ chéen kóots man kóotsi’. Le je’ela’ tumen k’a’anan u chíimpolta’al yéetel u yantal meyajo’ob tu’ux ka táakmuk’ta’ak u kuxtal kaaj, yéetel ka ila’ak ka yanak kpáajtalilo’ob je’el bix je’el máaxak ka u t’aan uláak’ t’aano’ob tu lu’umil México. Te’e súutuko’, táakpaj xan Susana Harp, máax beetik u Senadora del Congreso de la Unión de México; Irma Juan Carlos, díiputada féederal yéetel máax jo’olbesik Comisión de Pueblos Indígenas en el Congreso de la Unión; máax jo’olbesik u kúuchil Museo, Patricia Ledesma; yéetel u paalilo’ob ti’ u múuch’il Semillero Creativo.
"
Túumben k’a’ayta’an sajbe’entsil tumen tu tikintal ba’al ,22/02/2023,"Seen tikin ke’el yanchaj ti’ le ts’ook k’iino’obo’, ts’o’ok u beetik u chi’ichnaktal máak te’elo’, tumen tu kaajil Veneciae’ ts’o’ok u beetik u tijil jayp’éel ti’ u beelilo’ob ja’. Máaxo’ob ku meyaj ti’ cheemo’ob yéetel ajxíinixmbalo’obe’ táan u yilko’ob u talamil yóok’lal ba’ax ku yúuchul, ba’ale’ máaxo’ob kaambanaja’an yóok’lale’ tu ya’alo’obe’, yaan ba’al u yil yéetel ka’anal presioon ma’ tu ch’éenel te’e baantao’.
"
U mootsil kch’i’ibal,23/02/2023,"Elisa Chavarrea Chim
Síijen ti' u bo'oyil ya'axche'tin chu’uchaj u kaab u yiimo’ob Ixchel,tu méek’en Itzamná,tu múul sáasilkunto’ob in t'u’ut'u’ul beej.
Síijen ichil u paakat u yaabilaj yuumtsilo’obkex káaj in bin te’ xa’ayil beejo'obo’tin kaxtaj u tojil in beel.
In ch'i'ibalile’ tu mu’uk’ankúuntubaj,yéetel u tsolxikin in chiich,tu máansajten tin náayil,tu k'óoben, tu'ux ku tak’ankúunsikubajjejeláas t'aano'ob,tu’ux ku síijil yaabilajo’ob,tu’ux ku síijil xma’ subtakilo’ob._________________________________________________Bix a beele’ex, bejla’e’ jump’éel ti’ le k’iino’ob tu’ux k’a’ajesik u k’a’ananil ba’axten k’a’anan kmeyaj yéetel kchíimpoltik maaya t’aan, ba’axten ma’ unaj u sa’atali’. Ba’ale’ ma’ chéen bejla’e’, k’a’ana’an sáansamal.
Kex óota’ab tse’elel in t’aane’, ma’ j-úuchi’; kex a’alabten a t’aanik maayae’ yaan a pe’ech’ óolta’al, ma’ úuchi’, yaan máax a’alten ma’aten a wu’uyaj ich maaya, bejla’e’ ku bin in we’esik maaya t’aane’ ku ketikubáaj yéetel uláak’ t’aano’ob ku taal ti’ tanxéel tu’uxo’ob.
Chéen ba’ale’ ma’ chéen ka kt’aan maayai’, k’a’ana’an xan u múul bin yéetel uláak’ tsikbalo’ob yo’olal u kuxtal maaya kaaji’, yéetel toj óolal, yéetel a’almaj t’aan, tumen kex beeta’ak ya’ab ba’alob wa ma’ tu machikubáaj yéetel uláak’ meyajo’obe’ ma’ tu k’uchul mix tu’ux.
Maayae’ unaj kpáaktik beey le che’ob wey síijnalo’ob tu lu’umil Yucatán, yaan u muuk’, ts’o’ok u ye’esajle’ le che’ob weyilo’obe’ jach yaan u muuk’, kex taalak jump’éel chak ik’ale ma’ teen u lu’ubsej, ma’ tu ka’achal, le ku taasalo’ob táanxel tu’uxe’ séeb u lúubul, le kéen máanak le chak iik’alo’ chéen le che’ob weyilo’ob p’aatlo¡, je’ex le ya’axche’o’ ba’ale’ k’a’abéet kpak’ik yéetel kjoóoya’abtik.
Maayae’ je’ex le p’óoko’ob, le nook’o’ob ku taasal táanxel tu’ux ku yóotal ko’onol to’on beey weyilo’obe’, k-ilik ma’ tu ketikubáaj tumen kex t-ich chika’an ti’ ba’ale’ ba’ax k-k’ajóole’ k-ojel ma’ weyile’, u tsu’e’ k-k’ajóol, kti’al.
Kmiatsile’ ma’ u béeyta’al u na’atal wa ka tse’elek kt’aani’, tumen maayae’ u puksi’ik’al, k-kuxtal, maayae’ u nooy, ti’al kna’atik yéetel ktsolik bix u kuxtal maaya kaaj.
Maaya kaaje’ kuxa’an, mix tu’ux bino’on, láayli’ weyano’one’
Maayat’aan tu petlu’umil Yucatán, ti’ u ts’ook xak’al xook beeta’ab ti’ Censo de Población y Vivienda tu ja’abil 2020 tumen INEGI, u kajnáalilo’ob maanal óoxp’éel ja’ab ku t’aniko’ob maayae’, yaan 525 mil 092 u túulal, ti’ 2 miyoonesil 215 mil 931 kajnáalo’ob yaan Yucatán, lela’ wa ka e’esak ti’ xookil porcentualese’ ku ts’áak 23.7%.
Wa kbin paachile’ tu bin u yéemel, ma’ kcha’ik u yéemel le buka’aj máaxo’ob t’aaniko’obo’, ma’ a kpa’atike’ex ma’ u béeta’al beetik wa ba’ax, jujump’íitil tu bin u yéemel máaxo’ob t’anik.
Ts’o’ok u maan 20 ja’ab chíimpoltak u Noj A’almaj t’aanil u páajtalil u t’a’anal máasewal t’aano’ob, tak bejla’e’ ma’ jach sáasil u beejil uti’al u u chíimpota’al máasewal t’aano’ob.
Tu ja’abil 2019, a’alabe’ wey tu noj lu’umil Yucatán, yaan u t’aanal maaya je’el túuxake’, ti’ naajil xooko’ob, ba’ale ku binetik  ka’ansajilo’ob
Tu ja’abil 2022 bey xan chíimpoltab maaya t’aan bey jump’éel noj ba’al ich káastelan t’aan “Patrimonio Cultural Intangible”, ba’ale’ mina’an ba’axo’ob ku meyajtalil uti’al u chíimpota’al bey noj ba’ale’.
 Ti’ le ja’ab maano’ chímpolta’ab bey u lajun  ja’abo’ob uti’al u beeta’al wa ba’ax uti’al u mu’uk’ankúnsal máasewal t’aano’ob, le o’olal’e ti’ yaano’on ti’ u súutukil  uti’al meyajtik, beetik ma’ u yéemel máaxo’ob t’aanik maaya, ba’ale’ k’a’anan yéetel máaxo’ob t’aanik, bix  yéetel ba’axo’ob u k’aato’ob yo’olal maaya t’aan.
Je’ex iliko’ yaan A’almaj T’aano’ob ku chíimpoltik yéetel jets’ik u beeta’al meyajo’ob uti’al u yantal keet u páajtalil maayat’aan yéetel je’el máakalmak t’aano’obe’, ba’ale’ ma’ tu beeta’ale’ wa jach u p’íit ku beeta’al tu yo’ok’lal, ma’ a jach sáasil ba’ax beejil, yéetel bix ku meyajta’al.
Wa táan k ilike’ ya’ab meyaja táan u beeta’al uti’al u bin u múuk’a’ankúunsal maaya t’aan, ba’ax túun yúuchle’, ka’a’anan u nu’upul tuláakal le jujump’íitil ba’al táan u beeta’alo’, máakalmáak mo’olayil táan u beetik, yaan wáaj,  u yaantaal xan u tak’iinil  uti’al u páajtal u meyajtal, min chéen beyo’ yaan u káajal u chíikpajal tuláakal le ba’axo’ob táan u beetalo’, chéen ba’ale’ yéetel máaxo’ob ku t’aanik,
Ti yaano’on ti’ u súutukil tu’ux  u yéeya’al k bin taanil wa k suut. U súutukil uti’al ilik u béeyta’al ba’ax ku ya’alik a’almaj t’aan.
Ko’one’ex beetik ma’ u maan uláak’ ja’ab, jo’op’éel wa lajun ja’ab tu’ux le mejen paalalo’ob ma’ u kaniko’ob maaya, u yaabiltiko’ob yéetel u k’i’itbéesiko’ob u noj ba’alil le miatsil maaya’o’ yéetel ma’ u yúuchtale’ k’íimbéesik yéetel uts ba’alob bey je’ex u t’a’anal maayae’ ma’  u ch’a’abal sublakil u t’aanal maaya.
Kin náaytik jump’éel lu’um Yucatána, tu’ux ku páajtal k’aay, ts’íib, cha’an ich maaya t’aan, tu’ux ma’ ka’abéet u suútul ba’ax k ts’íibtik, ba’ax k a’alki’, tumen je’ex jets’ ti’ le a’almaj t’aano’ yaan to’on u páajtalil in kuxtal ichil in t’aan, ichil in miatsil.
Ti’ u yúuchbenil, bejla’e’ yéetel tak je ja’abo’ob ku taalo’, maaya kaaje’ ti’ to’on yaan u t’aanil, yaanto’on u ts’o’ok t’aan (xuul),  u k’aat u ya’al xan u (yáaxt’aan). To’on maayao’on, k úuch ch’i’ibalo’ob yéetel le ku taalo’ob táanil ti’ to’on, ichil tuláakal talamilo’obe’ yaan a’alik ba’axek k’aat, tuláakal ku k’uchul u k’iinil.
Táan k beetik tu ka’atéen le Sakbejo’, uti’al u mu’uk’ankúunsa’al maaya kaaj, Túumben iik’il t’aano’ob”, túumben ko’olelo’ob…” ba’ax k’iin u k’uuchul u k’iinil”,  k t’aane’ ku k’a’ajesik to’on, kuxa’ano’on.
Chéen le je’elo’, ¡níib óolal!
*Junxóot’ ti’ ik’il t’aano’ob chíimpolta’ab yéetel Waldemar Noh Tzec 2021, 
"
U noojolil México: leti’e’ baanta tu’ux asab ya’ab u k’áatal táanxel kajil máako’ob,23/02/2023,"U múuch’kabilo’ob kaaje’ u xokmajo’obe’, yaan kex 90 mil u túul máak mina’an u ju’unil u k’áatal, le beetike’ kex u 90 por siientoil ti’ máaxo’ob ku k’uchulo’ob tak tu xuul kaajil ku kóojol yéetel Estados Unidose’ ku k’áatalo’ob te’e baantao’. Beey túuno’, ku taal u chíikpajale’ Chiapase’ leti’e’ péetlu’um tu’ux asab ya’ab u máan máak ti’al u náachtal ichil tuláakal yóok’ol kaab, beey tu ya’alaj máax jo’olbesik u múuch’ilPueblos Sin Fronteras, Irineo Mujica.
"
Ku páayt’anta’al ajchuk kayo’ob ti’al u beetiko’ob tak pool kéen okla’ako’ob,24/02/2023,"Ti’ páayt’aan ku beeta’ale’, ku k’áata’al ti’ ajchuk kayo’obe’ ts’o’ok u yokla’alo’ob yéetel beeta’an k’aas ti’obe’ tu Sondail Kaanpeche’, ka u beeto’ob u tak poolil; kex wa ma’ te’e ja’ab úucha’, beey úuchik u ya’alik Santiago Jiménez González, máax jo’olbesik Unión de Pescadores Ribereños del Carmen, A.C., ts’o’okole’ tu ya’alaje’ tak walkila’, tu táan Vicefiscalía General Regional de Justicia, chéen kex 20 u p’éel xaak’al káajsa’an yóok’lal le ookolo’obo’.Tu ya’alaje’, tu ja’abil 2022e’ ila’ab ya’abchaj ookol yanchaj Sonda de Campeche, tumen ti’ ajchuk kayo’obe’ jcha’ab u motoril u cheemo’ob, u nu’ukulil u chuuko’ob yéetel tak cheemo’ob. 
Leti’ túune’ tu tsikbaltaj jump’éel yóok’lal ba’ax tsikbalta’ab ti’ jump’éel múuch’tambal beeta’ab ichil máaxo’ob chíikbesik u mola’ayilo’ob kanan kaaj, yéetel  Fiscalía General de Justicia en el Estado de Campeche (FGECAM), tu’ux tu yaj óoltaj u jach p’íit óolil yaan ti’ le ajchuk kayo’obo’ tumen ma’ tu beetiko’ob tak pool, ts’o’okole’ ya’abach ti’ leti’obe’ loobilta’abo’ob ba’ale’ ma’ tu ya’alajo’obi’.
“Bíisefiskaal, Yadira Arcos Jiménez, tu ts’áaj ojéeltbil xaak’alo’ob ts’o’ok káajsa’al ti’al u sáasilkúunsa’al ookol beeta’ab, ba’ale’ chéen 20 u téen tak polta’ab, kex tumen le beyka’aj ookol beeta’ab tu ja’abil 2022e’, jmáan ti’ le beyka’ajo’”, tu ya’alaj.Beey túuno’, tu ya’alaje’ u ma’ yojel ba’axten ajchuk kayo’ob ma’ tu beetiko’ob tak pooli’, “míin tumen ku yoksa’al saajkil ti’ob, wa tumen ma’ tu yilko’ob wa yaan ba’ax ku meyajta’al yóok’lali’, mix xan ku chíikpajal wa ba’ax ti’ la xaak’al ku beeta’alo’, u jaajile’ ma’ in wjel ba’axteni’”. Tu tsolaj xane’, jo’olpóopo’obe’ táan u páayt’antik ajchuk kayo’ob, ti’al u beetiko’ob tak pool, kex tumen wa tu ja’abil 2022 okolta’aboo’ob, ti’al beyo’ u yila’al wa je’el u su’utul ti’ob ba’ax jch’a’abij. 
Jiménez González tu ya’alaje’ k’a’anan beeta’an le tak poolo’ ti’al u béeytal u beeta’al u xaak’alil. “Ts’o’okole’, kéen beeta’ak u tak poolile’, ma’ unaj u p’ata’ali’, tumen k’a’abéet xan mantats’ táan u k’áatiko’ob bix u bin, ti’al u jach yila’al u sáasilkúunsa’al ba’ax úuchij yéetel bix úuchik le ookolo’”. 
Tu ts’ooke’, tu tsikbaltaje’, yaan u beeta’al uláak’ múuch’tambal yéetel jo’olpóopo’ob, tumen láayli’ yaan u k’iinil u beta’al le tak poolo’obo’, ba’ale’ k’a’abéet u beeta’al.
"
K’áata’ab ma’ u ''xáantal'' u tsikbalta’al u a’almajt’aanil Ley de Inclusión Laboral Trans y no Binaria ,24/02/2023,"Múuch’kabilo’ob, áaktibistao’ob yéetel máaxo’ob tu beetaj u léejislado’orobe’ tu k’áatiko’ob ti’ Congreso de Yucatán ma’ u “xaankúunsa’al” u a’almajt’aanil Ley de Inclusión Laboral Trans y no Binaria ti’ le péetlu’umila’.“Ma’ tu ts’o’okol ba’al chéen yéetel u éejenta’al u máatrimonyo íigualitario, tumen máake’ k’a’abéet xan u janal, u meyaj; trans kaaje’ k’a’abéet xan u béeytal u meyaj, k’a’abéet u yantal u páajtalil u no’ojan yantal meyaj, le beetik le Péetlu’uma’ unaj u kaxtik ka béeyak le je’ela’”, tu ya’alajo’ob.“Kpáayt’antik máaxo’ob yaano’ob te’e Congresoo’ ti’al ma’ u xankúunsa’al u tsikbalta’al le je’ela’; to’one’ k-ojel bix kt’aan tu yutsil le je’ela’, táakmuk’ta’ano’ob tumen mola’ayo’ob yéetel yaan áakademikóos jach u yojelo’ob bix yanik ba’al”, tu ya’alaj muxe áaktibistáa Amaranta Gómez Regalado, u xka’aséekretaariail Coalición Mexicana LGBTTI.
Ti’ le a’almajt’aano’ ku tukulta’al ka je’ets’eke’, u 1 por siientoil ajmeyajo’ob, bíin yanak tu mola’ayilo’ob jala’ach yéetel tu mola’ayilo’ob noj kaaje’, trans yéetel no binaarya máak. Ts’o’okole’ unaj u chíimpolta’al u páajtalilo’ob kéen jo’op’ok u meyajo’ob, u ts’a’abal seguróo, je’el bix xan ma’ u péech’óolta’alo’ob, beyxan ka ka’ansako’ob mantats’, ichil uláak’ ba’alo’ob.
U tuukulil le a’almajt’aana’ jts’a’ab k’ajóoltbil tumen ajpat a’almajt’aano’ob le ja’ab máaniko’, ba’ale’ mix máak ichil Congreso ch’a’anuktej, le beetik walkila’ yaan uláak’ múuch’kabilo’ob k’áatik ka tsikbalta’ak yéetel ka je’ebek xan ti’ kaaj ti’al u xak’alta’al.
Milagros Romero Bastarrachea, máax tu beetaj u díiputadae’, tu ya’alaje’ kex ma’ ch’a’anukta’ak a’almajt’aane’, béeychaj u péektsilta’al jejeláas ba’alo’ob ich kaaj, le beetike’ ku k’áat óolta’al ka yanak uláak’ meyajo’ob yóok’lal.  
Amaranta Gómez, tu tsolaj tu noj lu’umil Méxicoe’ “ma’ u bo’ot u p’aax” yéetel trans beyxan no bíinaria kaaj, ti’al u táakbesa’alo’ob ti’ meyaj ku ts’a’abal.Yéetel Translaboral a’almajt’aane’ táan u kaxta’al ka xo’ot’ok beyka’aj paachil p’ata’an le jaats kaajila’, ti’al u kéet kuxta’alo’ob je’el bix tuláakal máak.
"
Ch'úuy,24/02/2023,"U jejeláasil le ch’íich’a’, ku k’aaba’tik halcón risueño ich káastelan; u sientifiikoil k’aaba’e’ herpetotheres cachinnans. Ku tukulta’ale’ tomoxchi’ u yila’al, ba’ale’ ma’ sajbe’entsil yanik u ch’éejeli’, tu tsikbaltaj Víctor Rosales, máax jach uts tu yich ch’íich’, ku kaláantik yóok’ol kaab yéetel máax káajs u múuch’kabil Proyecto Áak Mahahual.
Fray Bernardino de Sahagún ku tsikbaltik ka’ache’, ti’ le ch’íich’a’ huactli wa oactli u k’aaba’ ich náhuatl t’aan, tumen ku tukulta’ale’ wa ku yu’ubal u k’aay beey tu che’eje’, uts; wa maas jela’ane’, lelo’ ku tukulta’al k’aas ba’ax bíin úuchik. Le beetik wa ku yu’ubale’, kéen áak’abchajake’ ku beeta’al payalchi’ob ti’al ma’ u yúuchul mix ba’al k’aas.
Ojéela’ane’, le ch’íich’a’ ku jaantik kaan, uláak’ ch’íich’o’ob yéetel ch’o’ob; yóok’lal bix yanik u yoot’el u xaawe’ ma’ tu jáan béeytal u chi’ibal. Kéen k’uchuk u k’iinil u ya’abtale’ chéen jump’éel je’ ku ye’elsik; kéen tóop’oke’ buul k’iin yéetel buul áak’ab ku kaláanta’al.
Ku p’isiko’ob ichil 50 tak 53 seentimetróos u chowakil, yéetel ku aaltalo’ob kex 600 graamóos. Tu táan u yiche’ chíika’an k’u’uk’mel ku bak’pachtik u yicho’ob, ts’o’okole’ suuk u yila’alo’ob tu ka’analil tikin che’ob wa le jach kuxa’antako’obo’. Ti’ ku na’akalo’ob ch’úuk.  
Ku yila’alo’ob América tak Argentina, ka’alikil tu lu’umil Méxicoe’ ku yantal tu k’áaxil Pacífico: Sinaloa, Chihuahua tak Chiapas yéetel tak tu Petenil Yucatán.
"
Inaip Yucatán yéetel INAIe’ tu ts’áajo’ob k’ajóoltbil u nu’uktajil u kaláanta’al u ba’alumbáaj máak,27/02/2023,"Úuchik u máan U K’iinil U Chíimpolta’al Yáax T’aan ku Kanik Wíinik tu kuxtale’, u mola’ayil Instituto Estatal de Transparencia, Acceso a la Información Pública y Protección de Datos Personales, (Inaip Yucatán) yéetel Instituto Nacional de Transparencia, Acceso a la Información y Protección de Datos Personales (INAI) tu ts’áajo’ob k’ajóotbil u tsoolil ju’un k’aaba’inta’an ich káastelan beey Guías de protección de datos personales en lenguas originarias de los pueblos de México.
Máax p’ata’an beey kóomisyonadae’ María Gilda Segovia Chab tu ya’alaje’, u ts’a’abal k’ajóoltbil jump’éel ju’un je’el bix le Guíao’, ku ts’a’abal u páajtalil máasewal kaajo’ob u yojéelto’ob bix najmal u k’a’abéetkunsik u páajtalilo’ob ti’ ba’ax yaan u yil yéetel u kaláanta’al u ba’alumbáaj wíinik, ba’ale’ meyaje’ k’a’anan tumen ku chíikbesik xan máasewal t’aano’ob, ti’al beyo’ u yantal ti’ kaaj ba’ax k’a’abéet ti’, ichil u t’aan.
“Kéen ila’ak ich maaya ts’íibta’ane’, ku chíikpajal xan le kaajo’, tumen ku táakmuk’tik t’aan. Walkila’, táan u ka’a’ ts’a’abal to’on k kúuchil, maaya t’aane’ ku yu’uba’al ti’ k’aay tuukulo’ob, tsikbalo’ob, k’aayo’ob, beyxan ju’uno’ob yéetel le ku ts’áak u páajtalil ti’ ko’olel yéetel xiib u kanik ba’alo’ob yóok’al u páajtalilo’ob”.
Beyxan leti’e’ tu ya’alaj u k’a’ananil u beeta’al meyajo’ob je’el bix le je’elo’ tumen Inaip Yucatán tumen u yutsile’ ti’al máaxo’ob t’anik maayai’; leti’obe’ ku beetiko’ob meyajo’ob, je’el bix Inaip en tu municipio; u nu’ukbesajil raadyóo U t’aan sáaskunaj meyaj, yéetel ku béeytal xan u ts’atáanta’al kaaj ich maaya t’aan.
Beey túuno’, u Komisionadail INAI, Josefina Román Vergara, tu ya’alaje’ ti’al u suta’al le guiao’ yanchaj u mu’uch’ul jeleáas ba’alo’ob yéetel meyajo’ob, ichil máaxo’ob t’anik náhuatl, zapoteco, mixteca, tzeltal, tsotsil yéetel maya.
Leti’e’ tu tsukbaltaje’, ichil tuláakal u noj lu’umil Méxicoe’ yaan maanal 7 miyoonesil máaxo’ob t’anik jump’éel ti’ le 68 u p’éel máasewal t’aano’ob yaan; tu lu’umil Chiapas, Oaxaca yéetel Yucatán yaan u ya’abil máaxo’ob t’anik; le beetike’, je’el bix jets’a’anil ichil Ley General de Protección de Datos
Personales en Posesión de Sujetos Obligados, ku kaxta’al u jóok’sa’al uláak’ ts’íibo’ob je’el bix le Guía jts’a’ab k’ajóoltbilo’.
Te’e súutuko’, táakpaj u jo’olpóopil Izamal, Warnel May Escobar, máax k’am u jeel máaxo’ob táakpajo’obi’, máax ki’mak óolt u beeta’al le Guíao’. Beyxan ti’ yanchaj u jo’olpóopilo’ob Xanabá, Kimbilá, Sitilpech, Citilcum yéetel Pixilá, je’el bix xan kajnáalo’ob.   
"
Táan u péektsilta’al u jaanta’al beech’ tu péetlu’umil Quintana Roo,27/02/2023,"Tu péetlu’umil Quintana Rooe’ ma’ jach suuka’an u jaanta’al beech’i’, le beetik walkila’ táan u jach péektsilta’al ba’ax utsil ku taasik ti’ wíinik kéen u jaantej, tumen le je’ela’, juntúul ch’íich’ jach ki’, yaan u próoteinasil, u yiieroil yéetel uts u jaanta’al tak u ye’el, tumen ma’alob ti’al mejen paalal, beyxan ti’al máako’ob ts’o’ok u ch’íijilo’ob.
Berenice Gómez, máax chíikbesik u graanjail La Cabaña, tu’ux ku tséenta’al beech’e’, tu ya’alaje’ yaan mejen kaajo’ob ichil tuláakal u noj lu’umil México tu’ux suuka’an u jaanta’al ch’íich’o’ob je’el bix le je’ela’, ts’o’okole’ leti’obe’ táan u kaxtiko’ob ka káajak xan u jaanta’l tumen máaxo’ob yano’ob tu kaajil Playa.
“Jach ma’alob wa ka béeyak u yojéelta’al uláak’ ba’alo’ob yóok’lal le ch’íich’a’, ti’al u káajal xan u k’a’abéetkunsa’al, tumen u jaajile’ jach ma’alob ti’al u tséentikubáaj máak”, tu ya’alah. La Cabañae’, tu’ux ku ko’onol ya’abach ba’alo’ob ti’ le ch’íich’a’, ti’ yaan yóok’ol u noj bejil 50, páarsela 16, tu koloniail Ejido Norte, ti’ u kaajil Playa del Carmen. Láayli’ xan ti’ le kúuchilo’, ti’ yaan La tiendita, tu’ux ku ko’onol u jejeláasil bak’o’ob, je’el bix u ti’al taman, buufalóo, beech’, k’éek’en, ichil uláak’o’ob. 
Beyxan, yaan uláak’ u kúuchil u koonolo’ob, tu kaajil Texcoco, Estado de México, máaxo’ob k’i’itbesik bak’ ti’ uláak’ u péetlu’umilo’ob México. Tumen leti’ob tséentik le ch’íich’a’, ku koniko’ob, ba’ale’ kéen u beeto’obe’ ku jets’iko’ob jach uts bix tséentiko’ob, tumen kéen kíinsa’ake’, ku yoksa’al ich kóonjelador, ba’ale’ beyxan ku máan molbil u je’il sáansamal. Ichil u kóorralilo’ob beech’e’ ku beeta’al kex 7 wa 8 mil u túul lalaj semanáa.
“U ye’elo’obe’ ku ko’onol póor páaketeil tu’ux ku ts’a’abal 50 u p’éel je’obi’; 75 pesos ku tojoltik. (Ch’íich’e’, ku ko’onol xan póor páaketeil, lajuntúul kóonjelarta’an, ts’o’okole’ ku tojoltik 310 pesos. Yaan to’on jump’éel kúuchil tu’ux ku ko’onol bak’, tu múuch’kajtalil Ejido Norte, tu’ux láayli’ ku páajtal u ma’anal”, tu tstikbaltaj Berenice Gómez.
Le beetike’, ikil túun u kaxta’al u péektsila’al yéetel u k’ajóolta’al le ch’íich’a’, táan xan u k’a’ayta’al ti’ jejeláas cha’an ku beeta’al, je’el bix Segundo Festival Gastronómico, j-úuch tu kaajil Playa del Carmen, le 25 yéetel 26 ti’ febrero máanika’, ti’al u káajal u k’ajóolta’al tumen kaaj.U kúuchil La Cabañae’, káaj u meyaj tu ja’abil 1983 tu kaajil Playa del Carmen, yéetel La Tienditae’, le tu’ux ku ko’onol bak’o’, ts’o’ok kex wakp’éel ja’abo’ob je’ebek xan. “Ti’ mix jump’éel bak’ ts’a’abak ormoonosai’, ts’o’okole’ ti’ ku tséenta’alo’ob ti’ jump’éel chan kajtalil Solidaridad”, tu tsikbaltaj Berenice Gómez. 
"
Kaxta’ab úuchben nu’ukulo’ob tu yúuchben kaajil Ek Balam ,27/02/2023,"Xaak’al ku meyjta’al te’elo’, tu chíikbesaj ba’alo’ob tu’ux ma’ili’ beeta’ak ka’ach mix ba’ali’; ichile’ ti’ yaan áarkitektonikóo chíikulal yéetel nu’ukulo’ob ti’al u jats’utskíinsa’al ba’alo’ob ka’achij. Walkila’ ma’ e’esa’an tu táan kaaji’ ba’ale’ ma’ táan u xáantal kéen ts’a’abaki’
"
Abogadas Mxe’ tu chúunsaj jun jaats meyaj tu kaajil Jo’; leti’e’ yáaxo’ ichil le petenila’,28/02/2023,"U mola’ayil Abogadas Mx tu beetaj le lunes 17 ti’ febrero máanika’, u jaats meyaj tu kaajil Jo’, tu’ux táan u kaxta’al u ma’alobkúunsa’al meyaj ku beeta’al ti’ leeyées tu lu’umil Yucatán, ikil u kaniko’ob uláak’ ba’alo’ob yéetel ikil u béeytal u múul meyaj máaxo’ob u yojelo’ob ba’al yóok’lal le je’ela’. Te’e yáax jaats meyaja’, tu beetajo’ob kaambal xook yéetel áabogadas, yóok’lal ba’alob yaan ba’al u yil yéetel u péech’óolta’al máak tu meyaj. Káaj u xak’alta’al bix u yúuchul kéen k’a’aytak u kaxta’al u yuumil meyaj tak kéen xu’uluk meyaj ichil mola’ay yéetel le wíiniko’.Tak walkila’ táakpaj 21 u túul x-áabogadáas, tu lu’umil Yucatán, ba’ale’ u múuch’kabil Abogadas Mx ts’o’ok waxakp’éel ja’abo’ob káajak u meyaj tu lu’umil México ti’al u ka’ansa’al jejeláas ba’alob yaan ba’al u yil yéetel maarkáas, kóontaktos, ichil uláak’ ba’alo’ob. Yaan xan uláak’ táan u meyajo’ob Puebla yéetel Monterrey.“Kti’ale’, u káajal meyaj tu lu’umil Yucatáne’ jach k’a’anan tumen beyo’, ku béeytal u kaxta’al bix je’el u yúuchul áantaj yéetel múul meyaj”, tu tsikbaltaj María Teresa Paillés, máax jo’olbesik Abogadas Mx.
“Walkila’ ts’o’ok u ya’abtal ko’olel ku kanik u beet u áabogadail. Wa ku ya’abtal ko’olel ti’ kúuchilo’ob tu’ux k’a’anan u je’ets’el ba’alo’obe’, ku káajal xan u jáawal tuus meyaj yaan ti’ mola’ayo’ob wa ti’ jala’ach”, tu tsikbaltaj Antonia Rodríguez, máax beetik u díirektorail le múuch'kabilo'.Beyxa, tu ya’alaje’, jump’éel ti’ le meyajo’ob ku beeta’al tumen múuch’kabile’, leti’ u je’ets’el jach ba’ax najmal u yantal ti’al u yantal ba’al k’aaba’inta’an beey inclusión yéetel diversidad ichil despaachóos yaan tu lu’umil México, ti’al beyo’, u béeytal u no’ojanchajal meyaj ku beetik x-áabogadaso’ob.Ichil u múuch’kabil Abogadas Mx yaan jump’él u nu’ukbesajil beekáas ti’al u yáantal máak xook yéetel kaambal ti’ posgraadóo, ku ts’áako’ob xan u xookil inglés yéetel yaan xan méembresyas xma’ bo’olili’. U jaats meyajil Jo’e’ yaan u jo’olbesa’al tumen Wendy Salgado, yéetel yaan xan u táakbesa’al x-éembajadoras Lorena Marrufo, Karen Caro yéetel Diana Jimenez.Beey túuno’, áabogadas bíin u yóot táakpajal te’e reeda’, je’el u páajtal u yokol u xak’alto’ob u lúuchil Internet wa u túuxta’al ts’íib ti’ [email protected]. 
"
U éejidataroilo’ob 5 de Febreroe’ tu k’áatiko’ob ka xu’uluk u seen ch’a’akal che’ tu’ux ma’ cha’abani’,28/02/2023,"Tu ja’abil 2022e’ u éejidatarioilo’ob 5 de Febrero, ti’ u méek’tankaajil Champotóne’, k’ucho’ob kex jo’otéen tak tu kúuchil Palacio de Gobierno ti’ u noj lu’umil Kaanpech, ti’al u k’áatiko’ob áantaj yéetel ka je’ets’ek ba’ax kun beetbil yéetel che’ob ku ch’a’akal kex ma’ cha’abani’. Le lunes máanika’ k’ucho’ob, uláak’ juntéen te’elo’, tumen ku ya’aliko’obe’ láayli’ u yúuchule’, le beetik táan u k’áatiko’ob ka séeb ts’aatáanta’ak tumen sajabe’entsil yanik u luk’sa’al ti’ob áantaj ku ts’a’abal tu nu’ukbesajil Sembrando Vida; tu tak poltajo’obe’ ti’ lajun ja’ab ts’o’ok u máane’, ts’o’ok u k’askúunta’al 8 mil ektaareasil k’áax u kaláantmajo’ob. 
Efraín Cú, máax beetik u jkomisil le éejidoo’, tu ya’alaje’ máax bin k’amo’ob te’e kúuchilo’ ma’ bin tu yóotaj u ts’áak mix jump’éel sóolusioni’, tumen leti’obe’ táan ka’ach u k’áatiko’ob ka cha’abak u t’aano’ob yéetel xjala’ach, Layda Sansores San Román, -máax ma’ kula’an te’e péetlu’umo’- wa yéetel Aníbal Ostoa Ortega, máax beetik u séektretaryoil Gobierno; ba’ale’, ma’ xan béeychaj u k’amiko’ob ka’aj k’ucho’obi’, le beetike’ a’alab ti’ob ka suunako’ob láas 7 áak’ab. Hugo Mauricio Calderón, máax beetik u súubsekretaryoil Gobiernoe’ leti’e’ máax yáax t’aanaj yéetelo’obi’. 
Tu jo’oloj beeta’ak múuch’tambal yéetel le éejidatario’obe’, tu jets’o’ob u k’aliko’ob u joolilo’ob Palacio de Gobierno, yéetel chéen tu p’ato’ob je’ek’abil u joolnajil éestasionamiento yaan yáanal lu’um, tu’ux ma’ tu béeytal u yojol chéen je’el máaxake’. Yóok’lal le je’ela’ káaj u k’uchul patruuyáas tak te’elo’, ba’ale’ tu jo’oloj 15 minutose’ luk’o’obi’.
Tumen láayli’ ma’ tu cha’ajo’ob u máan mix máaki’, mix xan u jóok’ol máak te’e páalasyoe’, a’alab ti’obe’ láas 3 bin kéen k’a’amako’ob. Éejidatario’obe’ tu ya’alajo’ob ts’o’okili’ u ya’alal ti’ob le ja’ab máaniko’, yaan bin u ts’a’abal uláak’ máak u kaláant le k’áaxo’, tumen jach táaj ya’ab u ch’a’akal che’ kex ma’ cha’abani’, ichil u kaajilo’ob Champotón yéetel Escárcega, ts’o’okole’ mina’an xan mix u máakilo’ob Guardia Nacional (GN) wa Policías Estatales.
Tak La Jornada Mayae’ k’ujsa’ab oochelo’ob tu’ux ku chíikpajal túumben oornosil chúuk, yéetel tu’ux chíika’an tu’ux ch’aka’an che’; e’esab tak jump’éel cha’an tu’ux táan u buuts’áankil jump’éel oornóo, ba’ale’ u’uyabo’obe’ ka’aj béeychaj u púuts’ulo’ob, tumen leti’obe’ ku ya’aliko’obe’, máax kéen u yilo’ob táan u ch’akiko’ob che’e’ “yaan u líincharko’ob, tumen u k’áato’ob ka ch’éenek k’aasil ku beeta’al yéetel ma’ u yu’uba’al kt’aan tumen jala’ach”, tu ya’alaj jkomis. 
"
"Xwo’okin tu lu’umil Croacia, Serbia yéetel Bosnia: u k’áaxal nieebée tu k’alaj bejo’ob ",28/02/2023,"Ya’abach ti’ u kajnáalilo’ob le lu’umo’obo’, yanchaj u máansiko’ob áak’ab tu kis buuts’o’ob, ti’ gáasolineraob, yéetel ti’ alberguées, tumen jach séeba’an úuchik u k’éexel chokoj k’iin táan ka’ach u beetik te’elo’, ka’aj óok ke’el le fin de semanao’, le beetike’ yaan tu’uxe’ ma’ béeychaj mix u máan máaki’.
"
INEe’ tu éejentaj ka chíimpolta’ak no binaaryo wíinik kéen ts’a’abak ti’ kréedensyal ,01/03/2023,"U kóonsejereolio’ob táaka’ano’ob tu mola’ayil Instituto Nacional Electoral (INE), tu jets’ajo’ob ka chíimpolta’ak máaxo’ob ku ya’aliko’ob no binaryo’obe’, ti’al ka béeychajak u ts’áako’ob “x” te’e tu’ux ku k’áatik ka u ts’áaj máax u jeenereoil. Ba’ale’ le je’ela’ chéen yaan u béeytal u beeta’al tumen máax bíin u k’áat tu súutukil kéen u jóok’s u kréedensyal, ts’o’okole’ ma’ táan u k’a’abéetchajal u táakmuk’tiko’ob ba’ax kéen u ya’alo’ob yéetel aaktáa de náasimientóo.Ciro Murayama, juntúul kóonsejeroe’, tu ya’alaje’ ma’ táan u k’áata’al uláak’ wa ba’ax ka u táakumuk’t ba’ax kéen u ya’al máak, tumen le je’elo’ chéen leti’ jets’ik bixij.
Beey túuno’, máaxo’ob jets’ik leti’e’ jeeneróo yaan ti’obo’ -máax ma’ tu yu’ubik mix ko’oleli’, mix xiibi’- yaan u béeytal u ts’áako’ob tu kréedensyalil INE, tumen yaan u béeytal u ts’a’abal “x” tu’ux ku ya’alik le k’aaba’o’, wa ma’e’ ku béeytal xan u p’atiko’ob chéen beyo’, ma’ tsaj u ts’a’abal mix ba’ali’.“A wojel wáaj… tu mola’ayil @INEMexico k-éejentik u táakbesa’al yéetel u ch’íibesa’al “x” te’e tu’ux ku k’áata’al máakalmáak u seexoil máak #CPV ti’al u ye’esa’al #noBinaria máak, ts’o’okole’ mix táan u yantal u táakmuk’tik ba’ax ku ya’aliko’ob yéetel #ActaDeNacimiento. Uláak’ ba’ax ku páajtal u beeta’ale’, leti’ u ya’alal ma’ tsaj u chíikbesa’al mix ba’al te’e tu’ux ku k’áatik ka a’alak máakalmáak u sexoil máak”, k’a’ayta’ab ti’ Twitter tumen xkóonsejeráa Dania Ravel. 
"
"Macha’ab ti’al k’albil Lorena Merino, máax jo’olbesik líik’saj t’aan triqui, tu lu’umil Oaxaca",01/03/2023,"Máaxo’ob ku meyajo’ob ti’ mola’ay kaláantik kaaj tu péetlu’umil Oaxacae’ tu machajo’ob Lorena Merino, yéetel uláak’ jump’éel múuch’il máak táan ka’ach u líik’siko’ob t’aan tu táanakbil u kúuchil Palacio de Gobierno.Yáax xaak’alo’ob ti’ ba’ax j-úuch’e ku ya’alike’, ko’olele’ máax k’ajóolta’al beey juntúul u xjo’olbesjil triqui péeksajile’- ma’ bin tu yóotaj tsikbal yéetel u jo’olpóopilo’ob le péetlu’umo’, le beetik túune’, le martes máanika’ luk’sa’ab te’e tu’ux yaan ka’acho’. 
Ajts’íib péektsilo’ob ti’ u péetlu’umil Oaxacae’ tu táabsajo’ob le súutuk úuchik u ma’acha’al ko’olel, máasewal ch’i’ibale’, yéetel le uláak’ máako’ob táan ka’ach u láak’intiko’obe’, luk’sa’abo’ob te’e kúuchilo’ ba’ale’ ti’al u beeta’ale’ k’a’abéetkunsa’ab ya’abach muuk’i’. Yóok’lal túun le ba’ax úucha’, u múuch’kabil Triquis Copala Oaxaca tu ts’áaj k’ajóoltbile’, le máaxo’ob bin macha’abe’ leti’ le je’elo’oba’: Lorena Merino, Basilio Ramírez yéetel Agustín Ramírez.
Tak walkila’ ma’ xan ts’a’abak k’ajóoltbil mix jump’éel óofisyal ts’íib wa t’aan yóok’lal ba’ax úuchij. 
"
"Páayt’aan ti’al u táakmuk’ta’al u tséenta’al wakax Yucatán, yéetel ti’al u kaláanta’al u noja’an meyajta’al",02/03/2023,"Le miércoles máanika’, tu kúuchil Congreso de Yucatán, beeta’ab t’aan ti’al u chíikbesa’al meyaj ku beeta’al tumen máaxo’ob tséentik wakax, ikil máan U K’iinil U Tséenta’al Wakax, ti’al u “líik’sa’al t’aan yóok’lal tuláakal wakxanáalo’ob yaan. Láayli’ kmeyaj ti’al u yutsilo’ob, ikil u kaxta’al ka no’oja’an meyajnako’ob, tu’ux ka yanak uláak’ meyaj u ti’alo’ob, yéetel ka yanak u náajalil k-kaajo’ob, ba’ale’ beyxan tu’ux ka chíimpolta’ak yóok’ol kaab yéetel kuxtal yaan”, tu ya’alaj jdíiputadóo Esteban Abraham Macari, máax táaka’an ichil Partido Acción Nacional (PAN).Noj k’iin ti’al máaxo’ob tséentik wakaxe’, ku máan lalaj 6 ti’ marzo, ba’ale’ táan u k’a’ajsa’al tumen Abraham Macari ti’al “u k’áata’al ti’ u jala’achil u noj lu’umil México, ti’al ma’ u luk’sik jun jaats meyaj unaj u beeta’al tumen Senasica (Servicio Nacional de Sanidad, Inocuidad y Calidad Agroalimentaria) ti’al ma’ u yantal u sajbe’entsil u sa’atal u ba’alumbáaj ya’abach wakaxnáalo’ob”. 
Beyxan tu páayt’antaj u jala’achil u noj lu’umli México ti’al ma’ u xot’ik xaak’al ku beea’al ti’al u yila’al beykaj no’ojan yanik le ba’alche’ob ku k’ujsa’al tu lu’umil México, tumen tu ya’alaje’, yaan k’iine’ u bak’el wakax ku taasa’al táanxel tu’uxe’ ma’ mantats’ uts yaniko’obi’.“In k’áat in sáasilkuunse’, ma’ táan k-a’alik wa k’aas le bak’ ku taasa’al ti’ uláak’ lu’umo’ob táanxel ti’ Méxicoe’, ba’ale’ ba’ax ma’ jach ma’alo’obe’, leti’ u yoksa’al chéen beyo’, tu’ux ma’ tu xak’alta’al tu beel bix yanik […] ma’ unaj kcha’ak ka oksa’ak bak’ chéen beyo’, chéen ikil u kaxta’al xan ka éemek u tojol le bak’o’, tumen jach ya’abach meyaj ku beeta’al ti’al u kaláanta’al ka utsul yanak le bak’o’ yéetel le ba’alche’obo’”.Yóok’lal u péetlu’umil Yucatáne’,tu tsikbaltaje’ u tséenta’al wakaxe’ k’a’anan ti’al ya’abach máak tumen leti’ ku mayjta’al ti’al u yantal náajal, ts’o’okole’ ti’ leti’ ku jóok’sa’al bak’ ti’al u jaant wíinik.Ichil ba’ax xak’alta’an tumen Servicio de Información Agroalimentaria y Pesquera (SIAP) 2020, tu ya’alaje’, tu péetlu’umil Yucatáne’ yaan ka’ach u tsoolil jaytúul xakax yaan; maanal medyo miyon u túulal, ts’o’okole’ ti’ 82 ti’ le 106 u p’éel méek’tankaajo’ob yaane’, yaan wakax ku tséenta’al yéetel ti’ leti’ ku jóok’sa’al náajal. Ts’o’okole’ maanal 80 mil u túul máak jach chéen leti’ ku meyajtik, tu’ux ku beetik u yantal tu tojil maanal 17 mil u p’éel meyajo’ob, yéetel uláak’ 35 mil tu bak’pachil. 
"
Jo’olpóopo’obe’ yaan u beetiko’ob xaak’al tu éejidoil 5 de Febrero úuchik u takpolta’al yaan che’ ku ch’a’akali’,02/03/2023,"Úuchik u beeta’al tak pool tumen u éejidatarioilo’ob 5 de Febrero, tu’ux tu ya’alo’ob táan u k’askúunta’al k’áax tu kaajil Champotóne’, u jo’olpóopilo’ob le lu’umo’ tu jets’ajo’ob u beeta’al xaak’al yéetel u xíimbalta’al le k’áaxo’obo’ ti’al u yila’al ba’ax le táan u yúuchulo’, tumen ku ya’alale’ u kajnáalo’ob Laguna Grande beetik le k’aasilo’. Le talamila’ úuch káajak u yúuchul, ts’o’okole’ ti’ 22 mil ektareas yane’, ts’o’ok u k’askúunta’al kex 8 mili’.Líik’saj t’aan beeta’ab tumen éejidatario’ob ti’al u kajbáal le p’isk’iina’, tu beetaj u yantal u táakpajal jala’acho’ob ti’ le ba’ax ku yúuchula’, tumen ichil u ja’abil 2022e’ kex jo’otéen tu beetajo’ob u tak poolil táan u ch’a’akal che’ob kex ma’ unaji’, ts’o’okole’ k’áax tu’ux táan u beeta’ale’, táakbesa’an ichil u nu’ukbesajil Sembrando Vida, yéetel le ku béeytal u maniko’ob jejeláas ba’alo’ob ti’al u meyajto’ob, ts’a’aban tumen Comisión Nacional Forestal (Conafor).
Máax beetik u súubsekretarioil Gobernación, Hugo Mauricio Calderón, leti’e’ máax u’uy u t’aan éejidatari’ob le lunes máanika’, ba’ale’ leti’obe’ tu ya’alajo’obe’ jach ma’ tu péek u yóol yóok’lal ba’ax ku yúuchul, tumen tu ya’alaj bin ti’obe’, ka’ache’ mix ba’al bin ku ya’aliko’ob yóok’lal yéetel ts’o’ok bin
jump’éel ja’ab káajak u beetiko’ob u tak poolil le je’ela’. Le fin de semaanáa ku taala’, táan u páa’ta’al u yantal kex ka’ap’éel u k’is buuts’ilo’ob 
Secretaría de Marina; ka’ap’éel u ti’al Secretaría de Defensa Nacional; ka’ap’éel ti’al Guardia Nacional yéetel uláak’ jayp’éel ti’al Secretaría de Protección y Seguridad Ciudadana, je’el bix xan ti’al Fiscalía General del Estado de Campeche yéetel u mola’ayil Secretaría del Medio Ambiente, Biodiversidad, Cambio Climático y Energía. 
Kéen ts’o’kok u beeta’al le xaak’ala’, éejidatari’obe’ tu k’áatajo’ob ti’ u séekretaryoil Gobierno, Aníbal Ostoa Ortega, ka beeta’ak ba’ax a’alab ti’ob, ti’al u ya’abkunsa’al kanan ku beeta’al te’elo’, tumen wa ka k’uchuk bin tuka’atéen éejidatari’obe’, ma’ tun jach kóojolo’ob yéetel jets’ óolali’, tu ya’alajo’ob.
"
"Jsa’at u kuxtal Irma Serrano, La Tigresa; 89 u ja’abil ka’achij ",02/03/2023,"Xbeet balts’am, xk’aay yéetel xséenadora, oksa’ab u k’aaba’ ichil u múuch’kabil PRI, PRD yéetel, tu paach k’iine’, tu juunal. Tu juunal úuchik u éejentik yanchaj ba’al u yil yéetel Díaz Ordaz, máax tu beetaj u jala’achil México. Jo’oljeak miércolese’, u múuch’kabil Asociación Nacional de Intérpretes, tu k’a’aytaje’ kíimij, tumen je’el u puksi’ik’al.
"
Tu noojol-lak’inil Méxicoe’ jach chíikpajal mu’uk’a’an yanik meyaj ti’al u k’ujsa’al maan ku beeta’al ti’ Internet,03/03/2023,"K’eexilo’ob yanchaj úuchik u yantal u pak’be’en k’oja’anil SARS-CoV-2 tu k’exaj bix u ma’anal ba’al tumen wíinik; ti’ káaj u mu’uk’anchajal koonol ku beeta’al ti’ Internet, ts’o’okole’ yéetel le je’elo’, káaj u mu’uk’anchajal xan  kiis buuts’o’ob yaan ti’al u máan t’oxbil ba’ax ku ma’anal, u ya’abil ti’ le je’elo’oba’ ti’ yaano’ob tu noojol-lak’inil México.
Fernando Noriega, máax jo’olbesik Idealease México –mola’ay majáantik kamino’obe’– tu ts’áaj k’ajóoltbile’, yóok’lal u pak’be’en k’oja’anil Covid-19, ma’ béeychaj u máan t’oxbil ya’abach ba’alo’obi’, u ya’abile’, leti’e’ kúuchilo’ob koonol yanchaj u k’a’alalo’ob jum puli’o’; ba’ale’, le je’ela’ tu mu’uk’ankúunsa’al koonol ku beeta’al ti’ Internet, je’el bix xan u meyajil ku beeta’al ti’al u k’ujsa’al yiknal máax manej, le ku k’aaba’tik última milla.
Walkila’, beey ts’o’ok u máan u k’iinilo’ob pak’be’en k’oja’ane’, tu ya’alaj, koonol ku beeta’al ti’ Internete’ láayli’ u jach beeta’al, je’ex xan tráansporte ti’al u k’ujsa’al; le je’ela’ ts’o’ok u beetik xan u p’áatal mina’an kamyono’ob.
Le tu’ux jach chíikpaj k’a’abéetchaj uláak’ tráansporte ti’al u biinsa’al le nu’ukulo’obo’, leti’ le je’elo’oba’: Yucatán, Guadalajara, Bajío, Querétaro, Zacatecas, Veracruz; ts’o’okole’, tu kúulpachile’, tu’ux jach yanchaj talamo’ob ka’alikil táan pak’be’en k’oja’ane’, leti’ lelo’oba’: Coatzacoalcos, Oaxaca yéetel kaajo’ob tu’ux ya’ab u k’uchul ajxíiniximbalo’ob, je’el bix Los Cabos yéetel Riviera Maya.
“Yaan ya’abach mola’ayo’ob táan u k’áatik kamyono’ob, tumen kúuchilo’ob koonole’ ma’ tu chúukpajal le beyka’aj k’a’abéet ti’ob tu noj lu’umil México, je’el bix xan Norteamérica. Beey túuno’, ti’ ku chíikpajal ts’o’ok u ya’abtal meyaj ku yantal yóok’lal le je’ela’, tumen ya’abchaj xan u k’áata’al majáantbil kamyono’ob”, tu tsolaj.
Jump’éel ti’ le ba’ax túun ku yila’al ku yúuchulo’, leti’e’ beyka’aj ko’ojil u ts’a’abal máantenimiento, tumen ts’o’ok u náakal 25 por siientoil u íinflasyonil tráansportée, kex tumen íinflasyon tu lu’umil Méxicoe’ chéen 7.5 por siientoil náaka’an.
Ramiro Alcocer Díaz, máax xan chíikbesik Idealease tu ya’alaje’, u jach k’a’abéetkunsa’al kamyono’obe’ jach chíika’an tu Petenil Yucatán.
“Tu lu’umil Yucatáne’ ma’ ya’abach ba’al ku beeta’ali’, tuláakal ba’al ku k’uchil ti’ cheem wa ti’ kaamyon, yéetel ma’ tun xáantale’ táan kpa’atik ka k’uchuk ti’ treen; le beetike’ u meyajil última millae’, táan xan u mu’uk’anchajal”, le je’ela’ láayli’ xan bey u yúuchul Quintana Roo, tu ya’alaj.
Edición: Emilio Gómez
"
Ts’u’uts’uk kay: Fragata Portuguesa,02/03/2023,"Pata’ab u k’aaba’ beey k’aak’as ja’ wa fragata portuguesa, tumen u wíinkilale’ óoli’ je’ex le kibo’ob yaan tu cheemilo’ob siiglóo XVIII, fragatas u k’aaba’. Méek’tant’a’ano’ob tumen u múuch’il Cnidarios, tu’ux láayli’ xan táaka’an kooralées yéetel u jach jaajil meedusáas. Ts’u’uts’uk kaye’, fragata portuguesa, táaka’an ichil u jejeláasil ku k’aaba’tik Hydrozoa, ba’alche’ob suuka’an u múuch’ yantalo’ob. Ichil túun le je’elo’, kaada juntúule’ yaan ba’ax u beelal. Physalia physalis, u sientiifikoil k’aaba’, ts’o’okole’ ma’ tu jatsa’al beey medusai’.U kóochile’ ku p’isik kex 20 cm yéetel u ka’analile’ 10 cms, ts’o’okole’ tu yóok’kabil ja’ ku yantalo’ob. Tu ka’anilil le ts’u’uts’uk kaya’ yaan u jóojoch p’o’ot ti’al u cha’ak u biinsa’al yéetel u yúumbal ja’. Tu yáanalil túun le jóojoch p’o’ota’ ti’ yaan uláak’ ti’ le je’elo’obo’ k’aaba’inta’an hidroides, ba’ale’ yaan xan u jeelo’ob yaanal ba’ax ku meyajtiko’ob. Ku yila’al óoli’ ti’ tuláakal u k’áak’nabilo’ob Pacífico, Indico, Atlántico yéetel yaan xan Golfo de México yéetel Caribe. K’a’anan ti’al u kuxtal ja’ tumen ku jaantik jejeláas ba’al: kayo’ob, u yik’el kay yéetel séefaloopodóos. Junmúuch’ ti’ le ts’u’uts’uk kaya’ je’el u jaantik tak 120 u yik’el kay ti’ jump’éel k’iin.
"
Ts’o’ok u náakal óoli’ miil u tóoneladasil sergaasóo tu jáal ja’il Tulum,03/03/2023,"Le beyka’aj saargasóo ts’o’ok u luk’sa’al, ichil u winalil enero yéetel febrero ti’ le ja’abil 2023a’, tu jáal ja’ilo’ob Tulume’, ta’aytak u chukik óoli’ le miil tóoneledaso’. Le je’ela’ ku píitmáansik le 284 u p’éel tóoneladasil  mola’ab tu yáax ka’ap’éel winalo’ob u ja’abil 2022, beey úuchik u ya’alal tumen Dirección Municipal de la Zona Federal Marítimo Terrestre (Zofemat).
Ichil ba’ax jts’a’ab k’ajóoltbil tumen mola’aye’, tu winalil eneroe’ luk’sa’ab óoli’ kex 234 u tóoneladasil le tu’ le’obo’, yéetel uláak’ kex 730 tóoneladas ti’ le febrero máanika’.Beey túuno’, jts’a’ab k’ajóotlbile’, meyaj ku beetik mola’ay ti’al u máan u monla’antal saargasoe’ suuka’an u beeta’al tu jáal ja’ilo’ob Mezzanine, Maya, Pescadores yéetel Santa Fe, ichil Parque Nacional del Jaguar yéetel Punta Piedra, tu baantail tu’ux yaan le otelo’obo’.Beyxan, Zofemate’ tu tu ya’alaje’, tu winalil marzoe’ yaan u piimtal u kóojol le xíiwa’, tumen beey táan u bin u chíikpajal ti’ móonitoreo sáatelital ku múul beeta’al tumen Universidad del Sur de la Florida, beyxan Oficina Nacional de Administración Oceánica y Atmosférica (NOAA) yéetel Administración Nacional de Aeronáutica y el Espacio (NASA).
Ichil túun ba’ax ojéela’an tumen Zofemate’, máaxo’ob ku meyajo’ob te’elo’, tu molo’ob 282 u p’éel u tóoneleadasil sargaasóo ichil enero yéetel marzo ti’ u ja’abil 2021, ka’alikil ti’ le yáax óoxp’éel winalo’ob ti’ u ja’abil 2022e’, mola’ab 404 tóoneladas, ts’o’okole’ le je’ela’ ku chíikbesik túune’, te’e ja’aba’ yaan u k’uchul uláak’ ya’abach sargaasóo te’e jáal ja’o’.K’a’anan túun u k’a’ajsale’ Melitón González Pérez, máax jo’olbesik Zona Federal Marítimo Terrestre (Zofemat) Tulum, tu ya’alajo’obe’ ts’o’ok u tukultiko’ob ba’ax kéen u beeto’ob yéetel bix kéen u luk’so’ob le xíiwa’, ba’ale’ tu’ux ka kaláanta’ak xan meyaj ku beeta’al ti’al u k’a’amal xíinximbal máako’ob. 
Tu k’a’ajsaje’, ts’o’ok xan u beeta’al jump’éel múuch’tambal yéetel u yóox jaats meyajil jala’ach ti’al u beeta’al múul meyajo’ob tu táan le xtu’ xíiwa’, tumen leti’e’ féederal jala’ach máax kun ts’áak u k’atbeelil, yaan u chowaktal 2.4 kiloometróos tu jáal ja’ilo’ob Parque Nacional.
"
Maaya paalal ti’ Yucatáne’ táan u táakpajal ti’ u meyajil robootikáa Lego ku beeta’al Universidad Modelo ,06/03/2023,"Maaya paalal táan u xooko’ob tu téelesekundaryail Juana de Asbaje, tu kaajil Ekpedz, Tixcacalcupule’, jach chíikpajo’ob ichil uláak’ jun jaats paalal múuch’ tu kaanchail u najil xook Universidad Modelo. Leti’obe’ tu beeto’ob u múuch’il U Muuk Iik’, yéetel tu beeto’ob jump’éel meyaj tu’ux ku ch’a’abal u muuk’ iik’ ti’al u yantal ja’ yéetel sáasil tu kaajalo’ob, tumen yéetel le je’elo’, táakpajo’ob tu waxak jaatsil meyaj ku beeta’al ichil FIRST LEGO League, nu’ukbesaj kaambal jach k’a’anan ku beeta’al yóok’lal Robótica yéetel STEAM ( Ciencia, Tecnología, Ingeniería, Artes y Matemáticas).Múuch’o’ob kun béeytal u máano’ob táanile’ yaan u táakpajalo’ob tu ts’ook keetil réejionaal yaan u beeta’al le 11 ti’ marzo ku taala’, tu kaajil Ciudad de México.Le meyaja’ péektsilta’ab u beeta’al tumen Universidad Modelo, u múuch’kabil Fundación RobotiX yéetel u mola’ayil Secretaría de Educación de Yucatán (Segey). Maanal 400 paalal táakpaji, ti’ 50 u p’éel najilo’ob xook ichil tuláakal u noj lu’umil México; ti’ Yucatáne’ táakpaj 20i’.U xoknáailo’ob U Muuk’ Iik’e’ tu beeto’ob jump’éel xaak’al tu kaajalo’ob ti’al u béeytal u jets’iko’ob ba’ax talamil yaani’, tu’ux tu yilajo’obe’ mina’an ja’ yéetel sáasil; le beetike’, yéetel u yáantajil legos, beyxan yéetel ba’ax u yojelo’ob yóok’lal robootikae’, tu beetajo’ob jump’éel maketáa tu’ux tu ts’áajo’ob mejen maaya najo’ob, je’ex le yano’ob tu kaajale’, tu’ux jts’a’ab sáasil ichil le kaajo’ yéetel ja’, ba’ale’ u muuk’il u beeta’ale’ ti’ iik’ jóok’sa’abij.“U ch’a’abal u muuk’ iik’ ti’al u yantal ja’ yéetel sáasile’, ma’ tu beetik k’aas ti’ yóok’ol kaab, ts’o’okole’ je’el u yáantik k-kaajale’, tumen óotsil”, tu tsikbaltaj Elias, máax xan tu tsikbaltaje’, tu kaajale’ mina’an mix u poostesil sáasil.
Beey túuno’, xoknáalo’ob tu ya’alajo’obe’ óol talamchaj ti’ob u meyajtiko’ob le je’elo’ tumen ma’ u yojel mix u k’a’abéetkunso’ob kóomputadorasil mix xan ba’al yóok’lal robotikáa, mina’an ti’ob Internet, ba’ale’ yóok’lal kaambal béeychaj u ch’a’ako’obe’ béeychaj u beetiko’ob le meyajo’.Michelle Flores, máax ku meyaj tu múuch’kabil RobotiX, tu tsolaj yéetel le nu’ukbesaja’ táan u kaxta’al ka béeyak u náats’al paalal ku xooke’ ti’ ba’ax yaan u yil yéetel robotikáa, yéetel ti’al xan u mu’uk’anta’al u múul meyaj ichilo’ob.Tu tsolaj xane’, ichil le keetila’ jóok’a’an ka’a jaatsi’, jump’éele’ Explorer, ti’al paalal ku xokik ichil primeeróo tak kwaartóo ti’ primaarya, yéetel uláak’e’, Challenge, ti’al u xoknáalilo’ob kiintóo tak terseeró ti’ séekundarya.
"
Oksa’ab u xaak’alil MIA ti’al uláak’ jump’éel bej tu’ux kun máansa’al balaastóo tu kaajil Puerto Morelos,06/03/2023,"Armando Lara De Nigris, máax jo’olbesik Secretaría de Desarrollo Territorial Urbano Sustentable (Sedetus) tu péetlu’umil Quintana Roo, tu ts’áaj k’ajóoltbile’ táan u beeta’al múul meyaj yéetel Secretaría de la Defensa Nacional (Sedena), ti’al u jóok’sa’al Manifestación de Impacto Ambiental (MIA) yóok’lal uláak’ jump’éel bej tu’ux ku tukulta’an yaan u máan u boolkeetesil ti’al u máansa’al balaastóo ti’al Tren Maya.
“Lajunp’éel winalo’ob kun u’uybil meyajo’ob tumen kajnáalo’ob, ba’ale’ uts ba’ax ku taal tu paach, tumen yaan u suta’al noj bejil, yéetel yaan u béeytal u k’áata’al u ka’atéenil le beyka’aj ku máan walkila’, yéetel yaan u ts’a’abal tak u bejil u máan máak ti’ t’íinchak balak’ ook, ichil uláak’ ba’alo’ob”, tu tsikbaltaj Lara De Nigris.
Yéetel k’eexilo’ob táan u beeta’al tu yookbal Puerto Morelose’ yaan u páajtal u ka’ap’éelkúunsa’al u kóochil, ba’ale’ yaan u kaláanta’al tuláakal u beelilo’ob ja’ yaani’, ti’al ma’ u xo’ot’ol u beelil.Meyajnáale’ tu tsolaj balaastóoe’ k’a’abéet ti’al u beeta’al Tren Maya, le beetike’ táakbesa’an ichil mokt’aan jets’a’an tumen u jala’achil u noj lu’umil México najmal u táanilkúunsa’al ti’al u séebtal le meyajo’. Beey túuno’, yéetel jump’éel permiisóo bíin ts’a’abak tumen Semarnate’ yaan u béeytal u séeb káajal meyajo’obi’, yéetel tu jo’oloje’, yaan tak jump’éel ja’ab ti’al u k’u’ubul tuláakal le réesolutibo’obo’.
"
Ila’abe’ yaan u chíikulal najo’ob beeta’ab ma’ili’ chíikpajak u yichil Pu’uk ti’ kúuchilo’ob  tu yúuchben kaajil Kabah,07/03/2023,"Te’e k’iino’oba’ na’ata’ab yaan u chíikulal u beeta’al úuchben kúuchilo’ob ti’ u yúuchben kaajil Kabah, ma’ je’ex le suukchaj u beeta’al ti’ u baantail le Pu’uko’, tumen te’e baanta yano’.Le ba’ax ila’abo’, yaan ba’al u yil yéetel u áarkitektura meyajta’ab ma’ili’ beeta’ak le úulak’ úuchben maaya kaajo’ob ti’ le baanta tu’ux yano’obo’, ts’o’okole’ jach ma’ náachtaki’.U arkeeologosil Instituto Nacional de Antropología e Historia (INAH), tu beeto’ob jump’éel xaak’al te’e úuchben kaajo’, ka’aj ts’o’oke’ béeychaj u ya’aliko’obe’, ti’ kúuchil k’aaba’inta’an beey Plaza Unoe’, k’a’abéetkunsa’ab máamposterya ti’al piix, ka’alikil ti’ le uláak’ kúuchilo’ob le baantailo’ k’a’abéetkunsa’ab le máamposterya jach de jaajo’.U jela’anil ichil áarkitektonikóo chíikulale’ chíika’an ti’ bix ts’a’abanil le tuunicho’obo’, tumen ti’ le máamposterya jach de jaajo’ tuunich xota’an ti’ jump’éelili’ p’iis, ts’o’okole’ tak’a’an, ka’alikil ti’al le dee piixilo’ jejeláas u foormasil yéetel nuuktakil, ts’o’okole’ ti’al u ta’ak’ale’ k’a’abéekunsa’ab xan uláak’ nu’ukulo’ob.Kex tumen yanchaj le jela’an ba’alo’oba’, u áarkitekturaail Plaza Unoe’ ku ye’esik túune’, maayaobe’ u tu kan u nu’ukto’ob bix yanik u ba’alumbáaj yóok’ol kaab, ti’al xan ts’áako’ob tu tojil kúuchil ku líik’siko’ob. Jump’éel u ye’esajil le áarkitektura beeta’aba’, chíika’an ti’ jump’éel multjun 46 u meetrosil, ma’ páakta’ani’, ba’ale’ chíika’an ti’ óoli’ je’ex le yaan te’e Peténo’, ma’ je’ex le líik’sa’an Uxmal, Sayil, Xlapak, Labná, u áaktunilo’ob Loltún yéetel uláak’ jun jaats yaan Kabah.Uláak’ ba’ale’, yáax xaak’alo’ob beeta’ab te’e kúuchilo’, ku ye’esik úuchben kajnáalo’obe’ tu beeto’ob u ritualil u p’atiko’ob le kaajo’, tumen chíika’an bix k’askúunta’abik le najo’obo’; lelo’ tu yóolil u beetiko’ob.Ku tukulta’ale’ tu kaajil Kabah kuxlaj u máakil aantes ti’ u ja’abil 400. Tuláakal áarkitektonikóo chíikulal te’e kaajo’ ku ye’esik máaxo’ob kajlo’ob te’elo’, ayik’al máako’ob, tumen chíika’an u tu kan u líik’so’ob u jejeláasil kúuchilo’ob te’e tu’ux yanchajo’obo’.
Descubren que Kabah tiene manifestaciones de arquitectura previas al estilo Puuc
INAH realiza restauración de los mascarones de Codz Pop, en Kabah
"
Ko’olele’ tu káajal u táakpajal ti’ u meyajil che’ob; tu káajal u meyajo’ob xan ichil u múuch’il jo’olbesik Canainma,07/03/2023,"Tu ja’atskab k’iinil jo’oljeake’, ook meyaj u túumben máaxo’ob kun jo’olbesik Cámara Nacional de la Industria Maderera (Canainma) Delegación Sureste, tu’ux jts’a’ab k’ajóoltbile’ yaan kaambal táan u beeta’al yéetel ko’olelo’ob ti’al u táakbesa’alo’ob xan ichil u meyajil che’ yaan.Te’e súutuko’, máax jo’olbesik Secretaría de Fomento Económico y Trabajo (SEFOET), Ernesto Herrera Novelo, tu ts’áaj k’ajóoltbil le múuch’kabilo’ táan u kaxtik u táakbesik ko’olel tu meyajil che’, tumen te’e ja’ab máaniko’ béeychaj u ts’a’abal kaambal ti’ 90 u túul ko’olelo’ob, ts’o’okole’ walkila’ ts’o’ok u káajal u meyajo’ob.“Meyajo’ob táan u je’ets’ele’ táan u kaxtik u ts’aatáantik le kúuchilo’ob tu’ux mina’an u yuumil meyaj”, tu tsikbaltaj.Edgardo Martínez Duarte tu ya’alaje’, yóok’lal meyaj ku beeta’al te’e múuch’kabilo’, ja’ab man ja’abe’ ku náajalta’al 2 mil 489 miyoonesil doolarées ichil tuláakal u noj lu’umil México, ts’o’okole’ ti’ le je’elo’, u noojol-lak’inil le noj lu’umo’, ku chíikbesik u 40 por siientoil, tu’ux táaka’an Tabasco, Yucatán, Kaanpech, Quintana Roo yéetel Chiapas. “Yaan k-ilik kmeyaj ti’al u kaambal máak, ti’al u kanik bix u no’oja’an beeta’al je’el ba’axak meyajil; ts’o’ok u yantal jump’éel nu’ukbesaj ti’al u yantal kaambal mantats’, tumen le je’elo’ ku beetik u aaltal xan ba’ax kbeetik”.Tu tsikbaltaje’, le je’ela’ jump’éel ba’al k’a’anan ti’al u béeytal u ke’etel yéetel uláak’ meyajo’ob, tumen ti’al u béeytal u koonolo’obe’ k’a’anan xan jach uts ba’ax ku beetiko’ob. Leti’e’ tu ya’alaje’ “nuupul yanik súustentaabilidad yéetel che’, ba’ale’ le je’elo’, jump’éel ba’al ts’o’ok u kana’al Canainma”, beey u kaxta’al u mu’uk’ankúunsa’al meyaj ti’al u beeta’al u yantal náajal taak’in, ba’ale’ beyxan ti’al u yutsil kaaj.“Ko’one’ex náachkuns kpaakat, ka kséebkuns k’eexil ku béeytal kbeetik; ko’one’ex múul meyaj ti’al ka p’áatak beey u chíikulal Canainma”, tu ts’ook a’alaj tu súutukil úuchik u tse’ek ti’al u k’aaba’inta’al beey máax kun jo’olbesik múuch’kabil.Te’e súutuko’, táakpaj xan u jo’olpóopil u kaajil Jo’, Renán Barrera Concha, máax tu k’a’aytaje’ te’e Ayuntamientoo’ yaan nu’ukbesajo’ob ti’al u ka’a kuxkíinsa’al k’áax, je’el bix: ÁrbolMID, 8 Mega Puntos verdes yéetel 200 Puntos Verdes Individuales, 4 viveros, ts’o’okole’ yaan xan mokt’aan ts’o’ok u je’ets’el yéetel Fonatur ti’al u kaláanta’al Reserva Ecológica de Cuxtal.
"
Yaan u ts’a’abal meyaj tres miil kanan kaajo’ob ti’al u kaláanta’al xíimbalil líik’saj t’aan yóok’lal U K’iinil Ko’olel,07/03/2023,"Walkila’ ts’o’ok u ts’a’abal u pak’pachil kúuchilo’ob je’ex móonumentóos yéetel tu’ux ku yúuchul koonol yóok’lal xíimbalil líik’saj t’aan ku beeta’al tu K’iinil Ko’olel, ts’o’okole’ yaan u ts’a’abal meyaj 3 mil xkanan kaajo’ob, ti’al u kaláanta’al máaxo’ob kun táakpajali’.  
Máax beetik u séekretaroil Gobierno, Martí Batres, tu k’a’aytaje’ yaan u beeta’al jump’éel óoperatibóo tu’ux ka jach ila’ak u kaláanta’al tu beel le ba’ax kun beetbilo’, ts’o’okole’ beetaj páayt’aan ti’al u beetiko’ob líik’saj t’aan, ba’ale’ ich jets’ óolal. “Yaan k’iine’, yaan mejen múuch’il máako’ob ku yoksikubáajo’ob te’e líik’saj t’aano’obo’, ba’ale’ chéen xwo’okin u ka’ajo’ob, le beetike’ yaan kjach ts’áak k-óol ti’al kaláantik ma’ u yúuchul, ti’al u máan tuláakal ich jets’ óolal”, tu tsikbaltaj.  Tu ya’alaje’ yaan túun u yantal múul meyaj yéetel Comisión de Derechos Humanos ti’ u kaajil Ciudad de México, ti’al beyo’ u yúuchul múul kananil yéetel xkanan kaajo’ob kun ts’áak chaleekóos chak k’aank’an u boonil, ts’o’okole’ tu much k’áataj “ma’ u biinsa’al nu’ukulo’ob ti’al p’uuch, baj, ichil uláak’o’ob”.Beey túuno’, u mola’ayil Secretaría de Seguridad Ciudadana yaan u ts¡áak meyaj kex 3 miil kanan kaajo’ob, u ya’abile’ ko’olel, ti’al u kaláanta’al yéetel u ts’aatáanta’al xíimbalil líik’saj t’aan kun káajal Ángel de la Independencia, Monumento a la Revolución yéetel tu’ux yaan ka’ach u glorietail Colón, ichil uláak’ tu’uxoo’ob.Kanan kaajo’obe’ chéen yaan u búukintik u kaaskóos, u pix píixo’ob, u paano’ob, yéetel chéen wa ka k’a’abéetchajake’ yaan u meyaj ti’ob éextintoorées.Ka’alikil túune’, u yúumil kúuchilo’ob tu’ux k uyúuchul koonole’ tu ts’áaj u piixil le kúuchiulo’obo’ ti’al u kaláantiko’ob ma’ u k’askúunsa’al, je’el bix ucha’an ti’ uláak’ ja’abo’ob, tumen beyo’ ku béeytal u kaláanta’al máaxo’ob yano’ob te’elo’.
"
Yáax ko’olel jo’olbesik FILEY ku táakmuk’tik ka yantak kúuchilo’ob ti’al u yu’uba’al u t’aano’ob ich miatsil,07/03/2023,"Te’e ja’abil 2023a’, tu cha’anil Feria Internacional de la Lectura en Yucatán (Filey) yaan u je’ebel kúuchilo’ob ti’al u chíikbesa’al meyaj ku beetik ko’olel ich miatsil, ti’ jump’éel ja’ab tu’ux láayli’ yáan juntéen jo’olbesa’an le noj meyaja’ tumen juntúul ko’olel.
María Teresa Mézquita Méndez, máax jo’olbesik FILEYe’, tu ya’alaj te’e ja’aba’ yaan u beeta’al jejeláas meyajo’ob tu’ux yaan u táakbesa’al ko’olel, ichil le je’elo’obo’, u ye’esajil cha’ano’ob yéetel ts’íib yaan ba’al u yil yéetel ko’olel.
Tu tsikbaltaje’, jéets’ u beeta’al meyaj ti’al u chíikbesa’al ko’olel tumen ku núupul yéetel u winalil marzo, ts’o’okole’ ti’ le ts’ook óoxp’éel ja’abo’ob ts’o’ok u máano’oba’, yanchaj jejeláas k’eexilo’ob tumen tu ja’abil 2020e’ ma’ yanchaj le cha’ana’, ts’o’okole’ ti’ le uláak’ ka’ap’éel ja’abo’obo’ beeta’ab ba’ale’ ti’ Internet.
Walkila’, ku ch’a’ak u muuk’ u yantal kúuchilo’ob ti’al u béeytal u mu’uk’ankúunsa’al u t’aan ko’olel, tumen u tuukul kaaje’ ts’o’ok u k’éexel lik’ul u ja’abil 2019 tak walkila’.
Yaan u ts’a’abal k’ajóoltbil jump’éel áanalte’ ku k’aaba’tik Dueñas de la Luz, ts’o’okole’ le je’elo’, kex ma’ táakbesa’an ichil jun jaats meyajo’ob tu’ux yaan tse’eko’ob yéetel tsikbalo’ob yóok’lal ko’olele’, láayli’ ya’abach ba’al ku chíikbesik yóok’lal ko’olel meyajnaja’an ichil mexikanoil cha’ano’ob.Beyxan yéetel u meyajil “De que las hay, las hay” yaan xan u ye’esa’al u meyaj ko’olel ichil maitsil, ts’íib yéetel uláak’ meyajo’ob; tuláakal le je’ela’ yaan u káajal le 15 ti’ marzo, kéen chúunsa’ak cha’an tu kúuchil Centro de Convenciones Siglo XXI.
“Yaan xaak’alo’ob beeta’an yóok’lal bix u chíikpajal ko’olel ti’ ts’íib, ba’ale’ beyxan ti’ uláak’ meyajo’ob, je’ex cha’an, its’at yéetel uláak’ xa’ak’an ba’alo’ob táan u bin u patjo’olta’alo’ob”.“Uláak’ ba’ale’, yaan u k’a’abéetkunsa’al uláak’ u kúuchilo’ob Uady ti’al u beeta’al uláak’ e’esajilo’ob”. Tu k’iinilo’ob 16 yéetel 17 yaan u yantal meyajo’ob tu kúuchil Salón del Consejo Universitario ichil Edificio Central de la UADY yéetel sábado 18e’ tu bíideosalail Centro Cultural Olimpo.
Mézquita Méndeze’ tu ya’alaje’ “ts’o’ok 20 ja’abo’ob káajak in ka’ansaj tu najil xook Uady, le beetik kin tukultike’ k’a’anan u páayt’anta’al xoknáalo’ob ti’al u táakpajalo’ob ti’ le noj cha’anila’, tumen beyo’ yaan u béeytal u k’ajóoltiko’ob uláak’ kúuchilo’ob, uláak’ k’iinilo’ob, uláak’ máako’ob, yóok’lal u muuk’il t’aan”.  
Máax jo’olbesik FILEYe’ tu ts’o’oksaj u xookil Ciencias de la Comunicación tu noj najil xook Universidad del Mayab yéetel u jóok’smaj u maestriail Investigación Literaria tu noj najil xook Universidad Nacional de Educación a Distancia (UNED), tu noj kaajil Madrid, España.
"
"Ichil lajuntúul ko’olel k’a’abéetkunsik Internete’, yóok’ol óoxtúul ku beeta’al síiberakoosóo: ONU",09/03/2023,"Ti’ lajuntúul xmexikoilo’ob k’a’abéetkunsiko’ob Internete’, óoxtúul ts’o’ok u máansik wa ba’ax yóok’lal síiberakoosóo, le je’ela’ ku taal u chíikbesej ti’ 10 miyoonesil ko’olel ucha’an, beey a’alabik le martes máanika’ tu kúuchil Naciones Unidas tu noj lu’umil México, úuchik u máan U K’iinil Ko’olel.ONUe’ tu k’a’aytaj sajbe’entsil ti’ jump’éel k’a’aytajil ts’íib tu jóok’saj tumen díijital loobilaje’ “je’el u péektsiltik ka yanak uláak’ loobilajo’ob tu jach kuxtalil máak”, je’ex kéen loobilta’ak ko’olel tu wíinkilal, sexual, yéetel tu tuukul, beyxan kéen ch’a’apachta’ak ko’olel ti’ bejo’ob wa ti’ najilo’ob xook, kéen ts’a’abak u kuuch, kéen jumpáaykunsa’ak, wa tak kéen kíinsa’ak. Beyxan, a’alabe’ le ba’ax ku yúuchula’, ma’ táan u cha’ak u kéet táakpajal ti’ kuxtal yaan sáansamal, tumen ku jats’ik ya’abach u jaatsilo’ob u kuxtal ko’olel yéetel kaaj.“Ko’olele’ yaan u muuk’il u t’aan, chíika’an ti’ máaxo’ob beetik péeriodismóo, kóomunikasyon yéetel máaxo’ob ku ba’atelo’ob ti’al u chíimpolta’al u páajtalil wíinik, tumen leti’obe’ séeba’an je’el u loobilta’alo’obe’, tumen je’el tak u ch’úuktalo’ob kex ma’ yanak júudisyal áautorisasyon”, a’alab tumen le mola’ayo’.Uláak’ ba’ale’, Naciones Unidas tu xokaje’ u 40 por siientoil ko’olel yaan Latinoaméricae’ ma’ tu k’a’abéetkunsiko’ob Internet, le je’ela’ ku chíikbesik maanal 89 miyoonesil máako’ob.Tu lu’umil Méxicoe’, u 63 por siientoil ko’olele’ ma’ tu meyaj ti’ Internet; u ya’abile’ tumen ma’ u yojel bixij. Ts’o’okole’, tu ya’alaje’ tu ja’abil xook 2021-2022 chéen u 23.67 por siientoil máax ts’íibta’an u k’aaba’ ti’ u líisensyaturail yaan ba’al u yil yéetel Tecnologías de la Información y Comunicación, ko’olel. Beey túuno’, ONU tu ya’alaje’, ichil tuláakal yóok’ol kaabe’, xiibe’ yaan u 25 por siientoil u páajtalil u yojéeltik bix u k’a’abéetkunsa’al téeknolojiaa keetel yéetel le beyka’aj ku béeytal ko’olel. “Naciones Unidase’ tu beetaj páayt’aan ti’al ka meyajnak máak ti’al u xo’ot’ol le beyka’aj náachil yanik ko’olel yéetel xch’úupalal ti’ tuláakal le díijital nu’ukulo’ob, yéetel ti’al u meyajo’ob ti’al ka péektsilta’ak téeknolojikóo ba’alob tu’ux ka táakbesa’ak jejeláas ba’al yóok’lal siiensya”, a’alabij.   
"
"Áaktibiistaobe’ táan u k’áatiko’ob ka éejenta’ak Ley Monzón, tu lu’umil Yucatán",09/03/2023,"Ko’olelo’ob táaka’an ichil u múuch’kabil Agenda de las Mujeres por la Igualdad Sustantiva en Yucatán (AMISY), tu ya’alo’obe’ ku táakmuk’tiko’ob yéetel ku xchukliko’ob ka éejenta’ak Ley Monzón, ti’ tuláakal u noj lu’umil México, yéetel tu péetlu’umil Yucatán, ti’al beyo’ u kaláanta’al paalal ti’ wíinik kíinsik ko’olel.“Ma’ tu béeytal k-éejentik ka yanak u páajtalil ti’ máax kíinsik ko’olele’ ka p’áatak u legal poderil u ti’al u yilik u paalilo’ob, ts’o’okole’ mix xan ka táakmukt’a’ak tumen jala’acho’ob”, tu ya’alaj x-áaktibiista Ligia Canto Lugo, u na’ Emma Gabriela Molina Canto, máax kíinsa’ab tumen u núup tu ja’abil 2018.
Le 7 ti’ marzo máanika’, Mauricio Vila Dosal, tu k’a’aytaje’ yaan u túuxtik tu Congresoil Yucatáne’ u proyeektoil Ley Monzón ti’al u je’ets’ele’, máax yaan kuuch tumen yaan ko’olel u kíinsmaje’ u luk’sa’al ti’ob jumpuul u paatria póotestadil u paalal.U a’almajt’aanil Monzóne’ éejenta’an tu péetlu’umil Puebla; leti’e’ yáax tu’ux jets’a’ab ichil tuláakal u noj lu’umil México, tu’ux ku tse’elel ma’ táan u béeytal u ka yilik u paalal yanchaj yéetel ko’olel tu kíinsajo’.Beey ts’a’abik u k’aaba’ le a’almajt’aano’ tumen x-áabogada féeminista Cecilia Monzóne’, kíinsa’ab tu winalil mayo tu ja’abil 2022, tu péetlu’umil Puebla, ba’ale’ yóok’lal le je’elo’, jmacha’ab máax u núup ka’achij, juntúul priistail. 
Canto Lugoe’ tu ya’alaje’, kex tumen Martín Alberto Medina Sonda, ts’o’ok u ts’a’abal u si’ipil tumen tu kíinsaj u yaale’, láayli’ táan u beeta’al u meyajilo’ob ti’al u k’áata’al ka ts’a’abak u taak’inil u tséenta’a u paalilo’ob, ba’ale’ beyxan ti’al ka tse’elek u paatrial póotestadil, ti’al ma’ u béeytal mix u t’aan yéetelo’obi’.
Yóok’lal túun le paatriao’, xáanchaj kamp’éel ja’ab u je’ets’el ba’ax kun úuchul, tumen ti’al mayo ti’ u ja’abil 2022 ka béeychaj u p’a’atal tu k’ab tu yóoxtulil u yáabil, ba’ale’ láayli’ oksa’an jump’éel áapelasyon tak bejla’a ma’ je’ets’eki’ ti’al u yutsil le paalalo’obo’. Jach yaj óol tuláakal ba’ax ku yúuchul ti’al u je’ets’el ba’al. Le beetike’, k’a’anan ka éejenta’ak le a’almajt’aana’ “bix kéen a wa’al ten láayli’ yaan u páajtalil u p’a’atal tu k’ab u paalal máax kíins u na’ob, sajbe’entsil u ti’alo’ob”, tu ya’alaj. 
María Eugenia Núñez Zapata, máax jo’olbesik Agenda de las Mujeres por la Igualdad Sustantiva, tu lu’umil Yucatán, tu ya’alaje’ ka’aj éejenta’ab a’almajt’aan tu lu’umil Puebla ti’al u k’iinil 2 ti’ marzoe’, múuch’kabile’ tu mokt’antaj yéetel Todas Méxicoe’, yaan u líik’sik u t’aano’ob ti’al ka éejenta’al u a’almajt’aanil Monzón te’e 8 ti’ marzo máanika’, tu lu’umil Yucatán, yéetel ichil tuláakal u noj lu’umil México. 
"
"Hopelchén yéetel Dzibalchén, taak u yoksa’alo’ob ti’al u chíimpolta’alo’ob beey Pueblos Mágicos",12/03/2023,"U páayt’aanil ti’al u ts’íibta’al u k’aaba’ kaajo’ob ku tukulta’al ku béeytal u chíimpolta’alo’ob beey Pueblos Mágicose’ ts’o’ok u je’ebel, le beetike’, u jo’olpóopil u kaajil Hopelchén, Emilio Lara Calderón, tu ya’alaje’ ts’o’ok u yoksa’al u k’aaba’ u noj kaajil Hopelchén, yéetel Dzibalchén ti’al u yila’al wa no’oja’ano’ob ti’al u k’aaba’inta’al Pueblo Mágico, ti’ u péetlu’umil Kaanpech.
Ichil ba’ax a’ala’an tumen u mola’ayil Secretaría de Turismo Federal, ti’al u chíimpolta’al jump’éel kaaj beey Pueblo Mágicoe’, k’a’abéet “yaan k’a’anan chíikulal, k’ajla’ayil, tsikbalo’ob, kuxtal, jats’uts ba’al, yéetel uláak’ ba’alo’ob ka chíikpajak tu kaajil yéetel ti’ u miatsil”.
Beey túuno’, tu kaajil Hopelchéne’ jach chíika’an maaya kaaj, ts’o’okole’ ku yúuchul paak’áal xani’, láayli’ u beeta’al u cha’anil, yéetel yaan uláak’ ba’al ku ch’a’anukta’al ti’ le kaajo’.Máax jo’olbesik Secretaría de Turismo de Campeche, Mauricio Arceo Piña, tu ya’alaje’, te’e péetlu’umo’ unaj yaan kex waxakp’éel kaajo’ob chíimpolta’an beey Pueblo Mágico. Walkila’ Palizada yéetel Isla Aguadae’ ts’o’ok u k’amiko’oble k’aaba’o’. 
Beey túuno’, Arceo Piñae’ tu páayt’antaj le uláak’ jo’olpóopo’obo’ ti’al u táakbesa’al uláak’ u k’aaba’ kaajo’ob ba’ale’ yáax táanile’ ka u ch’a’ob u t’aanil u yantal u kaláantiko’ob u kaajilo’ob yéetel u ts’aatáantiko’ob ba’ax k’a’abéet ti’al u béeytal u chíimpolta’al beey Pueblo Mágico, tumen kéen beeta’ake’ ku mu’uk’anchajal xan taak’in ku yokol te’e kaajo’obo’.
Tu ts’ooke’, Lara Calderóne’ tu ya’alaj ma’ táan u jach t’aan yóok’lal le ba’ax ku tukulta’ala’ tak kéen je’ets’ek u chíimpolta’al le kaajo’oba’ tu táan u mola’ayil Secretaría de Turismo Federal. 
Lee: Hopelchén y Dzibalchén, propuestas para ser Pueblos Mágicos
"
"La Muralla, uláak’ k’a’anan úuchben kúuchil kaxta’an ka’alikil táan u beeta’al u meyajilo’ob Tren Maya",12/03/2023,"Ti’ xíimbal meyaj beeta’ab tu méek’tankaajil Escárcega, u xjala’achil Kaanpech, Layda Sansores San Román, tu múul xíimbaltaj yéetel u yéetel meyajnáalilo’ob jala’ache’, le meyajo’ob táan u beeta’al ti’al u kaláanta’al úuchben kaajo’ob yéetel nu’ukulo’ob ku jóok’ol tu beelil Tren Maya. Te’e baantao’ ti’ yaan úuchben maaya kaaj ku k’aaba’tik La Muralla. 
Xjala’ache’ tu ya’alaje’, leti’e’ chéen táan u beetik ba’ax k’ubéenta’ab ti’ tumen jala’ach Andrés Manuel López Obrador, le beetik ku kaláantik jach bix táan u beeta’al le meyajo’obo’, tu’ux táaka’an xan u jala’achil kaaj yéetel u jala’achil méek’tankaajo’ob, ts’o’okole’ yaan xan uláak’ mola’ayo’ob táan u táakpajalo’ob je’el bix Instituto Nacional de Antropología e Historia (INAH), yéetel Secretaría de la Defensa Nacional (Sedena).
Máax jo’olbesik u múuch’il áarkeoologosil INAHe’, Salvador Llamas Almeida, tu ts’áaj u níib óolalil áantaj ku taal u ts’a’abal tumen u jala’achil Kaanpech, ti’al u béeytal u beeta’al tuláakal meyajo’ob.
La Murallae’ jump’éel úuchben kaaj tu’ux líik’sa’an u bak’pachil, náachchaja’an kex kamp’éel kilomeetróos, ts’o’okole’ u ka’analile’ ichil bolonp’éel yéetel lajka’ap’éel meetróos.U bejil Tren Mayae’ ku máan tu’ux yaan le kúuchila’, le beetike’, ts’o’ok u káajal u patjo’olta’al uláak’ meyaj ti’al u kaláanta’al tu beel, u páakta’al yéetel u ts’aatáanata’al, tumen jach k’a’anan ba’ax kaxta’an, ts’o’okole’ ichil meyajo’obe’ táan u táakpajal xan u xoknáalilo’ob Instituto Tecnológico de Escárcega.
"
"Aj péektsilo’ob xooke’, ku páayt’aano’ob ti’al u k’a’amkach líik’sa’al t’aan ti’ noj múuch’tambal",14/03/2023,"Te’e k’iino’oba’ yaan u beeta’al tsikbalo’ob yéetel ajts’íibo’ob, tse’eko’ob, kaambalo’ob, ichil uláak’ ba’alo’ob, ikil táan u jo’otéenil u beeta’al Encuentro de Promotores de Lectura, tu’ux táan u táakpajal máaxo’ob ku meyajo’ob ti’al u péektsiltiko’ob xook.Jo’oljeak 13 yéetel bejla’a 14 ti’ febreroe’, Fundación SM yéetel Feria Internacional de la Lectura Yucatán 2023 (FILEY) táan u múul meyajo’ob ti’al u béeytal le múuch’tambala’, tu’ux ku kaxta’al u péeksa’al u yóol máak ti’al le xooko’.Tu súutukil úuchik u chúunsa’al meyaje’, máax jo’olbesik Fundación SM, Cecilia Espinosa Bonilla, tu ya’alaje’, yéetel meyaje’ táan u kaxta’al u tsikbalta’al ba’ax ku yúuchul ti’ le k’iino’oba’, tu’ux táanil yaan séelular yéetel áaplikasyones, le beetike’ k’áatchibta’ab: bix u kaxta’al u le’ep’el u yóol máak ti’al xook.
Beyxan, yaan u táakpajal Carmen Boullosa, máax chíimpolta’ab yéetel Premio Excelencia en las Letras “José Emilio Pacheco” 2023 yéetel Ricardo Zárate, jts’íib yéetel máax chíimpolta’ab yéetel Gran Angular 2022.Uláak’ máax kun táakpajale’, leti’e’ jmaaya ts’íib Ángel Augusto Uicab, máax yaan u tsikbaltik jejeláas ba’alo’bo yóok’lal k’aay tuukul; ka’alikil xyukatekail ts’íib Margarita Robleda yaan u beetik u táayeril “Los libros no muerden”.Tu ts’ooke’, máax jo’olbesik Universidad Autónoma de Yucatán (UADY), Carlos Alberto Estrada Pinto, tu ya’alaje’ le múuch’tambala’ k’a’anan yéetel kaláanta’ak ka u táamuk’t tuláakal ba’ax ku péektsiltik FILEY.
"
Maaya paalalo’obe’ tu náajalto’ob u chíimpolalil Equipo Revelación ichil u keetil robootikáa LEGO,14/03/2023,"Maaya xoknáal Carolina Cocom Dzip, táaka’an ichil u múuch’il U Muuk’ iik’, ti’ u téesekundaaryail Juana de Asbaje, tu kaajil Ekpedz, Tixcacalcupul,  jach ki’imak u yóol tumen u najil xooke’ tu náajaltaj u chíimpolalil Equipo Revelación, ichil u keetil FIRST LEGO Leagues México 2023, beeta’ab tu noj kaajil Ciudad de México, ba’ale’ beyxan tumen úuchik u k’uchul tak te’elo’ béeychaj u k’ajóoltik k’áak’náab yéetel jáal ja’, mix juntéen u yil ka’achij, mix xan jach náachchaja’an ka’ach ti’ u kaajali’. Le 6 ti’ marzo máaniko’, maaya paalale’ béeychaj u k’uchulo’ob tu yáax keetil beeta’ab tu noj najil xook Universidad Modelo, ti’ u kaajil Jo’. Ba’ale’ te’e noj keetil táant u beeta’al Ciudad de Méxicoe’ tu jach péeks u yóol le jueeso’obo’, tumen meyaj ku péektsiltiko’ob ku kaxtik u ch’a’ak u muuk’ iik’ ti’al u ts’a’abal u sáasil u kaajalo’ob. 
Xoknáalo’ob táakano’ob ich U Muuk’ Iik’e’ tu beto’ob jump’éel xaak’al ti’al u yojéeltiko’ob ba’ax talamil yaan tu kaajalo’obi’, le beetik jets’a’ab unaj u ch’a’anukta’al u k’ujsa’al ja’ ti’ kaaj yéetel u ts’a’abal sáasili’; yéetel u yáantajil legos, beyxan yéetel ba’ax ts’o’ok u kaniko’ob yóok’lal robootikae’ tu beeto’ob jump’éel makeeta tu’ux tu ts’áajo’ob najo’ob yaan tu kaajalo’ob, ba’ale’ sáasil yéetel ja’e’ k’ujsa’an yéetel u muuk’ iik’.Carolina Cocom, xoknáal táakpaje’, tu ya’alaje’ “yéetel le meyaja’, jala’acho’obe’ ku páajtal u ts’aatáantik le talamilo’ob yaan tu kaajalo’obi’, tumen mina’an uk’be’en ja’ mix sáasili’. Rolando Wilberto Coral Martín, leti’e’ máax ka’ansik le múuch’il paalalo’oba’ tu ya’alaje’, walkila’ ma’ ts’a’abak k’ajóoltbil u réesultadosil le keetila’, le beetike’ ma’ u yojelo’ob wa yaan u máano’ob ti’ le uláak’ keetilo’, tukulta’an u beeta’al ti’ kaajo’ob je’ex Marruecos, San Diego, ichil uláak’o’ob. Le sábado máanika’, k’uba’ab jayp’éel chíimpolalo’ob, tu’ux jts’a’ab Equipo Revelación. Tuláakal máax ku táakpajale’ ki’imak u yóol, tumen yáax juntéen u táakpajalo’ob ti’ jump’éel keetil je’ex le je’elo’, ts’o’okole’ yaan ba’ax ts’o’ok u náajaltioko’ob.U jala’achil u lu’umil Yucatán, Mauricio Vila Dosal, tu ki’imak óoltaj paalalo’ob táakpaj te’e keetilo’.
"
"La Ludoteka, tu kúuchil La Jornada Maya",14/03/2023,"Le lunes máanika’, le tu’ux jeets’el u ba’alumbáaj le kúuchil ts’íiba’ ichil u cha’anil Fileye’, jsúut u lu’umil báaxalo’ob k’aaba’inta’an juegos de mesa, ti’al u chan náaysik u yóol máak jun súutuk, je’ex u beeta’al tumen kúuchil uk’ káafée yaan Francisco de Montejo, tu’ux ku béeytal a báaxal ka’alikil a janal… wa a janal ka’alikil a báaxal.
"
U máasewal ts’aakil kaajo’obe’ yaan u táakbesa’al tu túumben nu’ukbesajil Plan de Salud IMSS Bienestar,15/03/2023,"Ikil táan u meyaj u mola’ayil Instituto Nacional de los Pueblos Indígenas (INPI), táan u péektsilta’al máasewal ts’aak ku beeta’al tu kaajilo’ob México, beyxan tumen áafrodesendieenteob, beey tu ts’áaj k’ajóoltbil máax beetik u meyajnáalil Salud, Jorge Alcocer Varela.
Máax jo’olbesik Instituto Mexicano del Seguro Social, Zoé Robledo Aburto, tu ya’alaje’ u nu’ukbesajil Plan de Salud IMSS Bienestar yaan u táakbesik 753 u túul máasewal ts’akyajo’ob, máaxo’ob úuch káajak u ts’aakáankilo’ob.
Ichilo’obe’ yaan yeet’o’ob, utskíinaj baako’ob, jts’ak xíiwo’ob yéetel xk’am paalo’ob, ts’o’okole’ ti’ le je’elo’obo’ yaan 7 mil 79 u túul rejiistráarta’an yéetel ku meyajo’ob ti’al u péektsila’al ka k’a’abéetkunsa’ak áantikonseeptibóos, tumen yaan k’iine’ kéen yo’omchajak ko’olele’ sajbe’entsil u áalibyaro’ob, beyxan leti’obe’ ku nu’uktiko’ob ko’olel ti’al u kaláantikubáajo’ob, yéetel péektsiltiko’ob ka ts’a’abak u chu’uch le chaam palo’obo’.
Walkila’ táanili’ u táakbesa’al máasewal t’aakáankil ti’ kaajo’ob yaan tu péetlu’umilo’ob Baja California Sur, Campeche, Colima, Guerrero, Michoacán, Morelos, Nayarit, Sinaloa, Sonora, Tlaxcala yéetel Veracruz, tu’ux ojéela’an yaan 2 mil 177 u komites toj óolal, 10 mil 356 bóooluntaryos, 20 mil 798 u p’éel xíimbal beeta’an tu yotoch máak yéetel 54 mil 851 u p’éel u íinformatibóo tsikbalo’ob.
Ichil ba’ax jets’a’an ti’ u a’almajt’aanil Instituto Nacional de los Pueblos Indígenas, u noj lu’umil Méxicoe’ ku kaxtik u péektsiltik máasewal t’aak u ti’al: u ts’a’akal áafrodesendieente yéetel máasewal kaajo’ob je’el bix u na’atiko’ob ts’aak, ichil u t’aano’ob yéetel xma’ péech’ óolalil; u chíimpolta’al yéetel u táakbesa’al máasewal t’aak ku beeta’al ichil u mola’ayilo’ob toj óolal; u beeta’al xaak’alo’ob yóok’lal xíiwo’ob yéetel ts’aak ku beetik áafrodesendieente yéetel máasewal kaajo’ob. 
Beey túuno’, ka’alikile’, u nu’ukbesajilo’ob Planes de Justicia y Desarrollo Regional de los Pueblos Indígenas yaan u táakbesik u kaajilo’ob Seri Comca’ac, Yoreme Mayo, Guarijío-Makurawe, Wixárika, Na’ayeri, O’dam-Au’dam, Meshikan, Rarámuri/Ralámuli, Yumanos y Cochimí, Nación Amuzga, Zapoteco, Chinanteco, Xhidza yéetel Xhon.
"
U ya’abil tak pool beeta’abe’ yóok’lal baankóos yéetel ookol tu k’aaba’i’: Condusef,15/03/2023,"Oscar Rosado Jiménez, máax jo’olbesik tu noj lu’umil México Comisión Nacional para la Protección y Defensa de los Usuarios de Servicios Financieros (Condusef), tu ya’alaje’ u 60 por siientoil tak pool beeta’ab te’e mola’ayo’ yaan ba’al u yil yéetel u seen t’a’anal máak tumen baakóo, tu paache’ ti’ yaan le beeta’ab tumen áaseguradoráas yéetel aforées.
U 95 por siientoil tak poole’ beeta’ab yóok’ol u baankosil: Banamex. BBVA, Banco Azteca, Banorte, Santander yéetel HSBC. U 40 por siientoil ti’ le tak poolo’obo’ yanchaj ba’al u yil yéetel ookol tu k’aaba’ baankóos.
Ichil xíimbal meyaj tu beetaj tu kaajil Jo’e’, meyajnáale’ tu ya’alaje’, tak poolo’obe’ beeta’ab ti’ ba’al yaan ba’al u yil yéetel u táarjetasil kreeditóo, debitóo, beyxan tumen yaan bo’olo’ob ma’ máak beeti’, yéetel ookol.
Yóok’lal túun ookol tu k’aaba’ baankose’, tu ya’alaje’ “jach k’aas ba’ale’ ts’o’ok u ya’abtal ookol, ts’o’okole’ jach ma’alobkúunsa’an bix u beeta’al, ts’o’ok u talamtal ba’al yóok’lal”. Le ja’ab máaniko’, tu k’amajo’ob 60 mil tak pool yóok’lal le je’ela’, ichil tuláakal u lu’umil México.
Le beetike’, tu páayt’antaj kaaj ti’al u jach kaláantikubáaj, ti’al kéen t’a’anak máak, wa kéen túuxta’ak k’uben t’aane’, ma’ u núuka’al, mix xan u péets’k’abta’al mix jump’éel link, ts’o’okole’ wa yaan ba’ax ma’ sáasile’, ka úuchuk t’aan te’e baankóo’ wa ka xi’ik máaki’.
Ichil ba’ax a’alab tumen Rosado Jiméneze’, le ja’ab máaniko’, ichil tuláakal u noj lu’umil Méxicoe’ k’ama’ab óoli’ 140 mil tak poolo’ob, ti’ le je’elo’obo’ 60 mile’ yanchaj ba’al u yil yéetel ookol tu k’aaba’ baankóo.
Uláak’ ba’ale’, u 15 por siientoil tak poolo’ob beeta’ab yóok’lal baakose’ ma’ yóok’lal taak’ini’, tumen yaan ba’al u yil yéetel áadministratiibóo ba’alo’ob tumen ma’ patal bin u beeta’ali’, beyxan tumen ku ts’a’abal táarjeta de kreeditóo kex ma’ k’áata’ani’, wa tumen k’áata’ab ka tse’elek wa ba’axe’ chéen ba’ale’ ma’ ts’aatáanta’abij.  
Ichil u ja’abil 2022e’, Unidad de Atención a Usuarios de Yucatán, méekt’anta’an tumen Comisión Nacional para la Protección y Defensa de los Usuarios de Servicios Financieros (CONDUSEF) tu ts’aatáantaj 4 mil 216 tak poolo’ob. Le je’ela’ tu chíikbesaj j-éem 21.2 por siientoil ti’ le beyka’aj yanchaj 2021, tumen te’e ja’abo’ yanchaj 5 mil 347 u p’éel t’aano’ob yóok’lal. 
"
Ku tukulta’ale’ yaan 2 miyoones u tóoneladasil plaastikóo ich k’áak’náab,15/03/2023,"Ti’ xaak’al beeta’abe’ ila’ab jach táaj ya’abchaj le ba’alo’ob pula’an ich ja’, lik’ul u ja’abil 2005. Te’e xaak’alo’ meyajnaj máako’ob ti’ u lu’umil Estados Unidos, Suecia, Chile yéetel Australia, ts’o’okole’ tu xak’alto’ob meyajo’ob u yáax beeta’an, ka tu ya’alo’obe’ 2019e’ yaan ichil 82 yéetel 358 u biyoonesil mejen ba’al aalchaj ichil 1.1 yéetel 4.9 miyoonesil tóoneladas, beey chíikpaj ti’ u pikil ju’unil PLoS ONE. 
"
Túumben bo’ol ku k’áatik Conanpe’ ma’ u beet u ch’éenel u xíimbalta’al u yúuchben kaajil Tulumi’,16/03/2023,"Le 58 pesos ku káaj u túumben k’áata’al te’e k’iino’oba’, tumen Comisión de Áreas Naturales Protegidas (Conanp), ti’al u béeytal u yokol máak tu yúuchben kaajil Tulume’ ma’ u beet u yéemel le jaytúul máax ku k’uchul u xíimbalt u kúuchil Tulum, beey a’alabik tumen máaxo’ob ku meyajo’ob te’elo’. Kex beyo’ tu ya’alo’obe’ ema’an le beyka’aj máak suuk u k’uchuli’, tumen ma’ u k’iinilo’ob je’elil mix náaysaj óoli’, ba’ale’ táan u páa’ta’al u ka ka’a ya’abak máak tu k’iinilo’ob je’elil Semana Santa.
Adán Pacheco García, juntúul guía ku meyaj te’e kúuchilo’, tu tsolaje’ ja’ab man ja’abe’ beey u yúuchulo’, tumen ma’ili’ k’uchuk Semana Santae’ ku ch’éenel u jach kóojol máaki’.
Leti’e’ ma’ tu tukultik wa ko’oj le beyka’aj ku k’áata’al ti’al u yokol máako’, tumen yéetel le uláak’ bo’ol ku yantal u beetchajalo’, ku tojoltik ti’ máak 143 pesos, ts’o’okole’ wa ku ke’etel yéetel Chichén Itzá, Yucatán, tumen te’elo’ ku tojoltik óoli’ 500 pesos ti’ kaada juntúul máak.
“Ts’o’okili’ u yila’al yaan u na’aksa’al le beyka’ajo’ tumen náasional le kúuchilo’, ts’o’okole’ le je’elo’ láayli’ beey u beeta’al ti’ le uláak’ paarkesilo’ob México, ba’ale’ Tulume’ xáanchaj u káajal u k’áata’al”, tu ya’alaj.Beey túuno’, Felipe Castillo, uláak’ juntúul guíae’, tu ya’alaje’ yóok’lal meyaj ku beetik walkila’ chéen ichil juntéen wa ka’atéen ku beetik tours, ba’ale’ suuka’ane’ tak kamp’éel ku beetiki’. 
Ts’o’okole’, tu ya’alaje’ ch’éen u kach okol máaki’ ti’al u ts’o’okbal febrero, ts’o’okole’ beey tukulta’an kun ts’o’okol marzo, yéetel yaan u ka’a líik’il ti’al u k’iinilo’ob je’elil Semana Santa, ichil 2 tak 8 ti’ marzo.
Tu ya’alo’obe’ kex ma’ jach chochobkil u cha’antale’, u yúuchben kaajil Tulume’, láayli’ ti’ yaan ichil le ku jach xíimbalta’alo’obo’, chéen tu paach Teotihuacán, yéetel Chichén Itzá.
"
U tsikbalil ts’íib yéetel áanalte’ob ich maaya t’aan ,16/03/2023,"Tu k’iinil jo’oljeake’, ichil tsikbalo’ob beeta’ab tu cha’anil Filey, yanchaj jump’éel tu’ux tsikblta’ab jejeláas ba’alob yaan ba’al u yil yéetel ts’íibo’ob, beyxan áanalte’ob yéetel meyajo’ob ku beeta’al ich maaya t’aan. Ti’ le súutuko’ táakpaj xka’ansaj Lorena Hau Ucán, Daniela Cano Chan yéetel Sasil Sánchez Chan, ts’o’okole’ nu’ukta’ab tumen Elisa Chavarrea. 
Hau Ucane’ tu ya’alaje’ k’a’anan u meyajil xaak’al ts’íib, ba’ale’ le je’elo’, ma’ tu kaxtik u k’exik u tuukul máax ku ts’íib, chéen ku yilik ka na’atpajak ba’ax le ku yóota’al a’albilo’. Tu súutukil u tsikbal Daniela Canoe’ tu ya’alaje’ ti’al u beeta’al áanalte’obe’ k’a’anan u tukulta’al máax ti’al ku beeta’al, bix kun tsolbil le ts’íibo’ yéetel bix kun chíikpajal tu ts’ook, tumen lelo’ yaan ba’al u yil yéetel bix kéen xo’okok tu ts’ook. Beey túuno’, Sasil Sánchez Chane’ tu ya’alaje’ k’a’anan u náachtal u tuukul máak yéetel le meyaja’, tumen ya’ab ba’al k’a’abéet u na’ata’ali’, je’ex u k’a’ananil u ts’íibta’al ba’al chéen ich maaya, wa u nojba’alkúunsa’al u maayaili’; u k’a’ananil u yantal áanalte’ob, ba’ale’ beyxan u ka’ansa’al máax u xokik. Uláak’ ba’al tu tsikbaltaje’, leti’ u na’ata’ale’ ts’íib ich maayae’ ts’o’ok u káajal, ba’ale’ ma’ u k’áat u ya’ale’ chéen jump’éelili’ yaan bix u beeta’ali’. 
Le tsikbala’ táakpaj ichil meyajo’ob oksa’ab te’e cha’ana’, yóok’lal Programa Institucional de Estudios del Pueblo y la Cultura Maya, jo’olbesa’an tumen xka’ansaj Cristina Leirana.
"
Uts tin wich le pikil ju’una’; mix tu’ux uláak’ ku jóoks’a’al péktsilbo’ob ich máasewal t’aan je’ex lela’: Yásyana A. Gil,16/03/2023,"Tu k’iinil jo’oljeake’ xíimbalta’ab u kúuchil La Jornada Maya, tumen xmixe ts’íib, x-áaktibiistáa yéetel x-xak’al xook, Yásnaya Aguilar Gil, máax tu tsikbaltaj tak éetel jayp’éel ba’alo’ob yóok’lal máasewal t’aano’ob, u k’a’ananil u chíimpolta’alo’ob, ba’ale’ u asab k’a’ananil u na’atale’, le jach k’a’abéeto’ leti’e’ máaxo’ob t’anik. Tu ya’alaje’ jach táaj uts tu yich K’iintsil, tumen ichil tuláakal u noj lu’umil México chéen leti’ ku jóok’sik jump’éel ts’íib ich maaya sáansamal, ts’o’okole’ lelo’ mix juntéen yáax ila’ak.  
"
Pijije,17/03/2023,"U sientiifikoil k’aaba’e’ Dendrocygna autimnalis, ts’o’okole’ yaan jejeláas u k’aaba’ ich káastelan, je’ex: suirirípiquirrojo, chak koj yaguasa, iguaza común, pijije común, piche, xuuxb  kuust ja’, ichil uláak’o’ob. U ch’i’ibale’ u ch’a’amaj ti’ u baatsil Anatidae, tu’ux táaka’an kuuts ja’, gaansóos yéetel siisnées. “Sak xiik’ pijijiee’ juntúul ch’íich’il ja’, ts’okole’ jejeláas u boonil, uts u biinsikubáaj yéetel uláak’ ch’íich’o’ob yéetel ya’ab u yawat. Ku t’úuchul ti’ chulul che’ob ku p’áatalo’ob yóok’ kabil le ja’o’, wa tu k’ab kimen che’ob”, beey tu ya’alaj máax beetik u t’aanil u múuch’kabil Desarrollo y Medio Ambiente, Jacqueline May Díaz.
"
Túumben jeets’ilo’ob jts’a’ab ti’al ma’ u ts’u’uts’al chamale’ unaj láak’inta’an yéetel nu’uktajil tse’ek: CIJ,17/03/2023,"Túumben réeglameentóo jts’a’ab ti’al ma’ u k’a’abéetkunsa’al chamale’ k’a’anan ti’al ma’ u seen ts’u’uts’a’al, ba’ale’ táan u binetik u jach beeta’al tsikbalo’ob ti’al u ya’alal ba’ax sajbe’entsilo’ob yaan kéen k’a’abéetkunsa’ak. K’a’anan u péektsilta’al ich xch’úupalal, paalal yéetel táankelemo’ob, beey a’alab tumen Liliam Negrete Estrella, máax jo’olbesik u kúuchil del Centro de Integración Juvenil (CIJ) Cancún.
“U promeedyoil u ts’u’uts’a’al chamale’ ti’ yaan ichil máax yaan 14-15 u ja’abo’ob, yaan tu’uxe’ tak paalal ichil 10 wa 11 ja’abo’ob, ts’o’okole’ ti’ ya’abach ti’ leti’obe’ jum’éel ba’al ts’o’ok u suuktal u yilko’ob tu taanajo’ob”, tu ya’alaj.
Le beetike’, tu tsikbaltaje’ tuláakal le túumbe p’iisilo’ob jets’a’abe’ je’el u yáantajo’ob ti’al ka ch’éenek u seen ts’u’uts’a’al chamal, ba’ale’ yaan u xáantal, ts’o’okole’ k’a’abéet xan u beeta’al tsikbalo’ob ti’al u yojéelta’al uláak’ ba’alo’ob yóok’lal.
Túumben a’almajt’aane’ ku jet’sike’ yaan ya’abach ba’al ma’ tu cha’ik u beeta’al, je’el bix yóok’lal k’eexilo’ob ti’al kéemn ko’onok, ts’o’okole’ ma’ tu béeytal u k’a’aytalo’obi’. 
Tuláakal le je’ela’, tu ya’alaj, táan u beeta’al ti’al u ma’ u yantal uláak’ paalal yéetel táankelemo’ob ka u ts’u’uts’o’ob chamal, ts’o’okole’ lelo’ jump’éel ba’al unaj u péeksik k-óol.
“Kin tukultike’ tuláakal le je’elo’oba’ meyajo’ob ku beeta’al ti’al u takmúuk’ta’al u toj óolal wíinik, ba’ale’ ma’ jumpáakili’ u yila’al u yutsil ich kaaji’, mix xan jumpuul u ch’a’anukta’ali’”, tu tsikbaltaj Negrete Estrella.
Ba’ale’, tu kukultike’ k’a’anan u cha’abal u ch’a’ak bej ti’al u yantal u muuk’, chéen ba’axe’ najmal u na’ata’ale’, a’almajt’aane’ ma’ tu juun ku meyaji’; unaj láak’inta’an tumen uláak’ k’a’anan tsikbalo’ob yéetel meyajo’ob ti’al u péektsilta’al ich kaaj.
Tu ch’a’achibtaj le ku yúuchul yéetel bapeo’, tumen le je’ela’, jach suuk u beeta’al tumen táankelemo’ob, chéen ba’axe’ ma’ tu páajtal u tse’elel ti’ob chéen beyo’, unaj u láak’inta’al yéetel tsikbalo’ob ti’al u na’ata’al ba’axten ku beeta’al. 
"
Payán,21/03/2023,"Ti’ Carlos Payán Velver ku ts’a’abal u kuuch úuchik u káajal u ch’a’anukta’al oochel ku meyaja’al ti’ preensáa beey u chuunil péeriodismóo ku beeta’al tu lu’umil México, tumen tu jach tóoch’taj u k’a’abéetkunsa’al ti’ u táan wáalil yéetel u paach wáalil u pikil ju’unil La Jornada.
Ti’ le beyka’aj ja’abo’ob tu jo’olbesajo’, tu chíikbesaj le ba’ax kun p’áatal beey u chíikulal oochelo’ob kun ts’a’abal ichil kpikil ju’unil, tak ka’aj tu ch’a’aj u muuk’ u túumben meyajil fóotoperiodismóo ti’al u ts’o’okbal siglo XX.
Tu ts’áaj u yóol ti’ u meyajil éedisión ku beeta’al yóok’lal oochelo’ob ku jóok’sa’alo’ob ti’ le pikil ju’uno’, tumen tu na’ataj bix unaj u nu’uktik ti’al u ts’áak u yóol ichil politikóo tuukul, ts’o’okole’ tu péektsiltaj u jaatsilo’ob pikil ju’un tu’ux jach chíikpaj oochelo’ob ichil u diseenyoil. 
Yuum Payáne’ tu ts’áaj xan u kúuchil ti’al u ye’esa’al u yoochelo’ob suuk u yila’al ti’ u kuxtal kaaj ichil pikil ju’uno’ob, beyxan ka táakbesa’ak ichil meyajo’ob najmal u beeta’al tumen ajch’a’a oochelo’ob, le beetik xane’ k’éex bix suuka’an ka’ach u beeta’al meyaj te’e k’inako’obo’ yéetel tu ts’áaj u ki’il u xoka’al pikil ju’uno’ob. Juntúul jts’íib jach kaambanaji yéetel jáalk’ab óol; leti’ máax xa’ak’t péeriodismóo yéetel its’at.  
Yanchaj ba’alo’ob jach chíikpaj ti’ yuum Carlos, je’el bix u ki’iki’ óolil yéetel ba’ax ki’ tu chi’. U jach ki’il u jaantik taakóos yéetel u patjo’oltik atmoosferase’, chéen jayp’éel lu’umo’ob tu’ux tin k’ajóoltaj, ba’ale’ beyxan ti’ k’ajóoltaj k’iin ma’ ki’imak u yóoli’. Talam u na’ata’al ka’ach ba’ax ku jach óotik u ya’al kéen u ts’íibt Rayuela, leti’e’ chan kóom éeditoryal ku jóok’sa’al ich La Jornada, tu’ux láayli’ xane’, tu k’ab ku jóok’ol. Juntéenake’ tin k’áataj le je’ela’, ka tu núukaj: Wa ma’ ta na’ataje’, u k’áat u ya’ale’ ma’ a ti’ali’, láak’.  
Carlos Payáne’ jach ku xook ka’achij, ba’ale’ ma’ tu jach k’a’aytik u áanalte’ob, mix xan máax u yéet ts’íibo’obi’; ku beetik chéen kéen k’a’abéetchaja ti’al u ts’a’abal k’ajóoltbil wa ba’ax te’e pikil ju’uno’. Le je’ela’ u ye’esajil ka tu beetaj óoxtéen. Oka’an ka’ach u ja’abil 1993, jump’éel k’iine’ Socorro Valadez, yéetel u t’aane’, tu ya’alaj ten: yuum Payáne’ taak u yilkech. Tu kúuchil u meyaje’, yaan ka’ap’éel oochelo’ob jach chíiksa’an: Zapata beeta’an yéetel kóorcholaatáas beeta’an tumen jboon Alberto Gironella, tak’a’an te’e pak’o’, yéetel u yoochel Nahui Ollin, beeta’an tumen Eduard Weston, aktáan ti’ kwáaderno tu’ux suuk u ts’íib sáansamal. Ti’ túun tu k’áataji’: ki’ a wu’uyik chooch, masa’. Je’elo’, sáamale’ kin páa’tikech tu muueyeil Xochimilco, láas 10 ja’atskab k’iin, je’el a wilik ba’atene’. Ts’o’okole’ jaaj, janal beeta’abij, ba’ale’ máaxo’ob ku janalo’obe’, ka’atúul máax yéetel le ku jach biinsikubáaj: Gabriel García Márquez yéetel Carlos Fuentes. Tu t’ano’ob janal ti’ jump’éel chinanampáa, tu’ux tu ts’áaj jump’éel meesáa, ka’alikil u méek’a’alob tumen che’ob yéetel lu’um je’el tak u béeytal u ts’íibta’al ka’ach tumen leti’ob óoxtulo’ob ti’ ts’íib ku beetiko’ob.
Uláak’ jump’éel k’iine’, ti’al 2 ti’ febrero ti’ u ja’abil 1994, tu k’iinilo’ob mu’uk’a’an yanik ba’atel ku beeta’al tumen u zapatistailo’ob Chiapase’, ka’alikil táan u meyaj buul áak’ab te’e réedaxiono’, tu ya’alaj ten Socorro: táan a kaxta’al tumen yuum Payán. “¿Tu’ux kan seenáar bejla’a, láak’. K’a’abéet ka xi’ikech te’e kúuchila’, ti’ kun ts’a’abal a wo’ochi’... tene’ ma’ tun béeytal in bin. Ka ch’a’ak a wo’och, ka ch’a’ak oochelo’ob, ba’ale’ ma’ seen káaltal wale’”, tu ya’alaj ten. U yotoch Carlos Fuentes yéetel Silvia Lemus, máaxo’ob tu beetajo’ob jump’éel seenáa ti’al u k’iimbesa’al xts’íib Toni Morrison, máax jach táant u k’amik u chíimpolalil Premio Nobel de Literatura 1993. Páayt’anta’an jbini’ Gabo, Mercedes Barcha, Eduardo Matos Moctezuma, u suku’un yéetel Natasha, u paalil Fuentes. Yaan túune’, jump’éel u kúuchil ti’al Payán. Tumen sublakchajene’ ma’ kulajeni’, ba’ale’ béeychaj in ch’a’ak u yoochelo’ob, ts’o’okole’ ya’abchaj in wuk’ik.
Payáne’ jach uts tu yich íimprentas ka’achij. Ma’ tu béeytal u p’atik ka’ach mix ba’al ka yanak u yil yéetel tiintáas, ju’un yéetel wooj. Ka’aj tu manaj uláak’ jump’éel róotatiba ti’al u jóok’sik La Jornadae’, tu t’anaj uláak’ juntúul u láak’ te’e táayero, ba’ale’ ma’ in wojel ba’axtene’, jach táaj k’a’abéet u bin ilbil tumen José Luis Cuevas fuera, yéetel najmal u ch’a’abal u yoochel. Ti’ túun tu jayaj u kuubasil tu kúuchil Bella Ferrolana, jump’éel kúuchil káaltal naats’. Úuch tu k’iinil 8 ti’ agosto ti’ u ja’abil 1989.
U tsikbalil yóok’lal meyaj tbeetaj yéetel Manuel Becerra Acosta jach uts tin wich, tumen kex ma’ ma’alob úuchik u ch’éenel u t’ankubáajo’obi’, ka tu p’ataj u meyaj Unomásunoe’, k’a’anan u k’a’ajsa’al. Jump’éel k’iin ti’ u winalil junio, ti’ u ja’abil 1995, tin wilaj tu paarkeil Parque Hundido, nojoch wíinik Becerra Acosta, ka tin wa’alaj ti’ máaxeni’. Tu jach p’il u yiche’ ka tu k’áataj: Teech wáaj le ku meyaj yéetel Payáne’... je’elo’, je’el a much k’a’ajsik ti’ le ba’ax tak tsikbaltaj yóok’lal Carmen Lira. Tu jo’oloje’ béeychaj in tsikbaltik ti’ ba’ax le a’alabteno’ ka’aj che’ejnaji. Ka’aj máan jayp’éel ja’abo’obe’ tu tsikbaltaj teen ba’ax le tu tsikbaltaj yéetel Becerra, tu ja’abil 1982: “Tu yoksaj tin poole’, chéen Carmen ku yutstal u p’áatal tjeel… ts’o’okole’ jaaj u t’aan… jach yaan u na’at.”. Beeyxan Payán, 
*Jch’a’a oochel 
"
"Yucatán, u yáax péetlu’umil México tu’ux táan u jóok’sa’al konbil chakáal ja’ab tak Europa",22/03/2023,"Méxicoe’ béeychaj u túuxtik, yáan junmpuula’, cháakal ja’as tak Europa. Huertas Magañae’, ku meyaj tu kaajil Akile’, leti’e’ mola’ay béeykunso’. “Ichil tuláakal u noj lu’umil Méxicoe’ mix juntéen yáax béeykunsa’ak u túuxta’al konbil cháakal ja’as tak Europa, mix tak uláak’ wa tu’ux ti’ yóok’ol kaab”, tu tsikbaltaj Julio César Magaña Navarrete, máax beetik u áadministradoril Huertas Magaña.
Le yáax ba’ax túuxta’aba’, k’uch tak París, Francia, tu ya’alaj. Béeychaj u k’ujsa’al jump’éel táarimáa (576 kilograamóos) ti’al u ma’albokúunsa’al yéetele’, le jejeláas ba’alo’ob k’a’abéet ti’al u biinsa’al tak te’elo’, nu’ukul ju’uno’ob yéetel tuláakal ba’ax k’a’abéet ti’al u beeta’al. Ichil kaajo’ob tu’ux ku pa’ak’al chakáal ja’as tu lu’umil Yucatáne’ ti’ yaan Akil, Oxkutzcab, Tekax, Dzan yéetel Maní, ba’ale’ Akil tu’ux yaan u ya’abil máaxo’ob meyajtik.
Beey túuno’, Magaña Navarretee’ tu ya’alaje’ yaan u túuxta’al u yich le che’a’ juntéen ichil lalaj p’iisk’iin, ba’ale’ yaan u jach je’ets’el kéen ila’ak bix kun jóok’ol ba’al ti’ le yáax túuxtajil beeta’aba’: bix unaj u to’obol, ti’ ba’ax kaajail unaj u ts’a’abal, ichil uláak’ ba’alo’ob.“Táan k-ilik ba’ax k’a’abéet ti’ máaxo’ob manik to’on. Te’e k’iino’oba’, leti’ kéen kjets’ bix u jach ma’alobil u to’obol yéetel lalaj beyka’ah k’iin uts ka túuxta’aki’”, tu ya’alaj. 
Tu lu’umil Yucatáne’, ma’ jach ojéela’an jaytúul máax pak’ik chakáal ja’asi’. “Yaan meyajo’ob beeta’an ti’al u xo’okol jaytúul máax meyajtik, ba’ale’ ma’ jach patal beeta’anili’. To’one’ ktukultik maanal 5 mil máaxo’ob pak’ik le je’ela’. Beyxan ktukultike’ yaan kex 3 mil eektareasil pak’a’ani’, ts’o’okole’ le je’ela’ ku jach píitmáansik le beyka’aj xoka’an tumen le u mola’ayil Secretaría de Agricultura. 
"
Chúunsa’ab Sotutate’ múuch’tambal yóok’lal u k’ajla’ayil kaajo’ob tu’ux ku táakpajal máasewal ko’olelo’ob,22/03/2023,"Le martes 21 ti’ marzo máanika’, káajsa’ab III Encuentro de Conocimientos Indígenas y Tradicionales, tu méek’tankaajil Sotuta, Yucatán.Le meyaja’ péektsilta’ab u beeta’al tumen u múuch’kabil Imaginando Futuros y Cultiva Alternativas de Regeneración, tu’ux páayt’anta’ab jejeláas meyajo’ob beeta’an yóok’lal ko’olel, ti’al u kaláanta’al yéetel u ts’aatáanta’al u k’ajla’ayil waxakp’éel u noj lu’umilo’ob yóok’ol kaab.
Ka’aj yáax t’aanaj Alika Santiagoe’ tu tsikbaltaje’ le k’iino’, u k’iinil k’a’anan káajbal, ts’o’okole’ leti’e’ kéen káajak u yáalkab u túumbe k’iinilo’ob kuxtal.U ts’ook ka’atéen úuchik u beeta’al múuch’tambale’, ti’ j-úuch Ghana yéetel Turquía, láayli’ ti’ le ja’aba’.
Le meyaj ku beeta’al Sotutaa’ ku kaxtik u k’alik le jejeláas tuukulo’ob ts’o’okili’ u káajsa’al, yéetel yaan u chúunsa’alo’ob ti’ jump’éel múul ts’íib kéen ts’o’okok u beeta’ak le múuch’tambala’, le 24 ti’ marzo ku taala’.
Ichil meyajo’ob t’ana’ab ti’al táakpajale’, ti’ yaan jayp’éel ku beeta’alo’ob Colombia, Perú, Reino Unido, Kenya, Tanzania, Australia, Estados Unidos, Canadá yéetel uláak’ u péetlu’umilo’ob México, ts’o’okole’, kex yaan jejeláas ba’ax ku meyajta’al yéetel jejeláas tu’ux ku beeta’ale’, ku núupulo’ob tumen ku k’a’abéetkunsiko’ob nu’uklo’ob yéetel áarchibos ku kaláantiko’ob ba’ax u yojel le máasewal kaajo’obo’.
Tu súutukil úuchik u káajsa’al meyaje’, Daniela Mussali, máax chíikbesik u múuch’kabil Cultiva Alternativas de Regeneración, tu tsolaje’, le 12 ti’ julio ti’ u ja’abil 1562 j-úuch Auto de fe de Maní, tu’ux tóoka’ab úuchben maaya áanalte’ob. Tu jo’oloj 461 ja’abo’obe’ “táan kmuch’ikbáaj ti’al u jeel líik’sa’al moots. Jach noj ba’al ikil táan kmúul beetik”. 
"
Putin yéetel Xi Jinping: ''Rusia yéetel Chinae’ nuupulo’ob ti’al no’ojan meyaj'',22/03/2023,"Chinoil jala’ach, Xi Jinping, k’uch ti’ rusoil noj kaaj, úuchik u beetik óoxp’éel k’iin’oob xíimbal meyaj te’elo’ -ti’ yáax biaaje’ tu beetaj ti’ táanxel lu’um, tu yóoxpak p’áatak ti’al u beetik u jala’achil le lu’umo’- ti’al u “aktáantikubáaj”, tu kúuchil Kremlin, yéetel u yéet meyaj, Vladimir Putin, máax yéetel xáanchaj kamp’éel ooras yéetel uláak’ táan chúumuk u tsikbal.
"
Maanal u 80 por siientoil ajxíinximbalo’ob ku taalo’ob ti’ u lu’umil Francia yéetel ku k’uchul Quintana Rooe’ ku yáax máan Yucatán ,23/03/2023,"U noj lu’umil Francia ku yilik tu lu’umil Yucatáne’ yaan tu’ux nupik ba’alo’ob, je’ex miatsil, le beetike’, táan u meyaj ti’al ka yanak jejeláas mokt’aano’ob.Mario Ancona Teigell, máax beetik u koonsul óonorarioil República Francesa tu kaajil Jo’e’, tu tsolaje’ yaan u yóolil u beeta’al mokt’aano’ob yéetel múul meyajo’ob tumen “úuch ila’ake’ noj ba’al ti’al Francia”; tu ya’alaje’, fráanseso’ob ku k’uchulo’obe’ ku kaxtiko’ob ka “u k’ajóoltiko’ob miatsil”.Miatsile’ chéen núuktajil ku ts’áak wíinik ti’ ba’ax u k’áat u yojéelt yóok’lal kuxtal ikil u máan k’iin, tu ya’alaj, le beetike’, lalaj miatsile’ jela’an yéetel k’a’anan “ts’o’okole’ ajxíinximbal máako’ob ti’ u lu’umil Franciae’ ma’ chéen u k’áat u k’ajóolt jáal ja’ob, u k’áat xan u k’ajóolt miatsil”.Tu tsikbaltaje’, maanal u 80 por siientoil fráansesilo’ob ku k’uchul Quintana Rooe’, ku yáax k’áatal Yucatán ti’al u k’ajóoltik miatsil, ba’ax suuk u beeta’al yéetel úuchben kaajo’ob.“Láak’tsilo’on”, tu ya’alaj. Ts’o’okole’ tu ketaj tak jump’éel u jáal ja’il Francia, yéetel Progrreso, ka’aj tu k’a’ajsaje’ tu ja’abil 2019e’, beeta’ab jump’éel u keetil chemo’ob, tu’ux k’uba’ab 25 mil euros ti’al u beeta’al uláak’ jejeláas meyajo’ob.“Te’exe’ ku yutstal a wilke’ex francesil miatsil ti’ kúuchilo’ob je’ex Paseo de Montejo, ku ketikubáaj yéetel uláak’ kúuchilo’ob je’ex Campos Elíseos, tu noj kaajil París”.Yaan kex 200 mil u máakilo’ob Francia ku xíimbaltiko’ob Yucatán, tu ya’alaj. Ts’o’okole’ tu ts’áaj k’ajóoltbile’ beeta’ab jump’éel mokt’aan yéetel u jaats meyajil Quebec, tu lu’umil Canadá, ti’al ka béeyak u ts’a’abal, tu lu’umil Yucatán, kex 10 miyoonesil meyajo’ob ti’al máaxo’ob bíin u k’a’abéetkunsej, ti’ jo’op’éel ja’ab’ob. “Kex ma’ tuláakal u meyajil maano de óobra jach táaj ka’anal káalifikaarta’ane’ (tu luu’iml Yucatán), yaan máak jach séeb u kaambal, ts’o’okole’ séeba’an je’el u kanik meyaje’, ts’o’okole’ Canadáe’ jach ma’alob pakta’ano’oni’”.Tu ya’alaje’, táan xan u mu’uk’ankúunsa’al u yutsil tsikbal Francia yéetel Jo’, le beetike’ yaan u beeta’al jejeláas múul meyajo’ob, ichilo’obe’, ti’ yaan le najil xook kun ts’a’abil ti’al u pilootosil éelikopteeróo tu kaajil Jo’, je’el bix xan u ts’a’abal u taak’inil u beeta’al jump’éel úunibersidad téeknolojikáa, ichil uláak’ ba’alo’ob. 
"
"Desde Cero, múuch’kabil ku jach meyaj ti’al u kaláantik paalal “ma’ chíikantaki’” tumen kaja’an ti’ u kúuchil k’alab",23/03/2023,"Ichil le múuch’ilo’ táan u beeta’al jejeláas nu’ukbesajo’ob yaan ba’al u yil yéetel toj óolal, tséentajil yéetel kaambal ti’al u yutsil ko’olel kaja’an ichil u kúuchil k’alabil, máaxo’ob múul kajliko’ob xan yéetel u champaalo’ob, le k’aaba’inta’an beey “niños invisibles”, beey tu tsikbaltaj María Fernanda Alvear, máax beetik u bíisepresiidentail le múuch’kabilo’. K’a’anan xan u sáasilkúunsa’ale’, kéen yanak u paalal ti’ juntúul ko’olel k’ala’ane’, ku páajtal u yantal yiknal tak kéen u chuk óoxp’éel ja’ab.
“Meyajo’ob kbeetike’ ku kaxtik u ts’aatáantik ba’ax ku k’a’abéetchajal ti’ la paalalo’oba’, tumen mix tu’ux yano’obi’, le beetike’ beey pata’anil u k’aaba’ob, beey paalal ma’ chíikantako’obi’, tumen jala’ache’ mix táan u st’aatáantiko’ob, yéetel ti’ yano’ob tu tséel u na’ob ti’al u bo’otiko’ob si’ipil yóok’lal ba’ax ma’ tu beetajo’obi’”, tu ya’alaj María Fernanda.   
U toopile’, tumen le paalalo’oba’ ku líik’ilo’ob ti’ jump’éel kúuchil ma’ uts u ti’alo’obi’, ts’o’okole’ kéen jóok’sako’obe’ ku jach yu’ubiko’ob u tse’elelo’ob yiknal u na’. Ba’ale’, yaan k’iine’, kex u ya’abile’ ku biinsa’alo’ob yéetel u láak’o’obe’, yaan ti’ leti’obe’ ti’ ku ts’o’okolo’ob tak DIF wa ku ts’a’abalo’ob ti’al u máata’alo’ob, tumen u na’e’ ma’ je’ets’ek u si’ipile’ wa mina’an u k’iinil u jóok’olo’obi’. Walkila’, yaan 148 ko’olel k’ala’an tu kúuchil Cancún, ts’o’okole’ waktúul mejen paalal yaan yiknalo’obi’: jo’otúule’ láayli’ mejen paalal (ma’ u chuk mix jump’éel u ja’abilo’obi’), uláak’e’ juntúul chan paal jump’él ja’ab yéetel táanchúumuk u ja’abil yéetel uláak’ juntúule’ ka’ap’éel u ja’abil.“Kúuchilo’ob k’alabe’, ma’ no’ojantak ti’al paalal ku líik’il, ba’ale’ ma’ xan k-k’áat ka ja’atsak paalal tu tséel u na’... le beetike’ táan kmeyaj ti’al u ts’aatáanta’al le paalalo’oba’, ti’al u tso’olol ti’obe’ yaan u yantal u k’iinil u ja’atsalo’ob ti’ u na’”, tu tsikbaltaj. Ichil meyajo’ob ku taal u beeta’al tumen Desde Ceroe’, leti’ u yila’al yéetel u kaláanta’al ko’olel ka’alikil yo’omchaja’an, ti’al beyo’ u líik’sa’al paalal je’ex unaje’. ti’al u jaantik ba’ax unaj, yéetel u beeta’al uláak’ kaabalo’ob ti’al u na’tsilo’obi’.
"
Káaj u k’iintsilo’ob Ramadán,23/03/2023,"Kili’ich musulmán winale’, káaj ka’aj t’úub k’iin le miércoles máanika’. Máaxo’ob ku oksaj óolalo’obe’ tu líik’sajubáajo’ob ti’al ma’ u tséentikubáajo’ob lik’ul u tíipil k’iin tak ka’aj báalij, ti’al beyo’ u náats’ikubáajo’ob ti’ Yuum K’uj, yéetel u k’a’ajsiko’ob máaxo’ob talam yanik u kuxtalo’obi’.
"
Chaykaan,24/03/2023,"Je’el bix uláak’ ya’abach kaano’ob ti’ u lu’umil Yucatáne’, chaykaane’ ma’ jumpáay yanik ti’ tsikbalo’ob ku ya’alal tu yóok’lal. Ts’o’okole’ yaan tak u meedyosil kóomunikaasyon a’alike’ jach táaj sa’ajbentsil ti’ wíinik tumen ku chi’ibal, ba’ale’ u jaajile’ ma’ tu beetik k’aas -je’el bix le uláak’o’obo’- tumen no’ojan ti’al kuxtal ku yantal te’e lu’uma’.Chayilkaane’, ts’a’aban u sientiifikoil k’aaba’ beey Spilotes pullatus, ts’o’okole’ táaka’an ichil u múuch’il Colubridae, tu ya’alaj Luis Fernando Díaz Gamboa, máax jo’olbesik Red para la Conservación de Anfibios y Reptiles de Yucatán.
Ma’ sajbe’entsil ti’ wíiniki’, tumen mina’an u ts’aakil. Ba’ale’ u ts’a’aye’ leti’e’ ba’ax je’el u beetik k’aas ti’ máake’”, tu ya’alaj.“Ma’ polok kaani’; ku béeytal u chichankúunsikubáaj wa u kóochkinsikubáaj ti’al u ye’esik maas nojoch. U yiche’ nuuktak, ts’o’okole’ u bak’pachile’ wóolita’an tumen k’an boonil yéetel u nak’e’ k’aank’an, yéetel je’el u k’uchul u p’is tak óoxp’éel meetróos”, tu ya’alaj. 
Ku yila’al ti’ u péetlu’umil San Luis Potosí tak Perú, Bolivia yéetel Brasil. Beyxan tu petenil Yucatán, tu’ux táaka’an Kaanpech, Yucatán yéetel Quintana Roo.
"
Ajkanan kaajo’obe’ tu je’elso’ob yéetel biinso’ob kantúul máak táan ka’ach u líik’sik u t’aano’ob yóok’lal Sitilpech,24/03/2023,"Ichil líik’sajil t’aan beeta’ab le 22 ti’ marzo máanika’, tu k’íiwikil u noj kaajil Jo’, ti’al u táakmuk’ta’al ba’atel ku beetik u kaajil Sitilpech ti’al u jáawsa’al u meyaj jump’éel kúuchil tu’ux ku tséenta’al k’éek’eno’obe’, jma’ach kantúul máako’ob tumen u ajmeyajilo’ob Secretaría de Seguridad Pública de Yucatán (SSP). Le jbiinsa’abo’obo’, ka’atúul ko’olel ojéelta’ab u k’aaba’obe’ Andrea Sofía C.R. yéetel Dafne A.M.; beyxan ka’atúul xiib ku k’aaba’tik Alexis Sebastián N.U. yéetel Andreu O.M., máaxo’ob táan ka’ach u táakpajlo’ob ti’ le líik’saj t’aan beeta’ab ti’ le k’iino’, úuchik u máan U K’iinil Ja’ ti’ Yóok’ol Kaab.  Ti’ reedes sosyalese’ k’i’itbesa’ab jayp’éel cha’ano’ob tu’ux ku chíikpajal bix úuchik u pe’ets’el le máako’obo’ ka’aj biinsa’abo’ob tumen ajkanan kaajo’ob, tumen, ichil ba’ax ojéelta’abe’, ma’ tu ye’esajo’ob wa u ajmeyajilo’ob Secretaría de Seguridad Pública (SSP) yéetel tu je’elsaj le máako’obo’ kex ma’ u takmo’ob u úuniformesil le mola’ayo’. 
“Ba’axten ajkanan kaajo’obe’ chéen ti’ je’el ba’axak koochée taalij ts’o’okole’ mina’an u úuniforméeil; ma’ patal ba’ax táan u beeta’ali’, tumen tu ma’achal máak yóok’lal déesaparisyoon forsaadáa”, tu ya’alaj x-áaktibistáa Rosa Cruz Pech, máax patjo’olt u meyaj u múuch’kabil UADY Sin Acoso.Yóok’lal le je’ela’, u mola’ayil SSP tu ts’áaj k’ajóoltbil jump’éel k’a’aytajil ts’íib tu’ux a’alabe’, máaxo’ob macha’ab tumen u ajmeyajilo’ob Policía Estatal de Investigación (PEI) beeta’ab tumen “xwo’okinajo’ob yéetel tu beetajo’ob boonil ti’ pak’o’ob tu’ux ma’ unaj u beeta’ali’”.“Loobilta’ab juntúul u ajmeyajil Policía Estatal de Investigación, ts’o’okole’ yanchaj u biinsa’al tak tu kúuchil ts’akyaj… u ajkanan kaajilo’ob Secretaría de Seguridad Pública (SSP) tu je’elso’ob ka’atúul xiibo’ob yéetel ka’atúul ko’olelo’ob tumen ma’ xaan wa yaan u kuucho’ob úuchik u k’askúunta’al le najo’obo’ yéetel le kúuchilo’obo’, yéetel tumen yanchaj ajmeyajo’ob loobilta’abo’ob”, tu tsolaj mola’ay ti’ le k’a’aytajil ts’íibo’.  
AMLOe’ tu ch’a’acbitaj ba’ax úuchij ti’ u tse’ekil ja’atskab k’iin
Le jueves 23 ti’ marzo máanika’, ka’alikil tu beetaj u tse’ekil ja’atskab k’iine’, juntúul reportéeroe’ tu k’áataj ti’ jala’ach Andrés Manuel López Obrador, ba’ax ku tuklik yóok’lal u graanjasil u tséenta’al k’éek’eno’ob tu petenil Yucatán, ka tu ya’alaje’, u mola’ayil Secretaría de Medio Ambiente y Recursos Naturales (Semarnat) táan u beetik xaak’alo’ob ti’al u jets’ik bix najmal u kaláanta’al ja’, yéetel ti’al ma’ u cha’abal u ts’a’abal u kúuchilo’ob u tséenta’al k’éek’eno’ob tu’ux ma’ unaji’ tumen ku k’askúunta’al u yáal lu’um tu’ux yaan ja’i’.“Yéetel líik’saj t’aano’ob táan u yantal te’e k’iino’oba’, yaan u ts’aatáanta’al le xaak’alo’ob tu séebanil kun páajtal. Kin tukultike’, le p’isk’iinil ku taala’ leti’ kéen yanak u núuktajil le mola’aya’”, tu ya’alaj jala’ach.Yóok’lal líik’saj t’aan beeta’abe’, López Obradore’ tu ya’alaje’ ma’ unaj u cha’abal u péech’óolta’al máak, yéetel unaj u cha’abal u jáalk’ab t’aan máak.Áaktibiistaobe’ tu beetajo’ob páayt’aan ti’al u beeta’al líik’saj t’aan ti’al u yutsil Sitilpech, tu’ux yáax k’áata’abe’, ma’ u ts’a’abal u kuuch máaxo’ob kun beetik, úuchik u jets’ele’ unaj u ma’achal waxaktúul máak táakpaj te’e péeksajilo’, ti’al u k’áata’al ka xu’ulsak u meyaj jump’éel kúuchil u tséenta’al k’éek’eno’ob ti’ le maaya kaajo’.U kaajil Sitilpeche’ táan u k’áatik ka yanak u jáawsa’al u meyaj jump’éel u graanajil k’éek’eno’ob, ts’o’okole’, ku beetik u tu’ubtal le kaajo’, beyxan ku k’askúuntik iik’ yéetel ja’.  Kaaje’ béeychaj u je’elsik u meyaj kúuchil, ba’ale’ chéen bolonp’éel winalo’ob, chéen ba’axe’ ti’al u ts’o’okbal u ja’abil 2022, tríibunale’ tu cha’aj u ch’a’ajolta’al meyajo’ob te’elo’.Yóok’lal le je’elo’, le 8 ti’ febrero máanika’, kajnáalo’obe’ tu k’ato’ob u beelil le graanjao’, tu’ux yaan máak p’aatali’, ti’al ma’ u cha’abal u yokol mix máaki’. Te’e ka’anano’, táaka’an ko’olel yéetel paalal.Chéen ba’axe’, le 18 ti’ febrero máanika’, tu taal u píik’il k’iine’, u ajkaanan kaajilo’ob le péetlu’uma’, yéetel le méek’tankaajo’, k’ucho’ob tu’ux beeta’al le káampamentoo’ tu’ux ku kaláanta’al kúuchile’, ka’aj “loobilta’ab máaxo’ob yano’obi’”, beey a’alabik tumen k’a’aytajil ts’íib beeta’ab tumen u múuch’kabil Kanan Derechos Humanos.
"
Yucatáne’ tu ki’imak óoltaj úuchik u éejenta’al u beeta’al u tsoolk’aaba’ máaxo’ob u p’axmajo’ob taak’in ti’al u tséenta’al paalal,27/03/2023,"Tu jo’oloj u juumpuul je’ets’ek tumen Senado de la República u beeta’al u tsoolil Registro Nacional de Obligaciones Alimentarias, tu lu’umil Yucatáne’, xpat a’almajt’aan Carmen González Martín –táaka’an ich Partido Acción Nacional– tu ki’imak óoltaj u yutsil ch’a’anukta’al ba’ax yaan u yil yéetel le je’ela’, yóok’lal u a’almajt’aanil Ley 3 de 3, ti’al ka xu’ulsa’ak loobilaj. González Martíne’ tu k’a’ajsaje’, ka’aj éejenta’ab tu lu’umil Yucatán u a’almajt’aanil 3 de 3 ti’al u xu’ulsa’al loobilaje’, CNDH tu ya’alaje’ ma’ tu éejentik, ts’o’okole’ tu yoksaj tak jump’éel ju’un ti’al u ya’alike’ ma’ tu chíimpoltik a’almajt’aan, ba’ale’ walkila’ ba’ax éejenta’ab tumen Senado ku táakmuk’tik a’almajt’aan, tumen láayli’ beey u tuukul Suprema Corte de Justicia de la Nación (SCJN).“Jach noj ba’al u ya’alal tumen séenadorese’, le máax ma’ tu ts’áak u tojol u tséenta’al u paalale’, ma’ táan u béeytal u k’u’ubul ti’ob u INE’ob (identificación ku jóok’sa’al tumen Instituto Nacional Electoral), u liisensyal ti’al máanejaar, páasaportée, beyxan  u beeta’al Registro Nacional de Deudores Alimentarios, ku ts’áak u páajtalil u táakmuk’ta’al a’almajt’aan”.
Tu ya’alaje’ k’eexil ku beeta’al ti’ a’almajt’aane’ ku kaxtik u kaláantik paalal yéetel táankelemo’ob, ts’o’okole’ yéetel le táant u éejenta’ala’ yaan u kaxta’al ma’ u binetik mix ba’al ti’al u tséenta’al paalal; táan u kaxta’al ka bo’ota’ak p’aax yaan yóok’lal, tu ya’alaj.Beey túuno’, tu lu’umil Yucatáne’ yaan u k’a’abéetkunsa’al u k’e’exel séekundarya a’almajt’aan, tumen lalaj xóot’e’ yaan u yantal u kaxtik ba’ax kéen u beetej ti’al u p’éelilchajal yéetel le jeets’ilo’. Ba’ale’, je’el ba’axak k’eexil ka beeta’ak te’e k’iino’oba’, yaan u chíikpajal kex ichil wakp’éel winalo’ob, “je’ex ts’o’ok u yúuchul yéetel bikaaria loobilaj, tumen ka’aj chíikpaj ti’ Código Penale’, ka’aj je’ets’ yaan u si’ipil u beeta’ale’, káax u kaxta’al […] tumen ya’abach taatsilo’obe’, ti’al u mokt’anta’al u k’uba’al wa u tsikbalta’al ba’ax ku yúuchul yéetel u paalilo’ob; kin tuklik túune’, k’eexil beeta’abe’ yaan u beetik uts ti’ kaaj”. 
"
"Máaxo’ob kaláantik yóok’ol kaabe’, tu tsáako’ob ka ts’aatáanta’ak u áarresifeil Puerto Morelos",27/03/2023,"Junmúuch’ máako’ob kaláantik yóok’ol kaabe’ tu beetajo’ob líik’saj t’aan le sábado 25 ti’ marzo máanika’, ti’al u ya’aliko’ob ma’ ki’imak u yóolo’ob úuchik u k’áatsa’al jump’éel balaastóo te’e baantao’, tumen yaan u k’a’abéetkunsa’al ti’al u meyajilo’ob Tren Maya. Máaxo’ob táakpaje’, táakano’ob ti’ jejeláas múuch’kabilo’ob yéetel kajnáalo’ob. Tu ya’alajo’obe’ u aanklail u cheemil Melody, tu’ux na’aksa’ab tuuniche’, luk’ Cuba, ba’ale’ ka’aj koóoje’, tu k’askúuntajo’ob áarresifée, le beetike’ tu k’áatajo’ob ka xu’ulsa’ak u máansa’al ba’al te’e k’áak’náabo’, tumen ma’ no’ojan yanik ti’al u k’ama’al nukuch cheemo’ob.Uláak’ talame’, tu ya’alo’ob, leti’ u k’ujsa’al ti’ káarreteráa tak Ruta de los Cenotes, tu’ux yaan u laj much’a’al ba’al ti’al u biinsa’al tu’ux k’a’abéet. Le je’el túuno’, je’el u beetik u k’astal bej ti’al u yokol máak tu yúuchben kaaskoil Puerto Morelos, u’uya’ab ichil le jejeláas t’aano’bo beeta’ab ti’ le xíimbalil líik’saj t’aano’.
“Jala’ache’ tu jets’aj u béeytal u yéensa’al u tóoneladasil balasto ch’a’aban Cuba, ts’o’okole’ u k’áat u k’a’abéetkuns u mueelleil fiskal Puerto Morelos ti’al u yéensa’al tuláakal le beyka’aj ba’alobo’. Unaj k-k’a’ajsike’ u 21 kiloometróosil jáal ja’ Puerto Morelos, k’áax kaláanta’an Área Natural Protegida”, a’alab tumen jbiologáa Azucena Gual, máax kaja’an Puerto Morelos, yéetel máax táaka’an ti’ jejeláas múuch’o’ob kaláantik yóok’ol kaab.Tu tsolaje’, u talamil áarresifee’ ku yantal tumen u taamil le ja’o’, tumen yaan u tuunichile’, mina’an tu’ux u yéensa’al u aanklail, le beetike’ u káadenasile’ ku yúumbal yéetel u muuk’ le ja’o’, yéetel kéen úuchuk beyo’, ku pech’ik koorales yéetel ba’alache’ob yaan te’e yáanal ja’o’. U cheemil Melodye’ láayli’ ich ja’ yane’, ba’ale’ náachkunsa’ab ti’ Puerto Morelos, úuchik u k’askúuntik kuxtal yaan te’elo’. Ichil ba’ax a’alab tumen Azucena Guale’, ti’ le 20 mil tóoneladasil balastoe’ chéen béyechaj u yéensa’al 3 mil, tumen ma’ béeychaj u láaj beeta’ali’.
Uláak’ ba’ax beetik u yantal chi’ichnakile’, leti’e’ bej tu’ux ku máan le bolkeetes kun máansik le tuunicho’, tumen kex ka beeta’ak uláak’ bej wa kex ka nojochkíinsa’ak le yano’, yaan u nonojtal u k’askúunta’al ja’ yaan te’elo’. Ts’o’okole’, wa ka úuchuk ba’al beyo’ yaan u k’askúunta’al kuxtal kaláantik kaaj ti’ chak ik’alo’ob.
"
"Jsa’at u kuxtal María Kodama, u yatan ka’ach Jorge Luis Borges",27/03/2023,"t Xts’íib yéetel argentinail k’ext’aane’ jkíim le domingo máanika’. 86 u ja’abil ka’achij, yéetel ojéelta’abe’ jach k’oja’anchaji, le beetike’ ma’ utschaj u jach péek ti’ le ts’ook winalo’obo’, beey k’a’ayta’ab máaxo’ob naats’ yaniko’ob ti’. Yéetel u yíicham ka’ache’, tu tu ts’áaj k’ajóoltbil Breve antología anglosajona, tumen jach péeknajo’ob yóok’lal. 
"
Semarnate’ tu ts’áaj k’ajóoltbil xaak’al tu beetaj yóok’lal U graanjasil u tséenta’al k’éek’eno’ob tu lu’umil Yucatán,28/03/2023,"U mola’ayil Secretaría de Medio Ambiente y Recursos Naturales (Semarnat) tu ts’áaj k’ajóoltbil tu táan u jala’achil u lu’umil Yucatán, ba’ax chíikpaj ti’ xaak’al tu beetaj, tu’ux k’a’abéetkunsa’ab muuestras yéetel jach ila’ab bix u lúubul ti’ lu’um le jejeláas graanjasil tu’ux ku tséenta’al k’éek’eno’ob te’e lu’umo’. Le ju’un túuno’, yaan bin u ye’esik tu’ux “ jach sajbe’entsil” yanik kaajo’ob, tu’ux ma’ tu páajtal u ts’a’abal mix uláak’ juntúul “chan k’éek’en”, tumen ila’abe’, maanal 500 u p’éel graanjas yaan. 
“Ichil xaak’alo’ob beeta’abe’, ila’ab bix yanik ja’ ti’ jayp’éel ti’ le granjaso’obo’, tu’ux jch’a’ab muuestras, u ya’abile’ xíiwo’ob yéetel ba’alche’ob, beyxan ti’ iik’”, tu tsikbaltaj María Luisa Albores, máax jo’olbesik mola’ay. 
Xaak’alo’ob beeta’abe’, múul meyajta’ab tumen Instituto Mexicano de Tecnologías del Agua; yéetel Instituto Nacional de Estadística y Censos (Inec); ts’o’okole’ jts’a’ab k’ajóoltbil ti’ u jala’achil u lu’umil Yucatán.
Ka’aj káaj u tsikbale’, Alborese’ tu ya’alaje’ ma’ u yojel jach jayp’éel graanjas yaan, mix xan jaytúul k’éek’en ku tséentalo’obi’. “Yéetel xaak’al beeta’abe’, ila’abe’ xoka’an tumen Conagua tumen leti’e’ mola’ay ts’áak u ju’unil tu’ux ku jéets’el u k’a’abéetkunsa’al yéetel u meyajta’al ja’”.
 “Walkila’ ku béeytal in wa’alike’, maanal 500 u p’éel graanjas yaan te’e lu’umila’, ts’o’okole’ k-ojel xan tu’ux yaano’ob; ku páajtal xan k-k’i’itbesik le xaak’ala’ k’íin kéen k-il k’a’abéet”, tu ya’alaj.
 “Táan u yila’ale’, talam yaan walkila’, ikil táan u seen k’askúunta’al ja’e’, je’el u súutul jach k’aasil ba’al ti’al wíinik, tumen je’el u loobiltik u toj óolale’”, tu ya’alaj María Luisa Albores.Tu chíimpoltaje’, u noj kaajil Jo’e’, mina’an u drenaajeil. “Yaan ts’ono’otob, le beetike’, kéen k’áaxak ja’e’ séeba’an u búulul kaaj”. 
Le beetik túune’, yéetel le ba’ax ts’o’ok u xak’alta’al ti’ le kúuchilo’ob tu’ux ku tséenta’al k’éek’en te’e méek’tankaajo’obo’, je’el u páajtal u yila’al tu’ux najmal u ts’aatáanta’al lu’um yéetel kaaj, beyxan ba’ax bak’pachtik.
"
Ts’o’ok u k’astal mil 200 u p’éel u kolmeenasil u yik’el kaab úuchik seten k’a’abéetkunsa’al áagrokiimikóos beetik k’aas ti’ob ,28/03/2023,"Ichil tse’ek tu beetaj jo’oljeak, u jala’achil México, Andrés Manuel López Obrador, máax jo’olbesik u mola’ayil Secretaría de Medio Ambiente y Recursos Naturales (Semarnat), María Luisa Albores González, tu k’a’aytaje’ ts’o’ok u nonojtal u yik’elo’ob kaab “Apis” kíimik tu kaajil San Francisco Suctuc, tu méek’tankaajil Hopelchén.
Kabnáalo’obe’ ku ya’aliko’obe’ yaan kex 300 mil u yik’elo’ob kaab ts’o’ok u kíimil, ts’o’okole’ le je’elo’ taak’in xan ku sa’atal. Albores González ku tukultike’, le je’ela’ táan u yúuchul yóok’lal bix u meyajta’al lu’um tumen méenonitaob, tumen tu ya’alaje’. “jach ku pak’iko’ob soya tráansjenikáa, ts’o’okole’ ku jach k’a’abéetkunsiko’ob téeknolojiikóo nu’ukulo’ob ti’al u kaláantiko’ob”, tu ya’alaj.
Tu tsolaje’, “kéen ktsikbalt wa ba’ax yóok’lal tréensjenikóose’, tu lu’umil Méxicoe’ ku chíikpajal piits’ yéetel sooyáa, ba’ale’ u kaláanta’al u paak’alo’obi’ ku k’a’abéetkunsik glifosato, jump’éel ba’al jach k’aas u lúubul ti’ le lu’um tu’ux ku ts’a’abalo’, tumen yéetele’ ku luk’sa’al ik’el ku yokol ti’ el che’obo’ yéetel u loobil le k’áaxo’, ba’ale’ le je’ela’ ku beetik k’aas ti’ u k’áaxilo’ob Hopelchén”.
Le je’ela’ u ka’atéenil u seten kíimil u yik’elo’ob kaab tu kaajil San Francisco Suctuc; tu ja’abil 2017-2018, tu k’iinilo’ob u máan molbil kaabe’, láayli’ xan beey úuchik ti’obo’, yóok’lal u seen fúumigarta’al le k’áax tu’ux pak’a’an ixi’iam tu kajtalil Zenit, k’áax ti’alinta’an tumen Jacobo Shakur, máax tak polta’ab tumen kajnáalo’ob, tumen tu k’a’abéetkunsaj bix abyoneetáas ti’al u kaláantik bin u paak’áal, kex tumen le je’elo’ ma’ cha’aban u beeta’ali’.
Ba’ale’, ma’ xan ojéela’an wa áagrokiimikose’ ma’ ti’ u taal uláak’ u múuch’ilo’ob méenonitáas, naats’ yaniko’ob ti’ u kaajilo’ob Hopelchén.Máax jo’olbesik Semarnat, tu ya’alaje’, tu ja’abil 2016e’, u kaajil Hopelchéne’ jump’éel ti’ le kaajo’ob tu’ux ku asab jóok’sa’al kaab, ba’ale’ walkila’, tumen ma’ jach patal u jóok’o’oli’, ma’ tu páajtal u jóok’sa’al ti’al u túuxta’al konbil Alemaniai’. 
"
Yanchaj 16 máak kíim úuchik u jalbal lu’um tu noojolil Ecuador ,28/03/2023,"U yáalkab luuk’e’ úuch tu yáak’abil le domingo máanika’, tu kaajil Alausí, tu méek’tankaajil Chimborazo, kex 300 km náach ti’ u noojolil Quito, ts’o’okole’ tu loobiltaj uláak’ máako’ob, yéetel yanchaj kex 500 u túul máak láaj jsa’at u ba’alumbáaj, beyxan najo’obe’ múuko’ob yéetel le luuk’o’, beey a’alab tumen Secretaría Nacional de Gestión de Riesgos (SNGR).
"
"Rancho Zenit, k’áax ti’al u beeta’al xaak’alo’ob tumen Bayern-Monsanto; Kabnáalo’ob ikil u talamil",29/03/2023,"Tu jo’oloj beeta’ak tak pool tumen k’askúunta’ab ba’al je’el u tojoltik tak 10 miyoonesil pesose’, tumen ts’o’ok u seten k’astal 102 u p’éel kúuchilo’ob tu’ux ku tséenta’al u yik’elo’ob kaab, beyxan mil 200 u p’éel koolmeenas yéetel maanal 300 mil u p’éel u yik’elo’ob kaab ts’o’ok u kíimil, u kabáanilo’ob San Francisco Suctuc yéetel Crucero Oxá, ti’ u méek’tankaajil Hopelchéne’, tu ya’alajo’obe’ u Rancho Zenite’ majáanta’an ti’ Bayern-Monsanto, yéetel táan u túuntik bix u meyaj jejeláas áagrokiimikóos ti’ u paak’alil ixi’im, tumen ku tukulta’ale’ leti’e’ de jelbesa’ano’ob.José Manuel Poot Chan, juntúul ti’ le kabnáalo’ob táan u yilko’ob talamo’obe’, tu ya’alaje’ ts’o’okili’ u yáax úuchule’, ba’ale’ táan u tukulta’ale’ Rancho Zenit, p’aatal tu bejil Campeche-Hopelchén, tu tojil Crucero Oxá, ba’ale’ kex ucha’an 2014, 2017 yéetel walkila’, jo’olpóopobe’ tu ch’a’ajo’ob u muuestrail lu’um yéetel paak’áal ba’ale’ ma’ tu beetajo’ob mix ba’ali’.
Le beetike’, ba’ax táan u tukulta’ale’, leti’ u beeta’al jump’éel a’almajt’aan ti’al u kaláanta’al u yik’elo’ob kaab, tumen juntúul ba’alche’ jach táaj k’a’abéet ti’ le yóok’ol kaaba’, le beetike’, u yóox jaatsilo’ob meyaj jala’ache’ k’a’abéet u múul meyajo’ob ti’al u yutsil kaaj, tumen k’a’abéet u je’ets’el máax yaan u si’ipil ti’ le je’ela’; ts’o’okole’ yéetel u yáantajil Escuela del Colegio de la Frontera Sur (Ecosur) k’a’abéet u ts’a’abal u p’iisil u k’a’abéetkunsa’al áagrokiimikóos. Beey túuno’, tu ya’alo’obe’, kex ka’ap’éel ja’abo’ob paachil, Jacobo Xacur, juntúul éempresario máax ti’alintik le kajtalilo’, tu majáantaj ti’ Monsanto yéetel Bayern, ts’o’okole’ kex jach chíika’an yaan ixi’im pak’a’ane’, ku tukulta’ale’ le nukuch mola’ayo’obo’ táan u meyajtiko’ob túumben áagrokimikóos ti’al u asab séebtal u sa’ap’alo’ob, ti’al beyo’, u p’íitchajal ba’ax ku p’a’atal ti’ u xiixel ba’al te’e lu’umo’.Poot Chane’ tu ya’alaje’ ku tukulta’al táan u fúumigarta’al maanal ti’ u 50 por siientoil le kajtalilo’, le beetike’, táan u páa’tal ba’ax kun chíikpajal ti’ xaak’al táan u beeta’al tumen Ecosur, ts’o’okole’ yaan u kaxta’al ba’ax beetbil ti’al u ch’éenel u beeta’al le k’aasila’. Yóok’lale’, Leydi Pech, máax táaka’an ichil Colectivo de Comunidades Indígenas de los Chenes, tu yaj óoltaj ts’o’ok maanal lajunp’éel ja’abo’ob káajak u beeta’al le ba’atelila’, ti’al u kaláanta’an u yik’el kaab, tumen jach ya’abach k’aas ku taasik áagrokiimikóos.
"
U K’iintsilo’ob Ja’ tu lu’umil Yucatán yaan u ts’áak sáasil ti’ ba’ax k’a’abéet u beeta’al ti’al u kaláanta’al,29/03/2023,"Ichil 27 tak 31 ti’ marzo táan u máana’, ku páayt’anta’al kaaj ti’al u táakpajal ichil u meyajil “Semana por el Agua 2023”, ikil táan u náats’al U K’iintsil Ja’,  –le 22   ti’   marzo ku taala’–, tu’ux yaan u tsikbalta’al jejeláas ba’alob yóok’lal le k’a’anan ba’ala’, ti’al u ts’a’abal k’ajóoltbil xan ba’ax je’el u yutstal u beeta’al ti’al u ts’aatáanta’al talamo’ob yaan kéen jo’op’ok u meyajta’al ja’, kéen k’a’abéetkunsa’ak tumen kaaj yéetel ti’ najo’ob, beyxan kéen meyajnak ti’al jóoyab, ichil uláak’ ba’alo’ob.U nooyil ba’ax kun tsikbaltbile’, leti’e’ ja’ ku k’askúunta’alo’ yéetel u seten k’a’abéetkunasa’al, le beetike’ Colegio de Ingenieros Químicos, Sociedad
Yucateca de Ingeniería Sanitaria y Ambiental, Colegios de Posgraduados en Ciencias Ambientales y Biotecnología del Sureste, Sociedad Latinoamericana de Ciencia y Tecnología EcoHyT yéetel Va por la Tierrae’ táan u beetiko’ob le noj meyaja’ ti’al u yila’al ba’ax je’el u yutstal u beeta’al ti’al u kaláata’al tu beel le ja’o’.
Sandra   García   Peregrina,  máax chíikbesik  Reserva   Cuxtal,  tu ya’alaje’ meyaj ku beeta’al ti’al u kaláanta’al ja’e’ unaj u taal ti’ u jejeláasil jaats kaajo’ob, tumen jump’éel ba’al yaan ba’al u yil yéetel tuláakal máak.“K’a’abéet u bin u jach ma’alobkúunsa’al le poliitikáas publikáas jets’a’an ti’al u kaláanta’al ja’, tumen u Petenil Yucatáne’, jump’éel ba’al jach séeba’an u yúuchul wa ba’ax yéeteli’”.Tu ya’alaje’, yaan uláak’ lu’umo’ob tu’ux jach sáasil yanik táan u k’astal ja’ ka’alikil ti’ le petenila’ ma’ beyi’, chéen ba’axe’ yaan ya’abach ba’al táan u k’askúuntik yéetel u seen ch’a’abale’ jach láayli’ chíika’an “k’a’abéet kna’atike’ táan u chíikpajal u chak sáasil sajbe’entsil ti’ le kaaja’, le lu’uma’ yéetel le yóok’ol kaaba’”. K’a’abéet u kaxta’al ba’ax kun beetbil ti’al ma’ u yúuchul ba’al beya’, tu ya’alaj.Ku páajtal u xak’alta’al le jejeláas meyajo’ob kun beetbil ti’ le kúuchila’: vaporlatierra.com/2023/8903/semanaporelagua. 
"
Táankelemo’ob ook u táakmuk’to’ob líik’saj t’aan ku beeta’al Francia ,29/03/2023,"“Yóok’lal u noj ba’alil ajmeyajo’ob, yéetel ti’al ka utsil yanak yóok’ol kaab, tak wa ma’ táan u yóota’al ka úuchuk tumen Macrone’, ¡wey yano’one’!, beey k’aya’ab le martes máanika’ tumen ya’abach xoknáalo’ob ti’ u lu’umil París, máaxo’ob tu k’alo’ob u najil xook Montaigne, yóok’lal u k’eexil u a’almajt’aanil péensiones jets’a’ab tumen líiberal jala’ach ti’ le francesil lu’umo’.
"
Yaan 26 u méek’tankajilo’ob Yucatán tu’ux talam yanik ba’al ikil u tséenta’al k’éek’eno’ob: Semarnat,30/03/2023,"Tu jo’oloj beeta’ak jejeláas xaak’alo’ob tumen u jala’achil u noj lu’umil México ti’al u je’ets’el beyka’aj k’aasil u beeta’al tumen u kúuchilo’ob u tséenta’al k’éek’eno’ob tu lu’umil Yucatáne’, u mola’ayil Secretaría de Medio Ambiente y Recursos Naturales (Semarnat) tu ts’áaj k’ajóoltbile’, tu péetlu’umil Yucatáne’ yaan 51 u p’éel méek’tankaajo’ob tu’ux chíika’an tu bin u k’astal lu’um yéetel ja’, ikil u seen tséenta’al le ba’alche’o’, ba’ale’ ti’ le beyka’ajo’, 26 u p’éelale’ jach talam yaniko’ob. U xaak’alil Dictamen Diagnóstico ambiental de la actividad porcícola en Yucatán jts’a’ab k’ajóoltbil tumen María Luisa Albores, máax jo’olbesik Semarnat; Adrián Pedrozo Acuña, máax jo’olbesik Instituto Mexicano de Tecnologías del Agua (IMTA) yéetel tumen Luis Felipe Abreu García, ku meyaj ichil Instituto Nacional de Ecología y Cambio Climático (INECC). Te’e xaak’alo’, a’alabe’ yaan 507 u p’éel u kóordenaadasil tu’ux ma’ xaan wa yaan graanjasi’, ts’o’okole’ ti’ yaan u ya’abil tu kaajil Acanceh yéetel Hoctún.Yaan 26 kaajo’ob tu’ux jach táaj chíika’an tu jach k’astal u yáal lu’um tu’ux yaan ja’, tumen ts’o’ok u jach yantal nitroojenóo yéetel foosforóo -ichil uláak’ ba’alo’ob- ikil u seen wéekel u ta’ k’éek’eni’.Le kaajo’obo’ leti’ le je’elo’oba’: Abalá, Acanceh, Cacalchén, Chocholá, Chumayel, Conkal, Dzán, Hocabá, Hoctún, Kanasín, Kinchil, Mama, Maxcanú, Mérida, Muna, Muxupip, Opichén, Progreso, Seyé, Tahmek, Tekantó, Timucuy, Tixkokob, Tixpehual, Umán yéetel Xocchel.Máax jo’olbesik IMTA tu ya’alaje’, yaan chi’ichnakil yóok’lal u lu’umil Yucatán, tumen yaan kaajo’obe’ tu’ux maas jach táaj ya’ab k’éek’en yani’, wa ku ke’etel yéetel jaytúul máak yani’, ts’o’okole’ le je’elo’ chéen ku ye’esik bix u seen k’askúunta’al ja’ yéetel iik’. Tu ya’alaje’, jejeláas mola’ayo’ob ti’ yóok’ol kaabe’ ku ya’aliko’obe’, jach u ya’abile’, unaj u yantal juntúul k’éek’en ichil lalaj u eektareail k’áax.Pedrozo Acuñae’ tu ya’alaje’ u seen yantal u graanjasil k’éek’ene’ táan u beetik u seen múuch’ul nitroojenóo te’e ts’ono’otobo’, ts’o’okole’ yaan tu’uxe’ ku píitmáansik tak 10 u téenal le beyka’aj jets’a’an unaj u jach yantali’.Beyxan, ichil ba’ax yaan u yil yéetel u píitmáansa’al le jaytúul k’éek’en unaj u yantal ti’ lalaj ektaareae’, yaan kaajo’ob, je’ex Muná, Conkal, Cacalchén yéetel Muxupip, tu’ux ma’ táan u beeta’al ba’ax jets’a’an ti’al ma’ u jach k’askúunta’al lu’um yéetel k’áax, le beetike’, ku k’áatóolta’al ti’ le kaajo’oba’, ma’ u cha’abal u ts’a’abal uláak’ graanjas ti’al u tséenta’al le ba’alche’oba’.Beey túuno’, Luis Felipe Abreu Garcíae’ tu táakmuk’taj ba’ax jts’a’ab k’ajóoltbil tumen IMTA, ts’o’okole’ tu tsikbaltaje’ ikil u seen wéekel u ta’ k’éek’ene’ ku beetik u múuch’ul amonio, nitratos yéetel fosfatos te’e lu’umo’, ts’o’okole’ leti’e’ ba’axo’ob chíikbesik beyka’aj k’aasil ku beeta’al ti’ le lu’umo’.“Amoniacoe’ yaan u beetik u tsa’ayal k’oja’ano’ob yaan ba’al u yil yéetel u ch’a’ak u yiik’ máak, ts’o’okole’ yaan xan u beetik u su’uts’pajal lu’um, le beetik xane’ yaan u kíimil ba’ax tséentik”.INECCe’ tu yilaje’, u seen ts’a’abal u kúuchilo’ob u tséenta’al k’éek’eno’obe’, ts’o’ok u k’askúuntik ya’abach k’áax, tumen maanal ti’ u 77 por siientoil ti’ le yano’.Yóok’lal beyka’aj u ma’alobil iik’e’ Abreu García tu ya’alaje’ iik’ k’askúunta’ane’ je’el u k’uchul tak tu noj kaajil Jo’.“Táan a’alike’, táan u jach k’i’itbesa’al asiidóo sulfiidrikóo yéetel áamonyakóo ich kaaj yéetel ich k’áax”.María Luisa Albores tu ts’áaj k’ajóoltbile’, u chuuka’anil le xaak’alo’ unaj u ts’a’abal k’ajóoltbil le semanaa ku taala’, yéetel yaan u béeytal u xak’alta’al ichil u kúuchil Internet Semarnat.
"
"Méxicoe’, u ka’ap’éel noj lu’umil tu’ux jach éem beyka’aj gaas ku tóoka’al: BM",30/03/2023,"Meyaj beeta’abe’ j-éem 3 por siiento keetel yéetel u ja’abil 2021, wa 5 mil miyoonesil meetros kubikóos; yóok’lal le je’ela’ béeychaj u jach éensik tak u ts’ookbalak éemek 2010.
"
Táan u k’oja’ankúunsa’al u yik’elo’ob kaab Hopelchen ikil u k’a’abéetkunsa’al áagrokiimikóos: Sader,31/03/2023,"Úuchik u beeta’al tak pool tumen kabnáalo’ob ti’ jayp’éel u kaajilo’ob Hopelchén tumen ts’o’ok u kíimil kex 300 mil ik’elo’ob kaab tumen k’oja’anchajo’obe’, u meyajnáalil Secretaría de Agricultura y Desarrollo Rural (Sader), Francisco García Manilla, tu ya’alaje’, le je’elo’ j-úuch úuchik u k’a’abéetkunsa’al áagrokimiikóo ti’al u kíinsa’al u xnook’olil le koolo’. Ma’ tu ts’áaj u kuuch mix máaki’, ba’ale’ tu ya’alaj Servicio Nacional de Sanidad, Inocuidad y Calidad Alimentaria (Senasica) ts’o’ok u ch’a’ak muuestras, yéetel tu tsolaje’ u yik’elo’ob kaabe’ ku k’oja’antalo’ob kéen xik’náalnako’ob jach kaabal, tumen ku ts’u’uts’iko’ob le kiimikóos yets’a’ano’.
“K-ojel u kajtalil Cenite’, p’aatal tu k’ab u mola’ayil Bayerne’, walkila’ u jaajile’ j-úuch k’aas tumen tikinchaj ba’al, ts’o’okole’ ka’aj jóok’ u kaxta’al ja’ tumen u yik’elo’ob kaabe’, ooko’ob tu’ux ku yúuchil líilja’ ikil u jóoyabta’al k’áax, ba’ale’ kéen úuchuke’ ku wíits’ajbta’alo’ob yéetel áagrokimikóo ku meyaj ti’al u k’íinsa’al u xno’ok’olil le koolo’”, tu ya’alaj. 
Tu ya’alaje’ yaan kolmeenas je’el u ka’a líik’sa’alo’obe’, ba’ale’ chéen táan u tukultik u páa’tiko’ob ba’ax kun chíikbesbil tumen Senasica, ti’al ka je’ets’ek ba’ax kiimikóo le k’a’abéetkunsa’alo’, beyxan ti’al u k’a’aytal sajbe’entsil yóok’lel le ba’ax ku meyaj ti’al jóoya’abe’, tumen le je’elo’ ma’ tu yóolili’ máax ka jbeeta’abi’; j-úuch tumen tu jach beetaj ooxol yéetel tikinchaj ba’al.Beey túuno’, yaan u kaxta’al ka úuchuk tsikbal ichil kabáalo’ob yéetel mola’ayo’ob ti’al u je’ets’el jayp’éel ba’alo’ob, je’el bix ba’ax k’iinilo’ob je’el u yutstal u k’a’abéektunsa’al.
Tu ts’ooke’, tu ya’alaje’, ma’ jaaj wa k’a’abéetkunsa’an glifosaatoi’, kex ts’o’ok u fúumugarta’al le baantao’.
"
Waxakp’éel winal kun xáantal Festival de las Aves Toh tu ja’abil 2023; maanal 50 u p’éel meyajo’ob yaan,31/03/2023,"U XXII u téenal u beeta’al u cha’anil Festival de las Aves Toh 2023 yaan u xáantal waxakp’éel winalo’ob, tu’ux yaan u beeta’al 52 u p’éel meyajo’ob -wakp’éel lalaj winal–, yaan u káajal abril yéetel u ts’o’okol noviembre. 
María Andrade Hernández, máax jo’olbesik Pronatura Península de Yucatán, tu ts’áaj k’ajóoltbile’, te’e ja’aba’ yaan u ts’o’oksa’al tuláakal le meyajo’obo’ tu kúuchil Ex Hacienda de San Juan Bautista Tabi, tu’ux yaan u beeta’al jump’éel keetil.
“Jump’éel ba’al ku yáantaj ti’al u kaxta’al uláak’ bejo’ob, ti’al u ts’a’abal meyaj ti’ ya’abach kaajo’ob”.Tu ya’alaje’, meyajo’obe’ ku kaxtik u chíimpoltik ch’íich’o’ob, yéetel u táakmuk’ta’al xíimbal ku beetik ti’al u náaysik u yóol, ba’ale’ tu’ux ku cha’anta’al ch’íich’o’ob.  
“Te’e ja’aba’, jach ki’imak k-óol tumen yaan xan u táakpajal Reserva de Cuxtal; le kúuchila’ táan u k’iimbesik 30 ja’abo’ob te’e ja’aba’ [...] ts’o’okole’ jach táaj ma’alob ti’al u cha’anta’al ch’íich’o’ob”.
Diana Pérez Jaumá, máax beetik u súubsekretaryail planeasyoon ichil u mola’ayil Secretaría de Desarrollo Sustentable (SDS), tu k’a’ajsa’aje’ ts’o’ok maanal 15 u p’éel k’áaxo’ob bak’pachta’an ti’al u kaláanta’al ichil u Péetlu’umil Yucatán, ts’o’okole’ jump’éel ti’ le je’elo’obo’ leti’e’ tu’ux ku beetbil u ts’ook meyajil le cha’ana’, tu’ux yaan ka’ach Hacienda Tabi.
“Kti’ale’, Tabie’ láayli’ jun jaats ti’ u puksi’ik’al u baantail le Pu’uko’, ts’o’okole’ ya’abach meyajo’ob beeta’ani’, yéetel ts’o’ok kjach meyaj ti’al u kaláanta’al, le beetik walkila’ táan u ka’a líik’il le kaajo’, ikil u káajal u ka’a xíimbalta’al, le óok’lal jach ki’imak k-óol ka béeyak u beeta’al ts’ook keetil te’elo’”. Tu ya’alaje’, “Tabi’e’ maanal 300 u ektaareasil yaan yéetel yaan jejeláas ba’ax ku beeta’al ti’al u kaláanta’al”. Ba’ale’ kex beyo’, láayli’ ichil noj kaaje’, ku béeytal u cha’antal ch’íich’o’ob. 
Le meyajo’obe’, ku kaxtik u péektsiltik náaysaj óol ti’ uláak’ kúuchilo’ob, je’el bix k’áax, tu’ux ka kaambanak máak; u cha’anta’al ch’íich’o’obe’ ku beeta’al xan ti’al u tóoch’ta’al Yucatán beey jump’éel lu’um tu’ux ku béeytal u náaysik u yóol máak yéetel lelo’. Ichil uláak’ meyajo’obe’ yaan u beeta’al tsikbalo’ob, tse’eko’ob, kaambalo’ob, xíimbalilo’ob; tu ts’ooke’, keetile’, yaan u náajalta’al tumen máax bíin u ye’es maas ya’abach ch’íich’ tu cha’antaj tu beelil u xíimbal.
"
Bolín kay,31/03/2023,"U sientifikoil k’aaba’e’ Cyprinodon artifrons, ba’ale’ k’ajóolta’an beey bolín wa petota ich káastelan t’aan, ba’ale’ le je’ela’ juntúul chan kay, ku p’isik chéen siinko sentiimetróos, ts’o’okole’ kaja’an ti’ chuk te’ob yéetel uláak’ u jáal ja’ilo’ob yaan tu Petenil Yucatán, beey a’alab tumen Juan Jacobo Schmitter Soto, u jxak’al xookil Colegio de la Frontera Sur (Ecosur).Leti’e’ tu ya’alaje’, le kaya’ kaja’an xan Cozumel yéetel Isla Mujeres, ba’ale’ ma’ ti’ ja’ob, je’ex u ak’alil Chichankanab, tu méek’tankaajil José María Morelos.
Bolín kaye’, ku jaantik detritus (u xiixel mejen ba’al), ba’ale’ leti’e’ u yo’och xan uláak’ kayo’ob maas nuuktak ti’ leti’, beyxan u ch’íich’o’ob. U wíinkilale’ ka’anal yéetel k’as polok; u poole’ óol túuts’ yéetel u ni’e’ kóom yéetel kóoch. Chéen jump’éel u jool u ni’ yaan yéetel u yiche’ yaan u sóol. 
Le kaya’ ku ye’el ti’al u k’iinilo’ob ja’ajalil yéetel yáax k’iin. Táakbesa’an u k’aaba’ ichil Lista Roja beeta’an tumen Unión Internacional para la Conservación de la Naturaleza ichil u jaatsil Preocupación Menor, tumen sajbe’entsil yaan u ti’ale’, leti’ u seen ch’a’akal che’ob tu’ux ku yantal, beyxan u seen beeta’al oteleo’ob wa najo’ob. 
"
Ma’ táan u tojoltik mix 30 pesos u kiiloil kaab ku ko’onok tu maaya kaajilo’ob Tulum,03/04/2023,"Kabbnáalo’ob ti’ u maaya kaajilo’ob Tulume’ tu ts’áajo’ob k’ajóoltbile’, tumen ma’ táan u jach yantal máaxo’ob manik kaab ti’ uláak’ táanxel lu’umo’obe’, le bajux ku ko’onol ui kiiloil kaabe’ éem tak 30 pesos wa mix k’ucha’ani’; le je’ela’, leti’e’  jach kaabalo’ tumen ti’ uláak’ ja’abo’obe’ kona’ab tak 50 pesos.  
Patricio Tamay Dzib, u kajnáalil Chanchen Palmar, ti’ u méek’tankaajil Tulume’, tu ya’alaje’ yaan kabnáalo’obe’ ts’o’ok u yantal u konik kaab chéen beyo’, mix jump’íit ko’ojili’.
“U tojol kaabe’ ma’ tu chukik mix 30 pesos, lelo’ jach jump’íit, beey u ya’alik kabnáalo’ob. Kex beyo’ táan u jóok’sa’al konbil, ba’ale’ leti’obe’ u yojelo’ob ma’ leti’ u tojol, ba’ale’ chéen beyo’ yaan u béeytal u jóok’sa’al le beyka’aj kaab yaan ti’obo’”, tu tsikbaltaj. 
Leti’ túune’, ku kaxtik u konik uláak’ ba’ax ku meyajtik yéetel le kaabo’, je’el bix kibo’ob, ti’al beyo’ ma’ u p’atal ti’ le yaan ti’ob. Tu tsikbajtaje’, ku yantal uláak’ talamo’ob kéen yanak u maniko’ob uláak’ nu’ukul k’a’abéet ti’al u tséental u yik’el kaab, je’el bix u kaajsajil, iits, maak, lu’um yéetel u kóontenedoresil, ts’o’okole’ le je’ela’ ku beetik xan u p’a’atal u tséenta’al u yik’elo’ob kaab, tumen ma’ tu suut u taak’inil máax meyajtik, kex beyka’aj ka meyajta’ak ti’al u jóok’sa’al kaabe’, ma’ tu chúukpajal.
“Ba’ax kin beetike’, in jóok’sik ka’ap’éel tóoneladaas; kin konik jump’éel ti’ máayoreoe’ yéetel u yalabilo’ kin konik bul ja’ab, ba’ale’ ti’ uláak’ nu’ukulo’ob, yaan u yáax meyajtik ti’al in jóok’sik u jeel ba’alo’ob ti’, chéen ba’axe’ yaan uláak’ kabnáalo’ob ti’ le baantaila’, mina’an ti’ob le beyka’ajo’; wa ku yilko’ob yaan ya’abach kaabe’ maas ku p’atiko’ob tuláakal u koolmeanil”, tu ya’alaj Tamay Dzib.
Beey túuno’, tu tsikbaltaje’, chéen jump’éel mola’ay, ku k’aaba’tik Oaxaca Miel, máax táan u manik le kaabo’, ba’ale’ chéen ti’ máayoreo ku manik, le beetike’ jach ma’ ko’oj u ti’ali’. Máaxo’ob ku maanik kaab ti’al u jel konto’obe’, tu ya’alajo’obe’ mina’an táanxel kajil máako’ob manik, le beetik p’íitchaj xan le ku ch’a’ako’obo’, ba’ale’ ku tukultike’ mina’an mix ba’al u yil yéetel beyka’aj u ma’alobil le kaabo’.
Uláak’ ba’ax tiskbalta’ab tumen kabnáale’ kex táan u jach u’uyal yáax k’iine’, u yik’elo’ob kaabe’ ku jóok’siko’ob kaab lik’ul u winalil enero, ba’ale’ u chi’ichnakil máaxo’ob meyajtike’, leti’ a bajux ku ma’anal ti’obo’.
"
U jusgaadoilo’ob Yucatán xaankúunsik u máata’al xch’úupalal yéetel xi’ipalal ,03/04/2023,"“Bix túun, mina’an wáaj chaampalo’ob, yaan mejen neene’ob, ba’ale’ kéen u ya’al u ts’o’okol u beeta’al u ju’unil yéetel u juisyoile’, ku p’áatal mina’an”, a’alab ti’al u chíikbesa’al talam ka yantal kéen jo’op’ok u beeta’al u juisyoil u máata’al paalal tu lu’umil Yucatán.  
Georgina Ortega Joaquín, máax jo’olbesik u múuch’kabil Fundación AMAR, tu yaj óoltaj “jusgado’obe’ jach táaj ku xáantal u jets’ik u juisyosil paalal, tumen mix táan u na’atiko’ob yéetel paalale’ séeba’an u máan k’iin”.
Tu ya’alaje’ k’a’anan u na’atale’, unaj u séebchajal meyaj kéen beeta’ak wa ba’ax ti’al u máatalo’ob, tumen u yojele’, kéen beeta’ak u juisyoilo’obe’ paalale’ tu bin u xuultal, ts’o’okole’ le je’elo’ ku talamkúunsik u biinsa’alo’ob.  
Kex u yojel “lalaj ju’un (ku k’áata’al ti’al u máata’al paalale’) k’a’anan ti’al u kaláantal le paalo’”, ku ya’alike’ jach k’a’anan u séebkunsa’al ba’al kéen beeta’al u ju’unilo’on u máata’al paalal tumen jump’éel baatsil te’e jusgaadoso’; k’a’anan u péek u yóol jueeso’ob ti’al u na’atiko’ob.
“Unaj tak u táanilkuunsa’al paalal kéen jo’op’ok u beeta’al juisyos, ka ila’ak wa k’uch u ju’unil juntúul paal ku máata’ale’ ti’al ka máansa’ak táanil ti’ juntúul wa máax ts’o’ok u nojoch máaktal wa ts’o’ok u xuultal, ba’ale’ ma’ tu chíimpoltiko’ob”.
Beyxan, tu ya’alaje’, wa ts’o’ok maanal ka’ap’éel winalo’ob p’a’atak paalal ti’ jump’éel áalberguee’ ts’o’okole’ mix máak “k’áatik” mix ba’al yóok’lalo’obe’, ku páajtal u máata’al “ba’ale’ mix juntúul jues chíimpoltik, ma’ tu ch’a’anuktiko’ob […] ts’o’okole’ ku naak’ tumen tuláakal ba’ax ku béeykunsik Procuraduría (Procuraduría de protección de Niñas, Niños y Adolescentes de Yucatán (PRODENNAY)), ku je’elel kéen k’uchuk tak te’e jusgaadoso’obo’”.
Suuka’anile’ taatatsilo’obe’ ku kaxtik u máato’ob paalal yaan u ja’abil ichil 0 tak jo’op’éel, ba’ale’ yaan xane’, ku na’atik le ba’ax ku yúuchulo’, le beetike’, yaan xan máaxo’ob kaxtik ka máata’ak táankelemo’ob, 17 u ja’abil, tumen “leti’ u jach meenosilo’”. 
Walkila’, ku ya’alik, yaan uláak’ paalal táan u páa’tik ka yanak u yotocho’ob, ba’ale’ táan u xak’alta’al u ju’unilo’ob ti’al u béeytal, “jach k’a’abéet u sáasilkúunsa’al ti’ máax ku máata’ane’, u beeta’ale’ ku k’a’abéetkunsik u kanik máak páa’taj, yéetel tumen yaan k’iine’ ku tukultiko’obe’ paalal kéen u máato’obe’ jach ku yu’ubaj t’aan yéetel kaambanaja’ano’ob, ba’ale’ mix u jach paalal máak beyo’”. 
"
Maanal 200 baatsilo’ob ku meyajtiko’ob globos aerostaatikos Teotihuacan ,03/04/2023,"Tu jo’oloj úuchuk loob ti’ jump’éel baatsil te’e k’iino’oba máana’, tu’ux jkíim ka’atúul máak yéetel juntúul xch’úupal j-úuch loobila ti’e’,, u múuch’kabil Federación de Globos Aerostáticos en Teotihuacan tu k’áataj ti’ jo’olpóopo’obe’ ka yanak u tse’elel meyaj ti’ máaxo’ob ma’ u beeto’ob ba’ax k’a’abéet u ti’al, tumen le je’elo’ jump’éel ti’ le jach k’a’anan ba’ax yéetel ku náaysal u yóol máak, tséentik.
"
Ts’o’ok u nonojkíinsa’al beyka’aj si’ipil ku ts’a’abal ti’ máax óolintik paalal Yucatán,04/04/2023,"Le lunes 3 ti’ abrila’, u múuch’kabil Comisión Permanente de Justicia y Seguridad Pública, xíimbalnaj jump’íit u íinisyatibail oksa’an ti’al u ya’abkunsa’al u si’ipil máax bíin u beet abuuso sexual, wa u yóolinta’al, paalal, yáax péektsilta’ab tu k’iinil 8 ti’ septiembre tu táan Congreso del Estado de Yucatán.Yéetel k’éexil ku tukulta’al u beeta’al ichil Código Penal del Estado de Yucatán, táan u k’áata’ale’ ka ts’a’abak u si’ipil ichil 12 tak 20 ja’abo’ob k’albil máak, yéetel kex ichil 600 tak 3 mil k’iino’ob u muultail ti’al máax kéen u yóolint paalal, u si’ipile’ je’el u páajtal u ya’abkunsa’al tak uláak’ u chúumukil wa ku yila’al yanchaj loobilaj tu wíinkilal wa tu tuukul le paalo’, ts’o’okole’ yaan u jatsa’al beey delito de oficio.Beey túuno’, le k’eexila’ jumpuul úuchik u éejenta’al tumen komisyoono’ob. Walkila’ k’a’abéet u máansa’al tu táan Pleno, ti’al u táakbesa’al tumen u Lu’umil Yucatán, je’ex úuchik u ya’alal tumen jdíiputadáa, Karla Franco Blanco, ti’ u léejislatiabail jaatsil Partido Revolucionario Institucional (PRI), ti’al u béeytal u ts’a’abal ba’ax k’a’abéet ti’al ka je’ets’ek si’ipil k’a’abéet ti’al máax bíin u yóolint paalal.
K’eexilo’obe’ yaan u beetiko’ob u k’éexel ja’abo’ob si’ipil, ba’ale’ ti’ lajunp’éel ja’ab u jach p’íitil ka’ache’, walkila’ jnáak 12; ti’ u jach ya’abile’, ka’ache’ 18 ja’abo’ob, walkila’ 20 u ya’abil, beey túuno’, ya’abchaj u k’iinilo’ob le muultaso’: ka’ache’ ti’ yaan ichil 400 tak 2 mil 500, ba’ale’ yéetel k’eexile’ k’uch ichil 600 tak 3 mil u jach ya’abil.“Noj lu’ume’ k’a’abéet u meyaj ti’al ka chíimpolta’ak tuláakal ba’ax k’a’abéet ti’al u je’ets’el u si’ipil máax bíin u beet k’aas, tumen najmal u kaláanta’al u páajtalil paalal; beey túuno’, nonoj le beyka’aj táan u ya’abkunsa’alo’”, tu tsikbaltaj Franco Blanco ka’aj tu ts’áaj k’ajóoltbil le k’eexilo’.Uláak’ ba’ax ku tukulta’al u beeta’al ti’al u yutsil paalale’, láayli’ xan jumpuul úuchik u éejenta’ale’ ti’al u k’e’exel Código Penale’, ti’al u yila’al ma’ u jáan ch’a’abal chaamal tumen paalal ma’ u chuk 18 u ja’abil, ti’al u na’atale’ láayli’ jump’éel ba’al yaan u si’ipil. 
Wa ka éejenta’ak k’eexile’, ku je’ets’ele’, wa ku yantal juntúul máax ma’ u chuk 18 u ja’abile’, wa ka yanak u díiskapasidade’, wa ma’ tu na’atik jach ba’ax le ku yúuchulo’, ka ts’a’abak ti’ chaamal, ka ts’a’abak u yuk’ alkole’, fáarmakodependeensya, u ko’onol u wíinkilal wa u táakbesa’al ti’ si’ipil ba’alo’ob tumen juntúul nojoch máake’, yaan u ts’a’abal u si’ipil ichil ukp’éel u ja’abil ichil u kúuchil k’alabil, yéetel kex ichil 300 tak 500 u k’iinilo’ob muulta. 
"
"CFE tu ya’abkunsaj u muuk’il meyaj u súubestasyonilo’ob Tulum yéetel Chetumal, yóok’lal Tren Maya",04/04/2023,"U mola’ayil Comisión Federal de Electricidad (CFE) táan u ya’abkunsik u muuk’il u meyaj u súubestasyonilo’ob sáasil yaan Tulum yéetel Chetumal, tu péetlu’umil Quintana Roo, ikil táan u beeta’al meyajo’ob k’a’anan yóok’lal Tren Maya. Meyajo’obe’ unaj u ts’o’oksa’al ti’al u winalil julio ti’ le ja’aba’, k’a’ayta’ab tumen máax jo’olbesik CFE, Manuel Bartlett Díaz.Tu súutukil úuchik u táakpajal ti’ u ja’atskab tse’ekil u jala’achil México, Andrés Manuel López Obrador, ti’ le lunes máanika’, Bartlett Díaze’ tu tsikbaltaj bix yanik meyajo’ob táan u beeta’al te’el tu’ux kun máan u bejil le Treno’.
Yóok’lal ba’ax yaan u yil yéetel SETo’obe’, ti’ u yóoxp’éelile’ yaan wakp’éel meyajo’ob ichil u kaajil Nueva Xcan yéetel u áaeropuertoil Cancún,; ka’alikil ichil u SETilo’ob 4, 5,  6 yéetel 7, tu’ux táaka’an Playa del Carmen, Tulum yéetel Chetumal, yaan 34 meyajo’obi’; ti’ le je’elo’obo’ ts’o’ok u beeta’al u 20 por siientoil, yéetel tukulta’an u ts’o’oksa’al tu winalil noviembre ti’ u ja’abil 2023.Ti’ jump’éel cha’ane’, e’esa’ab bix táan u bin le meyajo’obo’, yéetel tu k’a’aytaje’, yóok’lal jump’éel mokt’aan beeta’ab yéetel Fondo Nacional de Fomento al Turismo (Fonatur) jets’a’ab u beeta’al u 170 sáasil, jatsa’an ti’ wakp’éel páaketes, tu chowakil le ukp’éel jaats bejo’ob jóok’sa’an ti’ le Tren Mayao’.
"
NASAe’ tu ts’áaj k’ajóoltbil máax ku jna’akal Artemis II ti’al u ja’abil 2024,04/04/2023,"Ichil máaxo’ob k’a’ayta’ab le lunes máanika’, ti’ yaan Christina Koch yéetel Victor Glover, yáax áafroamerikaanos tu kanaj u beetik u áastronautaob ti’al u k’uchulo’ob tak te’e ujo’. U múuch’il máako’obe’ yaan u k’uchul tak te’e Ujo’, tu jo’oloj 50 ja’abo’ob yáax beeta’ak.
"
"Tu winalil marzo, tu lu’umil Yucatáne’, ts’atáanta’ab 20 t’aano’ob sáansamal ti’al u ya’alal yaan tu’ux joopol k’áak’",05/04/2023,"Enrique Alcocer Basto, máax jo’olbesik Protección Civil de Yucatán (Procivy) tu ts’áaj k’ajóoltbile’, tu winalil marzoe’ u mola’ayil ts’aatáantik t’aan ku beeta’al 911e’ tu ch’a’anuktaj le 630 u p’éel t’aano’ob beeta’ab ti’al u ya’alal yaan tu’ux joopol k’áak’. Le je’ela’ u k’áat u ya’ale’, sáansamale’ yanchaj kex 20 u p’éelal. Mola’aye’ tu ya’alaje’ u káajal u k’iinilo’ob je’elile’ yaan u beetik u jach péek kis buuts’o’ob yéetel máak, ts’o’okole’ yéetel le yáax k’iin táan u beetiko’, jach séeba’an u jóopol k’áak’.  Le beetike’ Alcocer Basto tu páayt’antaj kaaj ti’al ma’ u pu’ulul u éenbasesil biidryo, mix xan u tóoka’al báasura, tumen óoli’ leti’e’ yáax ba’ax beetik u t’áabal ba’al. Ts’o’okole’ je’el bix u yáalkab u winalilo’ob marzo, abril yéetel mayoe’, beey u bin xan u ya’abtal u jóopol k’áak’; u ya’abile’ tu noj kaajil Jo’ yéetel u bak’pachilo’ob, ba’ale’ walkila’ ts’o’ok 48 u p’éel kaajo’ob tu’ux ts’o’ok u yelel wa ba’ax. Júurisdixiono’ob tu’ux ts’o’ok u yantal u ya’abil k’áak’ joopole’ leti’ le je’elo’oba’: Jo’ (280), Kanasín (32), Umán (29), Oxkutzcab (27), Tixkokob (13) yéetel Maní (12).
Tu paach ti’ le je’elo’obo’, ti’ yaan:  Ixil, Motul, Muna, Conkal, Yobaín yéetel Sotuta, tu’ux ts’o’ok maanal lajuntéen u t’áabal wa ba’ax. Tu’ux ts’o’ok u yúuchul ba’ale’ ma’ jach ya’abe’, ti’ yaan Celestún, Hunucmá, Dzidzantún yéetel Ticul. Tu méek’tankaajil Progreso, Tixpehual, Tizimín, Tekax, Dzilam González, Hocabá, Hoctún yéetel Tekal de Venegas chéen a kantéen úuchik u t’a’anal mola’ay ti’al u ya’alal yaan ba’ax ucha’an yéetel k’áak’i’. U yalabil kaajo’ob tu petenil Yucatáne’ chéen jóop k’áak’ ka’atéen wa óoxtéen ti’ lalaj jump’éel.Máax jo’olbesik Procivye’ tu ya’alaje’ “k’a’anan ma’ u tuklik máax wa ts’o’ok u yáax t’aan wa máax ti’al u ya’alik yaan k’áak’ joopol wa tu’ux. Kex ba’al ti’ ka k’a’amak ka’atéen wa óoxtéen t’aan yóok’lal jump’éelili’ tu’uxe’”.
Yóok’lal ooxol táan u beetike’, u éestadistiikas le jach ka’anal yanchajo’obe’, k’uch tak 44°C tu ja’abilo’ob 2010 yéetel 2011 tu kaajil Peto, yéetel ti’ le ja’abil 2023a’, u jach ka’analile’ k’ucha’an tak 40°C tu baantail Conkal yéetel Ticul; tu paache’ leti’e’ tu’ux u’uya’ab 39°c , Muna, Oxkutzcab yéetel Chocholá.Tu kaajil Jo’e’, u’uya’ab u jach ka’analil le ooxolo’, 38.3, je’el bix suuka’anile’, ba’ale’ ma’ píitmáan ti’ le ts’o’ok u yáax yantal ti’ uláak’ ja’abo’ob.
"
U kaajil Ciudad del Carmene’ leti’e’ yáax tu’ux ku kíinsikubáaj máak tu péetlu’ujmil Kaanpech,05/04/2023,"Ciudad del Carmene’ leti’e’ yaax kaaj tu’ux maas ya’ab u kíinsikubáaj máak ti’ u lu’umil Kaanpech, tumen ti’ u yáax óop’éel winalo’ob le ja’aba’, 12 ti’ le 23 u túul máax ojéela’an tu beetaj le je’elo’, úuch ti’ le kaajo’, beey a’alab tumen José Manuel Sánchez Bonilla, máax jo’olbesik Centro de Integración Juvenil de Carmen. Leti’e’ tu ya’alaje’ ya’abach ti’ le máaxo’ob tu kíinsajubáajo’obe’ yaan wa ba’ax ma’ jach no’oja’an tu tuukulo’obi’, ku ts’u’uts’iko’ob wa ku yuk’iko’ob wa ba’ax, le beetike’ talam u píitjolta’al talamilo’ob.Beey túuno’, tu ya’alaje’ ku tukultik ya’abach máax tu kíinsubáaj Carmen ti’ le ts’o’ok u yáalkab ti’ u ja’abil 2023a’, úuch tumen ya’abach máake’ lúuba’an u yóol úuchik u jach chi’ichnaktal, tumen yaan máax ma’ tu yóotaji’, yaan máax kíim ti’ob, ma’ béeychajo’ob ti’ le xooko’ wa ti’ le meyajo’, wa yaan ba’ax ma’ uts tu yotocho’obi’.  
Kex beyo’, tu ya’alaje’, ma’ chéen leti’ beetik u kíinsikubáaj máak, ba’ale’ “leti’ jóopsik” k’áak’ bíin u beet u wáak’al ba’al tu paachil k’iin.“U kíinsikubáaj máake’ ku páajtal u kaláanta’al ma’ u yúuchul, tumen máaxo’ob beetike’ ku chíikbesiko’ob kéen u tukulto’ob: ku jelpajal bix u janalo’ob, ma’ tu yóotiko’ob táakpajal ti’ k’iimbesajo’ob, ku jach ts’u’uts’iko’ob droogáas, ku jach p’atikubáajo’ob, ku jelbesik bix u weenelo’ob, ku p’áatal beey mina’an u muuk’o’ob wa ku p’áatal ma’ uts tu yicho’ob ba’ax suuka’an ka’achij”, tu ya’alaj.Wa táankelemo’obe’, u sajbe’entsil u kíinsikubáaj máake’ ku yantal tumen ku yu’ubiko’ob yaan ya’abach talamo’ob ku máansiko’ob tu yotocho’ob wa tu najilo’ob xook, beyxan kéen séeb k’e’exek ba’al tu kuxtalo’ob, u yantal k’eexilo’ob tu wíinkilalo’ob, u p’a’astalo’ob tu najil xook yéetel uláak’ ba’alo’ob yaan ba’al u yil yéetel ba’ax uts tu yicho’ob. Yaan máake’, ku yáax tuklik bix ken u kíinsubáaj, “ku chíikpajal tumen ku jach tsikbaltik bix u yúuchul kéen u kíinsubáaj máak, beyxan u t’aan uts yóok’lal wa u jach k’a’abéetkunsa’al ts’aak”.Tu ya’alaje’, u láak’o’ob máax ku tukultik u kíinsikubáaje’, unaj u jach ilko’ob wa yaan ba’ax chíikbesik u tuukulil ba’ax kun beetbile’, yéetel u kaxta’al áantaj ti’al u yila’al ma’ u beeta’al yéetel u ch’éenel u yúuchul le nojoch talamila’.
"
Mix bik’in tin tukultaj wa je’el u yúuchul ba’al beya’: Trump; tu ts’a’abal u kuuch yóok’lal 34 si’ipil ba’al,05/04/2023,"Máax beet u jala’achil Estados Unidose’ tu ya’alaje’ mina’an u si’ipil úuchik bin u bo’otik juntúul x-aktris poorno, Storny Daniels, ka’alikil táan u k’a’aytikubáaj ti’al u náajaltik yéeytambal tu ja’abil 2016, ti’al ma’ u ya’alal tumen le ko’olelo’ yaan ba’al u yilo’ob. Ayik’al wíinike’ ook tu kúuchil jusgaadóo óoli’ láas 14:30 tu yoorail le noj lu’umo’ (12.30 tu yoorail México) tu’ux chíikpaj ma’ ki’imak u yóoli’ yéetel ma’ k’axa’an u k’abi’.
"
Ts’o’ok u líik’sa’al tuláakal ba’ax k’a’abéet ti’al u Viacrucis Acanceh le viernes ku taala’,06/04/2023,"Ti’ Andrés Medina k’ubéenta’an ka u beet u Jesúsil,  waxaktéen ken u beet ichil u ye’esajil Semana Santa ku beeta’al tu kaajil Acanceh. Le je’ela’, u asab nojoch e’esajil suuka’an u beeta’al tu nojol-lak’inil México, tumen te’e ja’aba’ ku chukik 43 u téenal u beeta’al.Ts’o’ok óoxtéen u beetik jach de éen biiboyl yéetel kantéen ti’ Internet úuchik u yantal le pak’be’en k’oja’ano’. Ken u chuk u chúumuk k’iinil le viernes 7 ti’ abrila’ yaan u ka’a beetik.E’esajile’ táan u meyajta’al tumen u múuch’kabil Renacimiento, yéetel yaan u ch’a’ajolta’al u beeta’al tu jo’oloj óoxp’éel ja’ab ma’ beeta’ak je’ex ka’achij, tumen suuka’an u máan tu k’íiwikil le kajo’, tu bak’pachil paarkée yéetel u beeta’al krúusifixione’ ti’ ku yúuchul ka’ach aktáan u yúuchben múulil Mascarones, tu tsikbaltaj.Le ja’ab máaniko’, tu tsikbaltaj, le e’esajila’ beeta’ab chúumuk beeta’ab ti’al u cha’anta’al tumen kaaj, ba’ale’ ma’ beeta’ab u “je’elilo’ob” je’ex ka’ache’, tumen chéen ti’ j-úuch tu táankabil le najil k’ujo’.
U xíimbalil le e’esajil suuka’an u beeta’al ka’ach ma’ yanak pak’be’en k’oja’ane’, ku náachtal kilomeetróo y meedyo. 
Andrés Medina tu ya’alaje’ ma’ u tukultmaj ka’ach u ka’a beetik u Jesúsil, tumen tu tuklaje’ u “‘kuben t’aane’” ti’al u beetike’, tu ts’o’oksaj le ja’ab máaniko’. “Ba’ale’ yaan in beetik ti’al in wáantik múuch’il beetik, ti’al ka béeyak le e’esajila’. Jach in k’áat ka jóok’ok tu beel”, tu tsikbaltaj. Ka’ach ma’ yanak pak’be’en k’oja’ane’, tu k’a’ajsaj, ku yantal ichil 7 mil yéetel 8 mil u túul máax ku jóok’ol u láak’int u bejil Viernes Santo, tu kaajil Acanceh. Walkil jump’éel ja’aba’, ma’ jach péektsilta’abij, ba’ale’ maanal 3 mil máako’ob k’uchij.  “Te’e ja’aba’ táan kpáa’tik ka yanak le jaytúul máak yaan ka’ach ma’ili’ k’uchuk pak’be’en k’oja’an”, tu ya’alaj.
"
Táan u meyajta’al u kúuchilo’ob ti’al u kaláanta’al u ye’el áak Riviera Maya; táan u náats’al u k’iinil,06/04/2023,"U múuch’kabil Flora, Fauna y Cultura ts’o’ok u káajsik u meyajt u kúuchilo’ob ti’al u kaláanta’al áako’ob. Le je’elo’oba’ ti’ ku yantalo’ob ti’ 14 u p’éel u jáal ja’ilo’ob Tulum yéetel Solidaridad, tumen táan u náats’al u k’iinil u ye’el le ba’alchae’a’ ti’ u ja’abil 2023a’. 
Leonel Gómez Nieto, máax jo’olbesik u nu’ukbesajil ti’al u kaláanta’al áak Riviera Maya, ichil u múuch’kabil Flora, Fauna y Cultura de México, tu ya’alaje’ ti’al u k’iinil 15 ti’ abrile’ unaj láaj ts’o’oksa’al kúuchilo’ob ti’al u kaláanta’al yéetel ts’aatáanta’al u áako’ob yéetel u k’u’ob. U k’iinil u káajal u chíikpajalo’obe’ ku káajal abril yéetel ku ts’o’okol noviembre.
Tu tsikbaltaje’, jáal ja’ tu’ux táan u meyajo’obe’, leti’ le je’elo’oba’: Canaquehui, Punta Venado yéetel Paamul, tu méek’tankaajil Solidaridad; beyxan Aventuras DIF, Chemuyil, Xcacel-Xcacelito, Xel-Há, Punta Cadena, Tankah, Kanzul, Capechén, Lirios Balancín, Punta Yuyum yéetel San Juan, tu méek’tankajail Tulum.
"
U ch’íich’il ja’: Charrán de Sandwich,06/04/2023,"Ch’íich’ k’aaba’inta’an Charrán de Sandwiche’ juntúul ba’alche’ suuk u yila’al tu jáal ja’ilo’ob Ciudad del Carmen, chowak u koj yéetel séeba’an u péek’, ba’ale’ sajbe’entsil yanik u ch’éejel yóok’lal wíinik ku seten máan tu’ux ku ye’el.Thalasseus sandvicensism, u sietntiifikoil k’aaba’. Tu yóok’kabil u wíinkilale’ óol samal boox u boonil yéetel kaabale’, sak. U p’o’ote’, boox yéetel ku boox t’o’olchajal ti’al u k’iinilo’ob ke’elil, yéetel u koje’ ku k’aank’antal tu puuntail.  
Jacqueline May Díaz, máax beetik u k’a’aytajil u múuch’kabil Desarrollo y Medio Ambiente, A.C., tu tsolaj le ch’íich’a’, ku luk’ul ti’ u jáail ja’ilo’ob yaan tu xamanil Florida ti’al u k’uchulo’ob tak Golfo de México, tu jáal ja’ilo’ob Ciudad del Carmen, tu’ux ku máansik jun jaats k’iino’ob.Tu tsolaje’, juntúul charráne’ je’el u p’isik ichil 37 yéetel 43 cms u chowakil; kéen u xit u xiik’e’, je’el u náakal tak ichil 85 yéetel 97 cms.Xbiologáa Yanec Jiménez Ruiz tu ya’alaje’ ku yantal u mejenil le ch’íich’o’oba’ichil u yáax óoxp’éel wa kamp’éel ja’abil u kuxtal. 
"
Ts’o’ok u chu’upul u 85 por siientoil otelilo’ob tu xamanil Quintana Roo  ,10/04/2023,"Walkila’, yéetel le beyka’aj máak ts’o’ok u kóojol te’e péetlu’umo’ yóok’lal u k’iinilo’ob Semana Santae’, ila’ab ts’o’ok u k’a’abéetkunsa’al kex u 85  por siientoil otelo’ob yaan tu xamanil le péetlu’umo’. Ichil tsoolts’íib ku jóok’sa’al sáansamal tumen u múuch’kabil Asociación de Hoteles de Cancún, Puerto Morelos & Isla Mujeres, chíikpaj tu kaajil Cancúne’ k’a’abéetkunsa’an u 85.4 por siientoil; Puerto Morelos meyajnaja’an u 75.7 por siientoil yéetel Isla Mujeres maanal ti’ 86.9 por siientoil.Ka’alikile’, tu kúuchil Aeropuerto Internacional de Cancún xoka’an sáansamale’ yaan kex 580 u p’éel óoperasyono’ob. Ti’ le ts’ook semanaso’obo’, ila’ane’ jach tu beel u jáayal yéetel u líik’il abyono’ob, le beetik xane’ chíikpaj ka’anchaj 16.9 por siientoil le beyka’aj máak ku k’a’abéetkunsik le je’ela’ ti’al u winalil marzo. Ts’o’okole’ wa ku ke’etel yéetel láayli’ te’e k’iino’oba’ ba’ale’ tu ja’abil 2022e’, ya’abchaji tumen chéen yanchaj 784 mil 985 u p’éel óoperasyoono’ob, ba’ale’ te’e ja’aba’ yanchaj  917 mil 858 u p’éelal. Le je’ela’ ku ye’esik ka’anchaj ti’ jump’éel ja’abe’, 24.75 ti’ le beyka’aj máax máan ti’ péepen k’áak’.
Ichil tsoolts’íib jóok’sa’ab tumen Grupo Aeroportuario del Sureste, máax ku meyaj México, Estados Unidos yéetel Colombia, tu winalil marzo ti’ u ja’abil 2023e’ xoka’an 6.1 miyonesil páasajeros, ts’o’okole’ le je’ela’ tu chíikbesaj ka’anchaj 6.7 por siientoil keetel yéetel le yanchaj marzo ti’ u ja’abil 2022.
“Ya’abchaj máaxo’ob k’a’abéetkunsik péepen k’áak’ tu lu’umil México 11.8 por siientoil; 9.3 por siientoil tu lu’umil Puerto Rico, yéetel Colombiae’ éem 9.1 por siientoil. U ya’abtal páasajeros México yéetel Puerto Ricoe’ ya’abkunsa’ab u ya’abil tumen domeestikóo jaatsil 20.1 por siientoil  yéetel 6.4 por siientoil, beyxan íinternasyonaal traafikoe’ ka’anchaj 6.2 por siientoil yéetel 47.9 por siientoil”, a’alab tumen Asur. 
Beey túuno’, otelo’obe’ táan u páa’tiko’ob ka jach chu’upuk kúuchilo’ob te’e k’iino’ob ku taala’, tumen yaan uláak’ máako’ob kun k’uchulo’ob chéen ti’ káarreteráa.
"
Táan u ts’aatáanta’al ba’ax ku k’áatik éejidatario’ob ti’al u xu’ulul u k’askúunta’al u k’áaxil 5 de Febrero,10/04/2023,"Tu jo’oloj ukp’éel múuch’tambal beeta’ab ti’al u tak polta’al yaan máaxo’ob ch’akik che’ob ti’al u meyajta’al chúuk tu k’áax u éejidoil 5 de Febrero, tu méek’tankaajil Champotón, yanchaj u beeta’al xíimbal meyajil ti’al u xak’alta’al, u yila’al tu’ux yaan yéetel u luk’sa’al u oornosil tu’ux ku beeta’al chúuk, tu jóok’bal u kaajil Laguna Gtande, jump’éel kaaj tu’ux yaan talamilo’ob yéetel u éejidoil Champotón, tumen ti’ ku seen beeta’al chúuki’.U éejidatarioilo’ob 5 de Febrero táan u táakpajalo’ob ti’ xaak’al ku beeta’ale’, tu tsikbaltajo’ob ti’ La Jornada Mayae’, yaan kex 250 u túul máak kun táakpajali’, tumen yaan u yáantaj u máakilo’ob Comisión Nacional Forestal (Conafor), yaan kex 70 u meyajnáalilo’ob Secretaría de Defensa Nacional (Sedena), yéetel kex 60 ti’al Guardia Nacional (GN).
"
"Waxaktúul máak jsaatal úuchik u níikil jump’éel kúuchil, tu kaajil Marsella, Francia",10/04/2023,"Tak walkila’ ma’ ojéela’an ba’ax beet u wáak’al le ba’ax beet u nikchajal le kúuchilo’. “Peritoe’ ma’ béeyak u yokol tak te’e kúuchilo’ tumen sajbe’entsil u beeta’al ikil ma’ jéets’ek ba’ali’. Láayli’ yaan tu’ux jach táaj chokoj ba’ali’”, tu tsolaj xfiskaal Dominique Laurens.
"
Táan u xíimbal u meyajilo’ob u jaats bejil 4 Tren Maya,11/04/2023,"Féederal jo’olpóopo’obe’ tu ts’áajo’ob k’ajóoltbil le lunes máanika’, bix yanik meyajo’ob táan u taal u beeta’al tu jaats bejil 4 ti’ le Tren Mayao’, beyxan tu tsikbalto’ob ka’ap’éel túumben k’áax táan u tukulta’al u súutul Áreas Naturales Protegidas (ANP) -San Mateo, tu kaajil Kaua, yéetel Tixcacal Quintero, tu méek’tankaajil Huhí-, uláak’ ba’ax tsikbalta’abe’ leti’e’ otel ku líik’sa’al naats’ ti’ u yúuchben kaajil Chichén Itzá.U jaats bejil 4 Tren Mayae’ ku káajal tu kaajil Izamal tak Cancún, yéetel ku p’isik 239 kiloometróos. Ku máan ti’ bolonp’éel méek’tankaajo’ob, 17 u p’éel u kaajilo’ob Yucatán yéetel Quintana Roo. Yaan óoxp’éel u éestasyonilo’ob: Chichén Itzá, Saki’ yéetel u áaeropuertoil Cancún.Beey túuno’, tu súutukil beeta’ab tsikbalil ichil u ja’atskab tse’ekil u jala’achil u noj lu’umil México, a’alabe’ tu éestasyonil Cancúne’ táan u beeta’al jump’éel táayer-kocheeráa ti’al chimes k’áak’, wa treeno’ob; ti’ le táan u beeta’al tu kaajil Saki’o’ táan u beeta’al jump’éel baasée ti’al u ts’a’abal máantenimiento ti’ le bejo’obo’.
Ichil u jaats bejil 4 Tren Mayae’ ts’oka’an u meyajta’al 200 kiloometrosil bej; beyxan chúuka’an u 100 por siinetoil rieel k’a’abéet, chúuka’an u 90 por siientoil le durmieentes k’a’abéeto’, yéetel u 80 por siientoil balaastróo k’a’abéet. María Luisa Albores, máax jo’olbesik Secretaría de Medio Ambiente y Recursos Naturales (Semarnat), tu tsikbaltaje’, yéetel k’áax ku tukulta’al u su’utul Áreas Naturales Protegidas de Yucatán táan u tukulta’al u táakbesa’al Reserva de la Biósfera Ría Lagartos.IK’áaxo’ob k’uba’an ti’al u kaláanta’ale’, jeets’elo’ob tu’ux naats’ yanik kaaj, yéetel yaan kamp’éel tu lu’umil Yucatánl: El Zapotal (Tizimín), Centro de Educación Ambiental (Temozón), Ha’Bin ( Uayma) yéetel Kitam (Dzitas yéetel Tinum).“Wa ka mu’uch’uko’obe’, tu lu’umil Yucatán ku chúukpajal 2 mil 509 u eektaareasil k’áax kaláanta’an; yéetel tu lu’umil Quintana Roo, tukulta’an xan u ts’a’abal uláak’ óoxp’éel k’áaxo’ob ti’al u kaláanta’al”, tu tsikbaltaj. Leti’ xane’ tu ya’alaje’, yaan ka’ap’éel k’áax ku tukulta’al u je’ets’el beey túumben Áreas Destinadas Voluntariamente a la Conservación (ADVC) yéetel ti’ yano’ob Yucatán: San Mateo, Kaua, yéetel Tixcacal Quintero, Huhí.Ka’alikile’, u mola’ayil Secretaría de la Defensa Nacional (Sedena) táan u meyaj ti’al u beeta’al u otelil Tren Maya, naats’ Chichén Itzá, táan u líik’sa’al ti’ jump’éel k’áax ku p’isik 19 eektareas.
"
Guardia Nacionale’ tu je’elsaj 49 u túul haitiilo’ob ti’ yano’ob ka’ach tu kaajil Cancún,11/04/2023,"U meyajnáalilo’ob Guardia Nacionale’ (GN) tu machajo’ob le domingo máanika’, 49 u túul máako’ob síijo’ob tu lu’umil Haití, máaxo’ob na’akano’ob ka’ach ti’ jump’éel kamyon, ba’ale’ mina’an u ju’unilo’ob u ye’esko’ob laj uts yanik ti’al u béeytal u yantalo’ob tu lu’umil México. Yóok’lal le je’ela’, u mola’ayil Secretaría de Seguridad Pública de Quintana Roo tu ts’áaj k’ajóoltbile’ táan u múul meyaj yéetel u lu’umil Belice ti’al ka xu’ulsa’ak ba’ax ku k’aaba’tik tráfico de personas.
Ka’alikil beeta’ab u nu’ukbesajil Recorrido de Seguridad y Vigilancia, u ajmeyajilo’ob GNe’ tu yilajo’ob jelekbal le áautobuso’ ti’ jump’éel gáasolineráa yaan tu kilomeetroil 342 ti’ u noj bejil Reforma Agraria-Puerto Juárez, tu’ux j-éem ya’abach máaki’. Beey túuno’, k’áatchibta’ab máax biinsik le kamiono’, máax tu ya’alaje’ Omar García Morales u k’aaba’, 28 u ja’abil yéetel u kaajale’ Comitán, Chiapas; láak’inta’an tumen u yéet meyaj Antonio Rodriguez Ake, máax yaan 51 u ja’abil yéetel siijil Ciudad de México. García Moralese’ tu ya’alaje’, leti’ yéetel le máaxo’ob ku biinsik, siijilo’ob tu lu’umil Haitíe’, táan ka’ach u bino’ob tak tu Cancún yéetel ti’ luk’o’ob tu péetlu’umil Chiapas.
Le beetike’, k’áata’ab ti’ob u ju’unilo’ob chéen ba’axe’ ka’aj ila’ab mina’an mix jump’éel ti’al u ye’esiko’ob no’oja’an yaniko’ob tu noj lu’umil Méxicoe’, yanchaj u biinsa’alo’ob tu táan u mola’ayil migrasyoon.Ti’ tse’ek beeta’ab le lunes máanika’, u meyajnáalil Seguridad Pública de Quintana Roo, Rubén Oyarvide, tu tsikbaltaje’ táan u mu’uk’ankúunsa’al múul meyaj yéetel Belice ti’al u k’ajóolta’al tuláakal bejo’ob tu’ux ku k’áatmáansa’al wíinik mina’an u ju’uno’ob.“Walkila’ táan u yúuchul meyaj ti’al u yila’al máaxo’ob yaan ba’al  u yil yéetel u k’áatmáansa’al máak, beyxan bix u beeta’al, ti’al beyo’ u ts’aatáanta’al tak pool beeta’an, tumen chéen ja’alil je’el u je’elsa’al le ba’ax ku beeta’ala’”, tsikbaltab. Beey túuno’, yéetel le máako’ob táant u ma’achalo’oba’ táan u beeta’al múul meyaj ichil Fiscalía General del Estado yéetel Instituto Nacional de Migración.
Ti’ le beyka’aj ts’o’ok u yáalkab ti’ le 2023a’, ts’’o’ok maanal 600 u túul táanxel kajil máako’ob je’elsan tu péetlu’umil Quintana Roo, tu tsikbaltaj García Morales.
"
Jets’a’ab u kieebrail Interjet tu jo’oloj 8 winalo’ob oksa’ak ti’ merkantiil xaak’al ,11/04/2023,"U jusgaadoil Segundo de Distrito en Materia de Concursos Mercantiles, tu túuxtaj a’albile’ ma’ tu ka’a líik’il u mola’ayil ABC Aerolíneas (Interjet), jch’éen u meyaj tu winalil diciembre ti’ u ja’abil 2022. Juees Saúl Martínez Lira, tu jets’aj jo’op’éel k’iino’ob ti’al ka ka’a je’ets’ek tumen Instituto Federal de Especialistas de Concursos Mercantiles máax u kóonsiliadooril kun beetik u siindikoil wa ma’e’ ti’al u jets’ik u jeel.
"
Kon janal ti’ kúuchilo’obe’ ma’ táan u tselko’ob jayp’éel ba’ax ku koniko’ob kex jach táan u ko’ojtal ba’al,12/04/2023,"Tumen yaan jejeláas ba’alo’ob táan u ko’ojtale’, yaan tu’uxe’ ku k’e’exel le beyka’aj ku tojoltik u ma’anal ba’alo’ob ku jaanta’al yéetel ku yu’uk’ul, le beetike’ t’aanaj máax jo’olbesik Cámara Nacional de la Industria de Restaurantes y Alimentos Condimentados (Canirac), Rodrigo Bojórquez, ti’al u ya’alike’ ma’ táan u ko’ojkíinsa’al u tojol le ba’ax ku ko’onol ti’ le kúuchilo’ob janale’ tumen u ko’ojta’al ba’ale’ chéen jayp’éel k’iino’ob ku yúuchul, je’el bix le táan u yúuchul walkila’ yéetel le limono’.Beey túuno’, tu ya’alaje’ tuláakal kúuchilo’ob janal wa mola’ayo’ob jets’ik bix kéen u beet ba’al ti’al u ts’aatáantik le ba’ax ku yúuchula’, ba’ale’ tak walkila’ ma’ éejenta’an wa yaan u ko’ojkíinsa’al ba’al ti’al máax ku bin janal ti’ le kúuchilo’obo’, ma’ tukulta’an wa k’a’abéet u beeta’ali’.
"
Ts’o’ok u káajal u jaats k’iinil u ye’el u áakilo’ob k’áak’náab tu lu’umil Yucatán,12/04/2023,"U jaats k’iinil u ye’el áake’ káaj tu yáax k’iinil abril, yéetel yaan u ts’o’okol tak tu winalil octubre, tu jáal ja’ilo’ob u petenil Yucatán. Yóok’lale’, máax jo’olbesik u nu’ukbesajil Programa para la Conservación de la Tortuga Marina, ti’ u mola’ayil Pronatura tu lu’umil Yucatáne’, Melania López Castro, tu tsikbaltaj jayp’éel ba’al no’ojan ti’al le k’iino’oba’. 
Tu ya’alaje’ tu péetlu’umijl Yucatáne’ ku ye’el ka’ap’éel u jejeláasil le áaka’: Carey, ku xu’ulul u ye’el julio, yéetel le ya’ax áako’, ku káajal u ye’el mayo, ba’ale’ ku ts’o’okol tak tu ts’ook k’iinilo’ob octubre: “Beyxan yaan tsoolts’íibo’ob a’alike’ ku ye’el caguama laúd yéetel lora áak, ba’ale’ ma’ jach suuka’ani’”.Tu k’a’ajsaj xane’, yaan waxakp’éel u káampamentosil áako’ob jo’olbesa’an tumen jayp’éel mola’ayo’ob, je’el bix Conanp; la SDS; Cetmar 17; yéetel Pronatura Yucatán.
“Le múuch’kabilo’oba’ táaka’an ichi Comité para la Conservación de Tortugas Marinas del Estado de Yucatán (Coctomy)”.
Beyxan, tu ya’alaje’ táaka’an uláak’ mola’ayo’ob je’el bix Profepa; Semarnat; Sepasy; Semar; Uady; yéetel Unam.Ichil ba’ax beetik u yantal sajbe’entsil ti’al le ba’alche’oba’ tu ya’alaje’, “tuláakal u áakilo’ob k’áak’náabe’ yaan yóok’ol kaabe’ sajbe’entsil yanik u ch’éejelo’ob. Le wakp’éel jejeláasil yaan ichil tuláakal u noj lu’umil Méxicoe’ táakbesa’an ichil NOM. 059”.
Coctomye’, tu ya’alaj, káaj u meyaj tu ja’abil 1990 ti’al u kaláantik áak, ba’ale’ ts’o’ok u k’éexel ba’ax beetik u yantal sajbe’entsil ti’al u kuxtal le ba’alche’oba’. “Ka’aj káaj kmeyaje’, yáax ba’ax beetik k’aas ti’obe’ leti’ u seen ko’onol u ye’el yéetel u xch’upul ba’alche’il. Ba’ale’ ts’o’ok u bin u k’éexel walkila’”, tu ya’alaj.Walkila’, sajbe’entsile’ ku yantal tumen jáal ja’ tu’ux ku ye’elo’obe’ ku péeksa’al ti’al u beeta’al najo’ob wa kúuchilo’ob chéen mina’an u tsoolil; u seen pula’al plaasktikóos; u táaxtal jáal ja’ob; yéetel u ch’a’abal le áako’ob kex tak ma’ ya’abi’.
Tu jáal ja’ilo’ob Yucatáne’, tu ya’alaj López Castroe’, áake’ suuka’an u ye’el tu’ux ku beeta’al le seten najo’obo’. U 90 por siientoil k’u’ob ojéela’an yaan tumen Pronatura, ila’ane’ ti’ u beetmajo’obi’. Ts’o’okole’ uláak’ ba’al talamkúunsik u ye’elo’obe’, tumen ku núupul yéetel u k’iinilo’ob je’elil.Le beetike’, tu k’áat óoltaj ti’al máaxo’ob ku bin jáal ja’e’, ma’ u seen t’a’abal sáasili’, ti’al ma’ u ju’ulul tu’ux ku yantalo’ob, tumen beyo’ ku sa’atal u mejenil kéen toop’ok; beyxan ma’ u seen máansa’al aaltak kiis buuts’o’obi’ tumen u 90 por siientoil k’u’obe’ ti’ ku beeta’al tumenáako’obi’, ba’ale’ sajbe’entisl u pe’ech’elo’obi’, ts’o’okole’ kéen tóop’ok u mejenilo’obe’ suuka’an u jóok’olo’ob de áak’ab”.
"
"Lou López Senechal, yáax xmexikoil k’uch WNBA Draft",12/04/2023,"U múuch’báaxal ko’olel báalonseesto, Dallas Wings, tu t’anaj yiknal máax ku kanan ichil múuch’il UConn, máax táakbesa’an ichil u Draft 2023il le WNBA (Women’s National Basketball Association). “Jach beey ma’ jaaje’, u jaajile’ mix bik’in tin tukultaj in náakal tak weye’”, tu ya’alaj Senechal.
"
Calicae’ ma’ táan u yóotik ka yanak mokt’aan yéetel u jala’achil u noj lu’umil México: AMLO,12/04/2023,"U mola’ayil Sactun, k’ajóolta’an xan yéetel u k’aaba’ Calica, méek’a’an tumen u  estadounidenseil mola’ay Vulcan Materials Company, yéetel ku meyaj Riviera Maya, tu xamanil Playa del Carmene’, ma’ táan u yóotik ka yanak mokt’aan yéetel u jala’achil u noj lu’umil México, beey a’alab tumen jala’ach Andrés Manuel López Obrador, ti’ u ja’atskab k’iinil tse’ek tu beetaj le miércoles máanika’.“Jach suuka’an ka’ach u t’aano’ob yéetel Julia Carabias… tak k-a’alaj ti’ob… ko’one’ex jets’ik kt’aan, je’el k-áantike’ex ti’al a meyaje’ex ba’ale’ tu’ux ma’ u seen k’askúunsa’al yóok’ol kaab, ti’al k-k’exik bix u beeta’al le meyajo’”, tu ya’alaj jala’ach.Uláak’ ba’ax a’alab ti’obe’, je’el ka’ach u ma’anal k’áaxo’ob, ku p’isik maanal 2 mil 500 ektaareas, tu’ux yaan chak te’ob, k’áax yéetel lu’um ti’al u jóok’sa’al máateryal, ti’al beyo’, kéen ts’o’okoke’, u k’a’alal k’áax ti’al u kaláanta’al. “Ma’ tu yóotajo’obi’... kaaje’ ma’ táan u cha’ak u láaj k’askúunta’al le ki’ichkelem lu’umo’”; tu ya’alaj López Obrador.Tu tsikbaltaj mola’aye’, ts’o’ok u k’amik t’aan tak ti’ Estados Unidos, tumen ti’ yaan u chuuni’, yóok’lal le k’aasil táan u beetik ti’ yóok’ol kaab.U kúuchilo’ob Sactune’ láayli’ k’ala’antak tumen Procuraduría Federal de Protección al Medio Ambiente (Profepa), lik’ul le ja’ab máaniko’. Mola’ay túune’, tu yoksaj juriidikóo ba’alo’ob tu lu’umil Quintana Roo ti’al u béeytal u meyaj tuka’atéen, ba’ale’ ma’ meyajnajo’obi’.Tu winalil marzo máaniko’, yanchaj jela’an tuukul yéetel u séementerail Cemex, ikil táan u k’a’abéetkunsiko’ob u k’áak’náabil Punta Venado, le beetike’, te’e k’iino’oba’ yanchaj xan u tse’elel meyaj ti’ob yóok’lal junjaats k’iino’ob, ka’alikil u beeta’al u juusyoil Cemexe’, Sactune’ ma’ táan u béeytal u jóok’sa’al te’e mueeyeo’, tu’ux ku jóok’sik sajkab yéetel tuunich ku túuxtik tak Estados Unidos ka’achij.
"
U nu’ukbesajil Sembrando Vidae’ yaan u káajal u konik k’uxub ti’ u mola’ayil La Anita,13/04/2023,"Yéetel u féederal nu’ukbesajil Sembrando Vida, u kolnáalilo’ob u noojol-lak’inil Méxicoe’ yaan u béeytal u konik u pak’al k’uxub ti’ mola’ayob je’el bix La Anita, tu tsolaj súubsekreetario Paulín Hernández.U tuukulil nu’ukbesaj ku beetta’ale’, leti’ u béeytal u yantal utsil paak’áalo’ob ti’al beyo’, kéen úuchuk jooche’, u béeytal u ko’onol ba’ax ku ko’olol ti’ nojoch mola’ayo’ob, ti’al beyo’ u k’uchul tak tu k’ab máax ku maan.  
Le je’ela’, jump’éel ba’ax tsikbalta’ab ti’ jump’éel múuch’tambal meyaj beeta’ab, tu’ux táakpaj u súubsekretarioil Nacional de Inclusión Productiva y Desarrollo Rural ti’ u mola’ayil Secretaría del Bienestar, Raúl Paulín Hernández; u déelegadoil Gobierno Federal ti’ u lu’umil Yucatán, Joaquín Díaz Mena, yéetel máaxo’ob jo’olbesik u mola’ayil La Anita Condimentos y Salsas S.A. de C.V., Francisco Ávila Heredia beyxan Ali Charruf Álvarez.
Lee: Sembrando Vida venderá cosecha de achiote a empresa yucateca La Anita
Te’e súutuko’ a’alabe’, yéetel le 26 miyoonesil kúulul k’uxub pak’a’an ti’ u kamp’éel jatsk’áabo’ob Kaanpech, Chiapas, Yucatán yéetel Quintana Rooe’, ku tukulta’al te’e ja’aba’ yaan u jocha’al kex 90 tóoneladasil k’uxub.
Joaquín Díaz Mena tu ya’alaje’, yéetel nu’ukbesaje’ ku kaxta’al ka meyajta’ak le koolo’, tumen ku bo’otal kolnáalo’ob u ti’al; ku ts’a’abal ti’ob 6 mil pesos lalaj winal ti’al u kaláanta’al 2.5 u eektaareasil k’áax. Beyo’, ku kaxta’al u p’áatal máak tu káajal, ti’al ma’ u yantal u bin u kaxt meyaj táanxel tu’ux.Te’e súutuko’, táakpaj máaxo’ob jo’olbesik meyaj ti’ u jaats k’áaxilo’ob Sembrando Vida tu péetlu’umil Kaanpech, Marcelo Contreras Roldán; Chiapas, Julio Jesus Montiel; Tabasco, Reynol Chamec; yéetel Yucatán beyxan Quintana Rooe’ Adrian Flores Heredia.
"
"U tsoolk’aaba’ máax yaan u p’aax ti’al u tséenta’al u paalale’, jump’éel meyaj ts’o’ok u káajsa’al Yucatán",14/04/2023,"Tu péetlu’umil Yucatáne’, lik’ul le 12 ti’ agosto ti’ u ja’abil 2022e’, u noj ju’unil Constitución Política del Estado de Yucatán tu jets’aj u káajal u chíimpolta’al a’almajt’aan ku k’aaba’tik 3 de 3, ti’al u kaxta’al ka xu’uluk loobilaj ku yantal te’e lu’uma’, tumen ts’o’ok tak u táakbesa’al ichil Diario Oficial del Estado; le beetike’ yanchaj u beeta’al u ts’oolk’aaba’ máax yaan u p’aax ti’al u tséentik u paalal, ti’al ma’ u ts’a’abal mix jump’éel u puublikóo meyaj ti’ob.
Walkila’, Fiscalía General del Estado de Yucatán (FGE) ts’o’ok u meyajtik Registro de Deudores Alimentarios Morosos del Estado de Yucatán, tu’ux ku béeytal u k’áata’al u ju’unil Certificado de Adeudo de Obligaciones Alimentarias.
Le je’ela’ ku béeytal u k’áata’al ti’ jump’éel moodulóo ts’a’aban tu kúuchil FGE —tu baantail chik’in péeriferiikóo— lik’ul láas 8 ja’atskab k’iin tak láas 3 tu taal u chíinil k’iin, lunes tak viernes. Ti’al u jóok’sa’al le ju’uno’, k’a’abéet u ye’esa’al kréedensyaal ti’al botaar, páasaportée láayli’ u meyaje’, kastiiya míilitaar, seedula próofesyonal wa míigratoryo ju’un jóok’sa’al tumen mola’ay beetik, wa tumen táanxel kajil máax k’áatik- (tuláakal k’a’abéet u óorijinaalil yéetel jump’éel u yoochel), beyxan u chu’upul jump’éel sóolisituud.
Beey túuno’, unaj u k’u’ubul ju’un tu jo’oloj óoxp’éel k’iin k’áata’ak, beyxan ku páajtal u xak’alta’al tu kúuchil web FGE (www.fge.yucatan.gob.mx) jach bix yanik u k’aaba’ máax yaan u p’aax, chéen yéetel Clave Única de Registro de Población (CURP) le máax ku kaxta’alo’, ba’ale’ ma’ táan u béeyta’al u yéensa’al mix jump’éel ju’uni’.
Wa tumen táaka’an u k’aaba’ máak te’e tsoolts’íibo’, ma’ tun béeytal u k’áatik wa u túumbenkúunsik u liseensyail u máanejar, mix xan u k’amik utsil ba’ax ku ts’áak u jala’achil u noj lu’umil Yucatán.
Beyxan, Senado de la República tu mu’uk’ankúunsaj ba’ax káajsa’abo’, le beetik tu winalil marzo máanika’, jumpuul úuchik u éejentik ka beeta’ak Registro Nacional de Obligaciones Alimentarias, ti’al u kaxta’al ka kaláanta’ak paalal yéetel táankelemo’ob, tumen u p’áatal mina’an u tojol u tséentalo’obe’ láayli’ xan loobilaje’.
Yóok’lal tuláakal le je’ela’, u múuch’kabil Marea Verde Mixteca, tu líik’saj u t’aan ti’al u ya’alike’ “k’asa’antako’on, je’el kjach beetik k’aase, ts’o’okole’ máax ma’ uts tu yiche’, ¡ja’abile’, ja’alibe’!. Leti’obe’ tu k’a’aytajo’ob táan xan u beetiko’ob u tsool k’aaba’ máax yaan u p’aax ti’al u tséenta’al u paalal..
"
Je’eban 15 u p’éel xaak’alo’ob tu kaajil Carmen ti’al u yojéelta’al wa ku loobilta’al ,14/04/2023,"Úuchik u t’aan, máax túumben p’ata’an meyaj tu kúuchil Vicefiscalía Especializada en Delitos en contra de Animales, el Ambiente y los Ecosistemas, Alexandro Brown Gantus, tu ya’alaje’ tu lu’umil Kaanpeche’ ma’ je’ets’ek mix jump’éel si’ipil yóok’ol mix máak u loobiltmaj ba’alche’, le beetik walkila’, táan u beeta’al meyajo’ob ti’al u béeytal, ba’ale’ beyxan ti’al u je’ets’el ba’ax kun úuchul yéetel le 15 u p’éel xaak’alo’ob káajsa’an yóok’lal le je’ela’.
Lela’ tu ya’alaj úuchik u jo’olbesik jump’éel múuch’tambal tu táan kaaj, tu’ux táakpaj xan máako’ob kaláantik ba’alche’ob yéetel yóok’ol kaab, beyxan u súubsekretaryoil  Seguridad y Protección Ciudadana, Julio Luna Caballo, yéetel máax jo’olbesik Vicefiscalía General Regional de Justicia, tu kaajil
Carmen, Yadira Arcos Jiménez. Beey túuno’, Brown Gantuse’ tu tsolaje’, te’e kaajo’ ts’o’ok u káajal u beeta’al múuch’o’ob ti’ le 13 méek’tankaajo’ob yaan tu kaajil Kaanpech, ti’al u péektsilta’al meyajo’ob ku beeta’al, ti’al u yojéelta’al bix kun ts’aatáantbil si’ipil kun jts’a’abil yóok’ol máax ken u beet k’aas ti’ yóok’ol kaab wa ti’ ba’alche’ob.
“Ciudad del Carmene’ leti’e’ yáax kaaj txíimbaltajo’, tumen ti’ yaan u ya’abil tak pool beeta’an ikil u loobilta’al ba’alche’ob, le je’el túuna’ ku ye’esik to’one’ loobil ku beetik kaaje’ táan xan u ya’abtal”.
Tu tsikbaltaje’, ichil Código Penal yaan te’e péetlu’umo’ jets’a’an ba’ax si’ipil ku ts’a’abal ti’ máax ku loobiltik ba’alche’, ts’o’okole’ yaan kex 15 xaak’alo’ob káajsa’an ti’al u yila’al ba’ax úuchij. 
Tu tsolaje’, tak poolo’ob beeta’ane’, ts’a’aban tumen ku loobilta’al ba’alche’, ba’ale’ beyxan tumen yaan p’ata’ani’ yéetel yaan ma’atech u tséenta’ali’, le beetike’ táan u yila’al jach bix yanik ba’al ti’al u béeytal u júudisyarlisaarta’al.
Uláak’ ba’ax tu tsikbaltaje’, te’e k’iino’oba’, jts’a’ab k’ajóoltbil yanchaj juntúul peek’ kíim úuchik u ji’ich’il u kaal tu jáalik jump’éel pisiinail mina’an u ja’il, ba’ale’ u yuumile’ tu wach’aj u k’aaxile’, ka tu yoksaj ti’ jump’éel boox bolsáa, le beetike’ talam u meyaj Fiscalía General del Estado de Campeche (FGECAM), tumen mina’an u wíinkilal le ba’alche’o’; kex beyo’ yaan oochelo’ob e’esik ba’ax úuchij, túuxta’ab tumen kaaj yéetel uláak’ máaxo’ob kaláantik ba’alche’ob. Leti’e’ táan u meyajo’ob ti’al le xaak’alo’.  
Tu ya’alaje’, ti’al u sáasilkúunsa’al ba’ax úuche’, k’a’anan u chúukbesa’al xaak’al, tumen beey jets’a’an najmal u beeta’al tumen fiskaal jéeneral, Renato Sales Heredia, le beetike’ táan u meyaj Fiscalía, yéetel uláak’ múuch’kabilo’ob kaaj, je’ex Asociación Ganadera yéetel SEMABICE.
"
"Éek’kunejil, juntúul ti’ le jach nuuktak yaan tu lu’umil México",14/04/2023,"Le kaana’, ts’a’aban u sientifikoil k’aaba’ beey Drymarchon melanurus. U k’aaba’ ich maayae’ ku ch’a’achibtik u boonil u nej, tumen óol boox, éek’kume’en. Ku tukulta’ale’, juntúul ti’ le kaano’ob asab nuuktak yaan México, tumen je’el u p’isik tak 300 sentiimetróos u chowakil. Polok le kaan beya’, ts’o’okole’ u boonile’ éek’kume’en wa boox, yéetel yaan u t’o’olil tu yáanal u yich. Suuka’an u yila’al tu noojolil Texas, Estados Unidos, yéetel tu noojolil Sonora, México, ba’ale’ k’ucha’an tak Venezuela yéetel Ecuador. Jo’op’éel u jejeláasil k’ajóolta’an tu noj lu’umil México. Ku kajtal tu’ux yaan tikin k’áax, beyxan tu’ux chokoj u yooxol. Suuk u máan ka’alikil jok’a’an k’iin yéetel ku jíiltikubáaj ti’ lu’um. Ku na’akal k’ab che’, ba’ale’ le ma’ ka’analo’ yéetel ma’ mantats’i’. Jejeláas ba’ax ku jaantik, je’el bix kay, xmeerech’, mejen áak yéetel uláak’ kaano’ob.
"
Ya’abach u meyajnáalilo’ob GN táakpaj ti’al u kaláanta’al jump’éel k’áax bak’pachta’an tu kaajil Tulum,17/04/2023,"Ikil u kaxta’al u kaláanta’al k’áax, yéetel ti’al ma’ u  yokol máak multike’, u jala’achil u noj lu’umil Méxicoe’, tu ts’áaj máax kaláantik u túumben k’áaxil Área de Protección de Flora y Fauna del Jaguar de Tulum (APFF Jaguar), tu kaajil Tulum. U ti’al u béeytale’ t’ana’ab meyaj 225 u meyajnáalilo’ob Guardia Nacional (GN), beyxan éelikopteeróos tipo Black Hawk, beey jts’a’ab k’ajóoltbil tumen Gabriel Bautista Tapia, máax beetik u kóoronel íinspektor p’ata’an u jo’olbes le múuch’il meyaja’.Ti’ le ts’ook k’iino’oba’ ts’o’ok u yila’al u xik’nal le éelikopteeroso’, tu yóok’kabil le k’áax kaláanta’ano’, ba’ale’ le je’ela’ u péeksmaj u yóol kaaj yéetel ajxíinximbalo’ob, tumen táan tak u yila’al u meyajnáalilo’ob GN, ts’o’okole’ óoli’ ya’ab le yano’ob tu joolilo’ob le k’áaxo’.Bautista Tapia tu k’a’ajsaje’, le 14 ti’ febrero máaniko’, meyajnáalo’ob yéetel le ku meyaje’ kóojo’ob tu kaajil Tulum ti’al u yokolo’ob tu kúuchil Comisión de Áreas Naturales Protegidas, tu’ux jets’a’ab bix kun meyaj u múuch’il máako’ob kaláantik APFF Jaguar. Le k’áax kaláanta’ana’ jéets’ tu winalil julio ti’ u ja’abil 2022 yéetel ku p’isik 2 mil 249 eektaareas (ha).
Tu tsikbaltaje’ ichil le tu’ux kaláanta’ano’, yaan jun jaats k’ajóolta’an beey zona de amortiguamiento, yéetel le je’elo’ ku p’isik óoli’ 282 eektaareas; ichilo’obe’ ti’ yaan u yúuchben kaajilo’ob Tulum yéetel Tankah.Uláak’ k’a’anan ba’ax tu ya’alaje’, k’áax Área Natural Protegida leti’e’ ka’ap’éel jach nojoch k’áax kaláanta’al ichil Caribe Mexicano, tu péetlu’umil Quintana Roo, yéetel leti’e’ asab sajbe’entsil yaniko’, tumen je’el u multa’al tumen mola’ayo’ob meyajtik turiismóo, yéetel cha’ano’ob te’e lu’umo’. Ti’ mola’ayo’ob je’el bix Comisión Nacional de Áreas Naturales Protegidas, Instituto Nacional de Antropología e Historia yéetel la Guardia Nacionale’ k’ubéenta’an ti’ob ka u kaláanto’ob le túumben k’áaxa’, le beetike’, te’e ts’ook winalo’oba’ ts’o’ok u beeta’al jejeláas múul meyajo’ob ti’al u beeta’al je’ex k’a’abéete’. 
"
Bejla’a’ lunese’ ch’a’ajolta’ab u ts’ook jaatsil u ja’abil xook 2022-2023 tumen xoknáalo’ob,17/04/2023,"Tu jo’oloj ka’ap’éel p’isk’iinil je’elek 529 mil 841 u túul u xookil paalalo’ob Educación Básica yéetel Media Superior ichil tuláakal u péetlu’umil Yucatáne’, bejla’a lunes u suuto’ob xook, ti’al beyo’ u ts’o’oksiko’ob u yalabil kaambal p’aatal ti’ le ja’abil xooka’ 2022-2023.Bejla’a’ 17 ti’ abrila’, paalal yéetel táankelemo’obe’ yaan u ch’a’ajoltiko’ob xook. U tuukulile’, le ja’abil kaambala’ yaan u ts’o’okol tu k’iinil 18 ti’ julio ti’al xoknáalo’ob, yéetel tu k’iinil 20e’ kun ts’o’okol ti’al ajka’ansajo’ob.U meyajnáalil u mola’ayil Educación ti’ U Jala’achil u Lu’umil Yucatán, Liborio Vidal Aguilar, tu k’a’aytaje’, j-je’el 432 mil 57 paalalo’ob ti’ u jaats xookil íinisyal, preeskolaar, primaarya yéetel séekundaryaa; yéetel uláak’ 97 mil 784 u xoknáalilo’ob báachiyeratóo. Ma’ yanchaj xook ichil u k’iinil 3 tak 14 ti’ abril, je’el bix jets’a’anil tu tsolk’iinil le xooko’.
Beyxan Vidal Aguilare’ tu ts’áaj u níib óolalil ti’ taatatsilo’ob tumen jach táan u yáantajo’ob ikil táan u ch’a’ajolta’al xook, tu jo’oloj máanak le pak’be’en k’oja’ano’, le beetik láayli’ u béeytal le kaambalo’. Uláak’ ba’ax tu chíimpoltaje’, leti’e’ meyaj ku beeta’al tumen ajka’ansajo’ob, tumen ku ts’áak u yóolo’ob yéetel ku jach péeko’ob ti’al u béeytal u yúuchul le xooko’, ti’al u yutsil paalal yéetel táankelemo’ob yaan tu lu’umil Yucatán.Beey túuno’, kex táan u ch’a’ajolta’al le xooko’, láayli’ yaan uláak’ k’iino’ob tu’ux ma’ tun yantal xooki’. Le je’elo’obo’ leti’ lelo’oba’: u yáax k’iinil mayo, U K’iinil Meyaj; 5 ti’ mayo, U K’iinil U Ba’ateltáambalil Puebla; 15 ti’ mayo, U K’iinil Ajka’ansaj.Yaan xan u yantal ka’ap’éel viernes tu’ux mina’an xook ti’ le paalalo’obo’, ma’ili’ ts’o’okok u ja’abil xook, tu winalil julio. Le je’elo’oba’ leti’e’ 26 ti’ mayo yéetel 30 ti’ junio, tumen ajka’ansajo’obe’ yaan u yantal u meyajtiko’ob Consejo Técnico yéetel u kaambalil Taller Intensivo de Formación Continua para Docentes. Nuevos Planes y Programas de Estudios.
"
"Táan u ch’a’ajolta’al Noches de Kukulkán, tu yúuchben kaajil Chichén Itzá",17/04/2023,"Cha’ane’ ch’a’ajo’olta’ab le 14 ti’ abril máanika’. Jch’éen u beeta’al tu yáax k’iinil enero ti’ le ja’aba’ úuchak u káajal u beeta’al meyajo’ob tumen Instituto Nacional de Arqueología e Historia (INAH); walkila’, jujump’íitil kéen ts’a’abak le sáasil cha’ana’, tumen chéen ti’al viernes, sábado yéetel domingo kun yantal. 
"
"Je’ek’abta’ab jump’éel kúuchil ti’al u líik’sa’al i’inajo’ob yaan yóok’ol kaab, tu lu’umil Noruega",18/04/2023,"Kúuchil kóonjelaarta’ane’, ti’ yaan mil 300 kilometróoos náachil ti’ Círculo Polar Ártico, tu’ux yaan jump’éel kúuchil tu’ux je’el u béeytal u líik’sa’al u jejeláas i’inajo’ob ku yantal yóok’ol kaab ti’al beyo’ u ts’aatáanta’al ka yanak janabe’enba’al ti’al u paachil k’iin.U k’aaba’ nu’ukule’: Bóveda Global de Semillas de Svalbard. Jump’éel nu’ukul tu’ux líik’sa’an kex jump’éel miyoon 215 mil u yi’inajilo’ob ixi’im, áarros, triigóo, lechugáa, paapáa, ichil uláak’o’ob. Ts’a’abano’ob tu’ux ma’ sajbe’entsil u k’astalo’obi’. Kúuchile’, yanchaj úuchik u k’astal uláak’ jéemoplaasmaob úuchik u wíits’il ti’ob ba’ateltáambal, loobilaj, tumen jp’áat mina’an taak’in wa yanchaj ba’ax k’aschaj ti’ u sistemaailo’ob. 
Ba’ax kóonjelaarta’an yéetel tuunicho’obe’ ku p’atik síis le tu’ux yaan le i’inajo’obo’ tak -18 gradóos; le je’elo’, leti’e’ k’a’abéet u yantalo’ ti’al ma’ u k’asta’al ba’ax tu’ux mina’an sáasil. Alab óol le kúuchila’ tumen ku kaláanta’an u jejeláasil i’inajo’ob yaan yóok’ol kaab, ti’al beyo’, u yantal ba’al xan ti’al u tséentikubáaj máaxo’ob táan u líik’ilo’ob walkila’.
"
Yaan u k’u’ubul 25 mil doolarées ti’ máax kéen u k’ub junxéet’ méeteoritóo lúubij,18/04/2023,"Ti’ jump’éel náach k’áax, naats’ tu xuul lu’umil ichil Maine yéetel Canadá, yanchaj jayp’éel tuunich wáak’o’ob tu lu’umil le Yóok’ol Kaaba’, ti’al u yáax k’iinilo’ob le winal yaniko’ona’, ts’o’okole’ míin k’i’itpaj chéen beyo’. Ba’ale’ walkila’, jump’éel kúuchil e’esajile’, tu k’a’aytaj je’el u ts’áak tak 25 mil doolarese’, ti’al máax kéen u yáax chuk jayp’éel u xéexet’al le méeteoritoo’ yéetel kéen u k’ub kex jump’éel kiiloi’.Junwóol k’áak’ ma’ suuk u yila’ale’, chíikpaj kex sáasil yanik le k’iino’, chéen ba’axe’ ka’aj kóoj te’e atmoosferao’, wáak’ij, beey a’alab tumen Darryl Pitt, máax jo’olbesik u jaats meyajil méeteoritos ti’ u kúuchil e’esajil Museo de Minerales y Gemas ti’ u kaajil Maine, Bethel.Beey túuno’, NASAe’ tu jets’aj te’e radaareso’obo’ chíikpaj úuchik u lúubul le méeteoritoo’ tu kaajil Maineo’, ts’o’okole’ yanchaj ya’abach máak u’uy le ba’ax wáak’o’, tumen jela’an bix u juum kéen jach chichak u lúubul le wa ba’axo’. 
Kúuchil e’esajile’ u k’áat túun u nojochkíins u tuunichil uj u much’maj, tu ya’alaj Pitt, le beetike’, máax bíin u k’ub jump’éel kiloogramóo ti’ le ba’ax lúubo’, je’el u páajtal u k’áatik 25 mil doolarées. Ichil ba’ax tu tsolaj Pitte’, jach óoli’ u yojelo’ob je’el u kaxta’al u xiixel le ba’ax jlúubo’, tumen chíkpaj te’e radar ka’alikil táan u wáak’alo’.  “Wa yaan máax u ts’aamaj u yóol ti’al u kaxtike’, je’el u jach yantal u páajtalil u yantal u xéexet’al”, tu tsikbaltaj. Ba’ale’, ma’ xan jeets’el wa jach yaan u xéexe’tal yéetel le beyka’aj nojochil táan u k’áata’al ti’al u k’u’ubul le taak’ino’.NASA túune’, tu ya’alaj tu kúuchil Internete’, “le beyka’aj aalil wa nojochil u wíinkilal le méeteoritoo’ ku tukulta’al je’el u yantale’, óoli’ k’ucha’an ichil 1.59 gramóos yéetel 322 gramóos, ”ba’ale’ ma’ xaan wa yaan uláak’ luba’antak maas chan nuuktako’obi’”, tu ya’alaj.U xéexet’ le tuunich jlúubo’ ku tukulta’ale’ ti’ jbáan tu’ux yaan k’áax ku káajal Waite, Maine, yéetel k’áax náaka’an tak Canoose, New Brunswick. NASAe’ ku tukultike’, u jach nojochil le xéexet’alo’obo’ míin ti’ jlúub wal tu xuul chik’in k’áax tu’ux yaan u xiixel ba’al, naats’ yanik Waite; le je’ela’ kex óoxp’éel oora yéetel uláak’ táanchamuk náach yanik wa ku bin máak ti’ koochée, yéetel wa ti’ ku luk’ul tu kaajil Portland.
"
Chíikpaj Kenia ichil u keetil Boston: táanilchaj Evans Chebet yéetel Hellen Obiri,18/04/2023,"Aj-áalabo’obe’ tu náajalto’ob le lunes máanika’, u yáax kúuchilo’ob ti’ u keetil 127 ti’ le Maratóno’. Keetile’, leti’e’ asab úuchben jo’op’ok u beeta’al yóok’ol kaabe’, úuch ja’atskab k’iin; 9 graados Celsius u síisil yéetel bejo’obe’ ch’uultak. Tu jaatsil xiibe’, ts’o’oksa’ab áalkab ichil ka’ap’éel ooráas, jo’op’éel minutóos yéetel 53 segundóos. Ka’alikil ti’al xch’uupo’obe’, áalkabta’ab ichil ka’ap’éel ooráas, 21 minutóos yéetel 38 segundóos.
"
Túumben xaaak’al meyaje’ tu chan sáasilkúunsaj jump’íit bix úuchik u yantal ja’ Yóok’ol Kaab,19/04/2023,"Ku tukulta’ale’ ja’ yaan Yóok’ol Kaabe’ yanchaj úuchik u múul yantal atmoosferáas tu’ux xa’ak’paj idroojenóo yéetel u ja’il maagmáa ku taal ti’ u embrioonesil pláanetarios je’el bix le yaan ti’o’. 
Xáanchaje’, le ba’ax ojéela’an tumen ajxak’al xooko’ob yóok’lal bix u yantal pláanetaso’obe’ chéen ti’ bix yanik ksiistema solar ku jóok’sa’al. Kex tumen láayli’ u tsikbalta’al ba’al yóok’lal jayp’éel pláanetas de buuts’tako’ob, je’el bix Júpiter yéetel Saturno, óoli’ jeets’el u tuukulil Yóok’ol Kaab, yéetel u jeel pláanetas tuunich u wíikilalo’obe’, nojochchajo’ob úuchik u yantal jump’éel diskóo de ta’an yéetel de gaas ku bak’pachtik ka’ach K’iin, tu k’iinil u táankelemil. 
Le kéen u p’uchubáaj nukuch ba’alo’ob túune’, ba’ax k’ajóolta’an beey planetesimales bebé tu beeto’ob u yantal Yóok’ol Kaabe’ nojochchajo’ob ts’o’okole’ chokochajo’ob, ti’al beyo’, u p’éelilchajalo’ob ti’ u nojoch k’áak’náabil maagmáa, úuchik u jach chokojtal ba’al ka’aj tu jéempuch’tubáajo’ob yéetel yóok’lal ráadiaktibóo ba’alo’ob yaan ti’. Beey túuno’, úuchik u máan k’iine’, ka’aj síischaj seleestée ba’ale’, u jach aalil le máateryal yaan ti’o’, búulij; ts’o’okole’ le je’elo’ tu jatsubáaj ti’ óoxyáal: núcleo metálico, manto rocoso de silicatos yéetel u koortesail.
Ba’ale’, úuchik seen beeta’al u xaak’alil exoplanetase’ káaj xan u yantal uláak’ túumben paakat ti’al u na’ata’al bix úuchik u yantal Yóok’ol Kaab k’iin ka’aj káaj u síijil.
“Ba’ax kaxta’abe’ yóok’lal exoplanetase’ tu ts’áaj u páajtalil u yila’al tu beel ba’ax suuka’an u yúuchul, ts’o’okole’ le je’ela’ ku ye’esike’, le exoplanetas táant u síijilo’obe’ bak’pachta’ano’ob tumen atmoosféeras yaan ya’abach idroojenóo móolekular ka’alikil u máan u yáax miyoonesil ja’abo’ob u bin u xuultal”, tu tsolaj Anat Shahar, máax ku meyaj ti’ u mola’ayil Instituto Carnegie. “Kéen máanan k’iine’, ba’ax bak’pachtik le kiimikóo je’elo’ ku sa’atal, ba’ale’ ku p’atik u chíikulal ichil u wíinkilal le táankelem pláaneta ku yantalo’”.
Yéetel ba’ax ts’o’ok u yojéelta’alo’, Shahar yéetel u yéet meyajo’ob Edward Young beyxan Hilke Schlichting, ti’ u noj najil xook Universidad de California, tu noj kaajil Los Ángeles, tu beetajo’ob jump’éel túumben modeelóo yóok’lal bix úuchik u yantal yéetel bix úuchik u bin u k’éexel Yóok’ol Kaab, ti’al u yilko’ob wa je’el u béeytal u yantal le jejeláas kiimikóo ba’ax suuk u yantal te’e lu’uma’; ba’ax chíikpaje’ jts’a’ab k’ajóoltbil tu pikil ju’unil Nature.
Beey túuno’, yéetel le túumben modelóo patjo’oltabo’, béeychaj u ye’esale’, tu káajbal, ka’aj yanchaj Yóok’ol Kaabe’, u múul yantal u k’áak’náabil magma yéetel u protoatmósferail idroojeno móolekulare’, míin leti’ beet u yantal jayp’éel u chíikulalo’ob ba’al yaan te’e Yóok’ol Kaaba’, je’el bix le ja’o’ yéetel kéen p’áatak tu estaadoil óoxidadóo.
Ts’o’okole’, yéetel u yáantajil moodelóos máatemaatikose’, xak’alata’ab bix úuchik u bin u k’expajal u máaterialesil ichil u yáal u atmoosferasil iidroojeno móolekular yéetel u k’áak’náabilo’ob magma, tu’ux xak’alta’ab 25 u kóompuestosil, tu’ux yanchaj 18 u p’éel jejeláas u reaxiionesil, ts’o’okole’ tu ye’esaj talam ba’al ti’al na’atbil k’a’anan ba’alo’ob yóok’lal bix ku tukulta’al yanchaj le lu’umkabilo’, ba’ale’ tu ye’esaj uláak’ ba’alo’ob ma’ talamtak u na’atali’ yéetel séeba’an u tukulta’al ba’axten beey úuchiko’.
Ti’al u yila’al ba’ax kun úuchule’, te’e xaak’alo’, beeta’ab u múul yantal u k’áak’nabil magma yéetel u aatmoosferail Yóok’ol Kaab tu k’iinil táant u síijile’; te’elo’, ila’ab péeknaj u nukuch wíinkilalo’ob idrojeenóo tak tu’ux yaan metaalikóo chuun, u óoxidasyonil le maantoo’, yéetel le tu’ux ku síijil ya’abach ja’.Ts’o’okole’ wa láaj tikin ka’ach tuláakal le tuunich ba’al tu p’uchubáaj ti’al ka yanak pláaneta káaj u xuulta’ale’, le ba’ax múul yanchaj ichil u aatmoosfera móolekularil iidrojeeno yéetel u k’áaknáabil magmae’ yaan ka’ach u beetik u jach táaj yantal ja’, beey a’alab tumen ajxak’al xooko’ob.
“Le je’ela’ chéen jump’éel bix je’el u tsola’al yanchaj ja’, ba’ale’ yéetele’ míin ku béeytal u jéets’el jump’éel k’a’anan tuukul yóok’lal bix síijik u Yóok’ol kaab yéetel exoplanetas suukchaj u yila’al tu bak’pachil le náachtak eek’o’ob, k’aaba’inta’an super-Tierras yéetel sub-Neptunos”, tu ts’ook a’alaj Shahar.Xaak’ale’ táaka’an ichil jump’éel meyaj tu’ux táakbesa’an uláak’ ya’abach meyajo’ob ku k’aaba’tik Aether, káajsa’ab yéetel jo’olbesa’an tumen Shahar, tu’ux ku kaxta’al u yojéelta’al bix yanik u kiimikail u wíinkilal le pláanetaso’ob maas chan k’ajóolta’an ti’ Vía Láctea, ti’al beyo’ u patjo’olta’al jayp’éel ba’alo’ob ti’al u yila’al wa yaan kuxta’al ti’ uláak’ yóok’ol kaao’ob náachtako’ob. U taak’inil u beeta’al le meyaja’, ts’a’aban tumen Fundación Alfred P. Sloan.
"
K’áak’e’ tu tóokaj jump’éel u najil ts’akyaj tu lu’umil China; 21 máak kíimij,19/04/2023,"Sajebe’entsil k’a’ayt u yelel u kúuchil ts’aak Changfeng, tu múuch’kajtalil Fengtai, juumnaj láa 1 (05 horas GMT), beey a’alab le martes máanika’ ichil u diaaryo óofisyalil Partido Comunista. K’áak’e’ tupa’ab tu jo’oloj meedya ooráa, yéetel áantaj máako’obe’ tu jóok’so’ob 71 k’oja’ano’obi’.
"
"Walkil 3 mil ja’abo’ob paachile’, ts’o’okili’ u káajal u k’a’abéetkunsa’al droogáas tu lu’umil; Menorca yaan u chíikulal",20/04/2023,"Ti’ u tsuukil u tso’otsel u pool wíinik yaan kex 3 mil ja’abo’ob u yúuchbenile’, béeychaj u yila’al u xiixel droogasi’, le beetike’, béeychaj u je’ets’el yéetel jaaj k’a’abéetkunsa’al le ba’alo’oba’ tu lu’umil Europa. Tso’otsele’ jta’aka’an ka’ach ti’ u yáaktunil Es Càrritx (Menorca), tu k’iinilo’ob táan u k’éexel jejeláas ba’alo’ob ichil u kaaj kuxlaj Edad de Bronce.Ichil ba’ax kaxta’ab, jóok’sa’an ti’ xíiw, ti’al u cha’anta’al yéetel u máan ba’al tu yich wíinike’ ti’ yaan atropina, escopolamina yéetel efedrina, beey ila’an tumen junmúuch’ españail yéetel chilenoil aj-xak’al xooko’ob ti’ u tsuukil le tso’otso’.  Xaak’al beeta’abe’, jo’olbesa’ab tumen Elisa Guerra, ti’ u noj najil xook Universidad de Valladolid, yéetel jts’a’ab k’ajóoltbil tu pikil ju’unil Scientific Reports. Te’elo’, a’alab le droogáaso’obo’ míin k’a’abéetkunsa’ab ti’al u beeta’al kili’ich séeremonyas.Beey túuno’, u yáaktunil Es Càrritx (tu chik’inil Menorcae’), kaxta’ab tu ha’abil 1995, ts’o’okole’ ku k’a’abéetkunsa’al ka’ach ti’al beeta’al muukilo’ob; kaxta’an mejen wóolis nu’ukulo’ob beeta’an yéetel che’, tu’ux jupa’an tso’otselo’ob yaan kex 2 mil 900 ja’abo’ob. 
Xaak’al ku ya’alike’ yaan ba’ax chíikbesik u jach úuchben k’iinil jo’op’ok u k’a’abéetkunsa’al droogáas tu lu’umil Europa, tu jats k’iinilo’ob Edad de Bronce tardía, tsola’ab tumen juntúul máax beetmajil le xaak’alo’, Cristina Rihuete, ti’ u noj najil xook Universidad Autónoma de Barcelona.Tu lu’umil Europa ts’o’okili’ u k’as ojéelta’al jayp’éel ba’alo’ob, je’el bix u chíikulal u áalkaloidesil opio ti’ nu’ukulo’ob, wa u xiixel narkootikóo xíiwo’ob kéen beeta’ak ritualo’ob. U jach úuchben k’iinil ojéelta’an u k’a’abéetkunsa’al droogáas ti’ yóok’ol kaabe’, yaan kex 3 mil ja’abo’ob paachil, tu lu’umil Chile.Ti’al u beeta’al xaak’ale’, chéen juntsuuk tso’otsel k’a’abéetkunsa’ab ti’ le yano’ob ka’acho’, yaane’ ku p’isik tak 13 seentimetróos u chowakil. Jach “noj ba’al” u kaxta’al u tso’otsel u pool wíinik ti’ le jats k’iino’obo’, tu baantail Mediterráneo occidental, tu ya’alaj x-xaak’al xook.
Xaak’al beeta’ab yéetel cromatografía líquida jach uts u chíikbesik ba’al, yéetel espectroscopia de masase’ tu ye’esaj u chíikulal atropina, escopolamina yéetel efedrina, taak’alo’ob te’e tso’otselo’. Ku tukulta’ale’ jp’áato’obi’ tumen ts’u’uts’a’ab xíiwo’ob je’el bix mandraagoráa, beleño wa estramonio, tu tsikbaltaj Cristina Rihuete.Aj-xak’al xooko’obe’ ma’ tu tukultik wa k’a’abéetkunsa’ab le ba’alo’oba’ ti’al u ts’a’akal ba’al, kex “ma’ náach ku máan ba’al ti’ xíiwo’ob k’a’abéetkunsa’ab ti’al u yu’uk’ul tumen máaxo’ob k’oja’ano’ob”, a’alab tumen x-xak’al xook. Escopolamina yéetel atropinae’ ku ts’áak wenel ti’ máak, ba’ale’ u ma’amacha’alo’obe’ jach sajbe’entsil ti’al wíinik, tumen tooxikóo ba’al, le beetike’, ku tukulta’al k’a’abéetkunsa’ab ti’al béeytal u máansa’al ba’al tu táan u yich wíinik.U chowakil tso’otsel poole’ ku ye’esik jayp’éel ba’al ku yantal tu ts’u’, “jak’be’en ba’al úuchik u béeytal u ye’esa’ale’, u k’a’abéetkunsa’al droogase’ xáanchaj kex jump’éel ja’ab”, ba’ale’ ma’ ojéela’an bix u yu’uk’uli’. Tu yáaktunil Es Cárritx ku béeytal u yila’al jayp’éel ba’alo’ob yóok’lal u k’ajla’ayil u kajnáalilo’ob, ti’ u k’iinilo’ob Edad de Bronce tardía, tu kaajil Menorca; kaajo’obe’ tu kanajo’ob kuxtal ichil jets’óolal, ts’o’okole’ tu kanaj u tséentiko’ob ba’alche’, tu tiskbaltaj. Ti’ jump’éel u jaatsil le áaktuno’, ku mu’ukul kimeno’obi’; suukchaj u beeta’al jump’éel ritual tu’ux ku bo’onol de chak tso’otsel pool, ku xáachebta’al yéetel ku k’o’osol ti’al u ts’a’abal ti’ mejen wóolis nu’ukulo’ob beeta’an yéetel che’, ts’o’okole’ yaan u maako’ob. Xaak’alo’ob yáax beeta’ane’ ku ya’aliko’obe’ yanchaj kex 210 u túul máax muka’abij, ba’ale’ chéen jaytúul ti’ le ti’ob jts’a’ab u tsuukil tso’ostsel.Wakp’éel nu’ukulo’ob p’ata’ab yéetel jupa’ab tu taamil le áaktuno’, le beetik ts’aka’an tu beel le tso’otselo’obo’. Yanchaj uláak’ ba’alo’ob kaxta’abij, je’el bix nu’ukulo’ob beeta’al yéetel u baakel ba’alache’, p’úulo’ob, jump’éel xáanche’, ichil uláak’ ba’alo’ob. 
"
U chi’ibil k’iine’ chéen jayp’éel tu’ux chíikpajij,20/04/2023,"Láas 8 áak’ab jo’oljeake’, Uje’ tu k’atubáaj tu chúumukil K’iin yéetel Yóok’ol kaab, ts’o’okole’ chéen ti’ jayp’éel tu’ux chúuka’an úuchik u yila’al u ba’alal le k’áak’il eek’o’.
"
Xk’eeráas wa séesib,21/04/2023,"Je’el bix uláak’ u jejeláasil le ch’íich’a’, sajbe’entsil yanik u kuxtal ikil u seen ch’ukul ti’al u ko’onol yéetel tumen ku k’askúunta’al k’áax tu’ux ku kajtal, le beetike’ ku páayt’anta’al máak ti’al ka kaláanta’ako’ob. Séesibe’ u ch’a’amaj u ch’i’ibal ichil Corvidae baatsil, tu’ux táaka’an xan k’a’awo’ob. 
“Ch’íich’o’ob ma’ seen nuuktako’obi’, óoli’ ichil 20 tak 25 sentiimetróos u nojchil, ts’o’okole’ ichil amerikanoil lu’umil síijij”, tu ya’alaj Gilberto González Kuk, máax ku meyaj ichil u nu’ukbesajil Programa de Aves Urbanas (PAU), ti’ u mola’ayil Comisión Nacional para el Conocimiento y Uso de la Biodiversidad (CONABIO).
Xk’eeráase’ ku yantal tu petenil Yucatán, ba’ale’ yaan xan tu lu’umil Tekxas, beyxan Centroamérica yéetel Sudamérica.Ku yantalo’ob tu’ux chokoj u yooxol, ba’ale’ yaan xan ti’ ka’anal k’áaxo’obi’. Ts’o’okole’ suuk u yantal yéetel u núup, ba’ale’ beyxan ku yila’al ich múuch’o’ob tu’ux yaan kex ichil kantúul wa jo’otúul. Tu kaale’ yaan u booxil ku k’uchul tak tu pool; yaan u p’o’ot yéetel u maarkasil tu p’u’uk. Tu ka’analil u yiche’ ch’ooj. “Jejeláas u boonil, le beetik jats’uts u yila’al”, tu tsikbaltaj. Ku jaantik ik’elo’ob, je’ex máaso’ob yéetel xnook’olo’ob. Beyxan u yich che’ob je’ex pichi’ yéetel wayam.
"
Úuchben ts’íib kaxta’ab ti’ wóolis tuunich Chichén Itzáe’ jela’antak: jxok maaya woojo’ob,21/04/2023,"Úuchben maaya woojo’ob póola’an tu wóolis tuunicho’ob kaxta’ab Chichén Itzáe’ ku ye’esiko’ob bix úuchik u k’éexel ts’íib yanchaj tu k’iinilo’ob tu taal u jáawal u muuk’ le noj miaatsilo’, tumen jach talam u yojéelta’al ba’ax ts’íibta’ani’ tumen mina’an uláak’ ts’íib beeta’an je’el bix le je’elo’ ti’al u ke’etel, beey tu ya’alaj jxok úuchen ts’íib David Stuart, ti’ jump’éel tsikbal tu beetaj yéetel La Jornada Maya.U jxaak’alil Universidad de Texas táan u múul meyaj yéetel uláak’ máako’ob ti’ u mola’ayil Instituto Nacional de Antropología e Historia (INAH) ti’al u na’ata’al ba’ax ku ya’alik ts’íib jts’a’ab ti’ tuunich ku p’isik 32.5 sentiimetróos u kóochil, kaxta’ab le 15 ti’ marzo máaniko’, te’el tu’ux yaan u kúuchil Casa Colorada, ka’alikil u meyajta’al ka’ach u nu’ukbesajil Programa de Mejoramiento de Zonas Arqueológicas (Promeza).Yéetel oochelo’ob, beyxan le ba’axo’ob ts’o’ok u túuxta’al ti’ u áantropologosil INAHe’, ku béeytal u yojéelta’al le klaasée ts’íib beeta’ab te’e k’inako’, jach jela’an, ts’o’okole’ ma’ xaan wa leti’e’ jbeeta’ab ti’ u ts’ook ja’abilo’ob ti’ u ja’abil 800 ti’ k-k’iintsilo’obi’, wa ti’ u yáax ja’abilo’ob ti’ u ja’abil 900.
“Mina’an to’on ya’abach uláak’ ts’íibo’ob ti’al k-ketik, míin beeta’ab tu k’iinil táanili’ u k’éexel maaya ts’íib, ts’o’okole’ talam, óoli’ je’el bix leti’e’ ts’íib ku beeta’al ka’aj káaj u meyajta’alo’... maaya ts’íibe’ úuch yanak; ku béeytal u xo’okol ba’al óoli’ déesde tu chúumukil le beyka’aj ts’íib ts’o’ok u xak’alta’alo’, tumen yaan ya’abach beeta’abij. Chéen ba’axe’ le maas jach úuchben beeta’abo’obo’, talam u na’atalo’ob”, tu tsolaj estadunidenseil jxaak’al, máax ku tukultike’ le diisko kaxta’abo’ jump’éel ti’ le nu’ukulo’ob maas úuchben yanchaj tu k’ajla’ayil Chichén Itzá.U chíikulal woojo’ob chan lik’a’an, ts’íibta’ab te’e tuunicho’, ku ye’esik ka’atúul máak ichil jump’éel u kaampoil u báaxta’al booláa, ts’o’okole’ ts’a’aban jump’éel k’iini’, ba’ale’ kex beyo’, tumen táaxchaj yóok’lal iik’e’, ma’ tu béeytal u xo’okol tu beel.Le ba’ax chíikpaj ti’ le yáax xaak’alo’ob beeta’abe’, leti’e’ ts’íib tu’ux yaan u k’iinilo’, beyxan le tu’ux táan u yúuchul le báaxal boolao’, yéetel jayp’éel k’aaba’obi’, ma’ xaan wa u ti’al jo’olpóopo’ob le k’inako’obo’, wa ti’al le ajbáaxalo’ob ku chíikpajalo’obi’.Yóok’lal le je’ela’, u j-aarkeologoil INAH, Santiago Sobrino, tu ts’áaj k’ajóoltbile’, táan u tukulta’ale’ le nu’ukulo’ míin yanchaj tu ja’abil 894 ti’ k-k’iintsilo’obi’, yéetel ku ye’esik míin u ts’ook u téenal úuchik u báaxta’al boolai’.Santiago Sobrinoe’ tu ya’alaj péektsil, wa beerbóo, xoka’ab ichil le úuchben ts’íibil le nu’ukulo’, yaan ba’al u yil yéetel u t’aanil “presentar”, le beetike’ míin ku béeytal u ya’alale’, le tuunicho’ k’a’abéetkunsa’ab ti’al u chíikbesa’al jump’éel k’a’anan k’iin tu’ux yanchaj báaxal.“Úuchben ts’íibe’ jela’an, ku ye’esik bix úuchik u k’éexel ts’íib ti’ le maaya lu’umo’”, tu ya’alaj Sobrino.Ajxak’al xooko’obe’ yaan u meyajo’ob ti’al u yojéelta’al uláak’ ba’alo’ob. Kéen ts’o’okoke’ yaan u ts’a’abal tu kúuchil e’esajil Museo de Sitio, tumen walkila’ táan u meyajta’al, tu tsikbaltaj Marco Antonio Santos, máax jo’olbesik u yúuchben kaajil Chichén Itzá.
 “Táan u káajal k-ojéeltil uláak’ ba’alo’ob yóok’lal maaya k’ajla’ay”
David Stuarte’ juntúul máak úuch kajak u xak’altik jejeláas ba’alo’ob yóok’lal maaya miatsil. U yuumo’obe’ tu jach meyajto’ob xan ya’abach ba’alo’ob yóok’lal le kaaja’, ts’o’okole’, yéetel le beyka’aj ts’o’ok u meyajtike’, ku ya’alike’, jach káajal ku beetik u k’ajóolta’al u k’ajla’ayil le úuchben miaatsila’.Tu tsikbaltaje’, u jach ya’abil xaak’alo’ob beeta’an yóok’lal maaya miatsile’, chéen 150 ja’abo’ob beeta’ak, ts’o’okole’ xook tu kanaj u beet ti’ le úuchben ts’íibo’, chéen walkil 30 wa 40 ja’abo’ob yaan ti’, le beetike’ jach jump’íit.
"
UNAMe’ táan u patjo’oltik bíideojuegóos ti’al u yáanta’al máaxo’ob ucha’an loob tu ts’o’omel pool,24/04/2023,"Ikil u kaxta’al u táakmuk’ta’al ba’a xku meyajta’al ti’ teraapias ku beeta’al tumen mola’ayob ts’aatáantik wa ba’ax loobilaj ucha’an tu ts’o’omel poole’, u ajxak’al xookilo’ob UNAMe’ tu patjo’oltajo’ob kamp’éel báaxalo’ob tu’ux ku méek’tanta’al máak ti’al u yutsil. Máaxo’ob ku meyajo’ob ti’ u kúuchil Laboratorio de Investigación y Desarrollo de Aplicaciones Interactivas para la Neuro-rehabilitación (LANR) ichil u noj najil xook UNAM tu beetajo’ob le meyaja’ ti’al u béeytal u ka’a kaambal u ts’o’omel u pool wíinik, ikil u yantal u babal beetik ba’al mantats’.Beyxan, báaxalo’obe’ ku yáantaj u mu’uk’ankúunsa’al u beelilo’ob ts’o’omel pool, wa le ku k’aaba’tik pláastisiidad neuronal, leti’e’ ba’ax beetik u kaambal u séelulasil kaja’an ichil sisteemáa nerbiosóo, ti’al u béeytal u ka’a yantal u wíinkilalo’ob yéetel ti’al u ka’a meyajo’ob. 
U k’aaba’ le bíideojuego’obo’ leti’ le je’ela’: Penal Madness, Topocrisis, Charlie’s Escape yéetel Sandwichmania; le je’elo’obo’ ku yáantajo’ob ti’al u jach ma’alobkúunsik wíinik bix u péeksik u wíinkilal yéetel ti’al u kaambal u na’at.“To’one’ ma’ tu páajtal ktselik u beelal teraapia cóonbensyonal, tumen yaan ba’ale’, ti’al u béeytale’, k’a’anan u téerapeutail, ba’ale’ je’el u béeytal u yáanta’al máak ti’al u séeb káajal u meyajtik ba’ax k’a’abéet ti’ (ken u beet teraapia). Uláak’ ba’al, ts’o’ok u yila’ale’, wíinike’ maas je’el u beetik u tráatamientoil wa ku náaysik u yóol yéetel le báaxalo’obo’”, tu tsolaj Ana María Escalante Gonzalbo, máax jo’olbesik u meyaj LANR.Ba’ax meyajta’abe’ ku béeytal u báaxta’al ti’ Kinect, Leap Motion yéetel Nintendo Wii; ku k’a’abéetkunsiko’ob moouse éergonoomikóo, guantées, bolantées, jump’éel rodiyóo yéetel páalankáas.Ajxak’al xooko’obe’ láayli’ u meyajtiko’ob uláak’ báaxalo’ob ti’al u yantal u jeel bix u yáanta’al máax ti’ ucha’an wa ba’ax tu wíinkilal.
"
"Tu lu’umil Yucatáne’ yaan u béeytal u cha’anta’al, dée áak’abe’, jejeláas meyajo’ob ti’ u kúuchilo’ob e’esajil",24/04/2023,"U mola’ayil Secretaría de la Cultura y las Artes (Sedeculta), ikil táan u meyaj Dirección de Museos y Patrimonio beyxan Red de Museos de Yucatán (Redmy) tu meyajtaj jayp’éel e’esajilo’ob ti’al u béeytal u cha’antalo’ob dée áak’ab, tu lu’umil Yucatán.Bolonp’éel u kúuchilo’ob e’esajil kun je’ik u joolnajilo’ob tial u xíimbalta’al dée áak’ab; u tuukulile’, ka béeyak u kóojol máak láas 7 áak’ab, yéetel yaan u xáantal jump’éel ooráa. Le je’ela’ yaan u beeta’al tu yóoxp’éel mieerkolesil ti’ lalaj winal, yéetel tukulta’an u ts’o’okol tak diciembre.Yáax e’esajile’, beeta’ab tu kúuchil Museo de Historia Natural, ti’alinta’an tumen Ayuntamiento de Mérida, yéetel chéen k’ama’ab 60 u túul máaki’.U yokol máak te’e kúuchilo’ob ti’al cha’ane’, xma’ bo’olil, chéen ba’axe’ k’a’abéet u ts’íibtik u k’aaba’ ti’al u bin, le beetike’ unaj u túuxtik u ts’íib te’ela’ [email protected].Ti’al u winalil mayoe’, jets’a’an cha’an ti’al u k’iinil 17, tu kúuchil Museo Regional de Antropología “Palacio Cantón”; 21 ti’ junioe’ Interactivoil kúuchil Palacio de la Música; tu k’iinil 19 ti’ julioe’ ti’ kun beetbil Arte Contemporáneo Ateneo de Yucatán (Macay); ti’al 16 ti’ agostoe’, tu kúuchil e’esajil Arte Popular de Yucatán (MAPY); 20 ti’ septiembree’ tu kúuchil Casa Montejo; ti’ 18 ti’ octubree’, tu’ux yaan u kúuchil Ciencias del Cráter Chicxulub; 15 ti’ noviembree’, ti’ le ku k’aaba’tik Canción Yucateca, yéetel ti’al u k’a’alal ja’abe’, tu k’iinil 20 ti’ diciembree’, ti’ kun beetbil Mundo Maya dw Mérida (GMMMM).
"
Noj lu’umo’obe’ tu jóoks’aj u kajnáalo’ob yóok’lal ba’ateltáambal yaan Sudán ,24/04/2023,"Ichil le tu beetajo’obo’ ti’ yaan Estados Unidos, Francia, Alemania yéetel Reino Unido. Luk’sa’abo’ob te’e lu’umo’ tu jo’oloj ka’ap’éel p’isk’iin yanak ba’atel ichil ajk’atuno’ob yéetel páaramilitaaro’ob. Yanchaj jo’otúul mexikoilo’ob suta’ab xan, beey k’a’ayta’ab tumen káansiyeer Marcelo Ebrad. 
"
U ki’ichkelemil u boonil Monete’ yaan u ye’esa’al MUNAL,25/04/2023,"Le miércoles 26 ti’ abril ku taala’, yaan u je’ebel u joolnajil jump’éel u ye’esajil: Monet. Luces del Impresionismo, tu kúuchil Museo Nacional de Arte de México (MUNAL), tu noj kaajil Ciudad de México. Meyajo’ob beeta’ab tumen Claude Monet,  jatsa’an ichil u jatsk’iinil impresionismoe’, yaan u béeytal u cha’antal martes tak domingo, láas 10 ja’atskab k’iin tak láas 6 u taal u chíinil k’iin. Tukulta’al u ts’o’okol tak tu k’iinil 27 ti’ agosto ti’ le ja’abil 2023a’. 
Monete’ juntúul jboon kuxlaj ichil u ja’abilo’ob 1840 yéetel 1926, yéetel chíikpaj ba’ax tu meyajtaj tumen suukchaj u boonik jats’uts’ k’áaxo’ob, yéetel burgueesa kajnáalo’ob, tu’ux tu kanaj u ts’áak u jats’uts boonilo’ob ti’al u sáasiltal wa u óol satik u yoochel ba’ax ku ye’esik.  
"
Xaak’al beeta’ab yóok’ol séelulaas maadree’ tu ye’esaj jump’éel chan sáasil ti’al u ts’a’akal Párkinson ti’ paalal,25/04/2023,"Junmúuch’ x-xak’al xooko’ob ti’ u lu’umil Españae’, tu patjo’oltajo’ob túumben modeelo, tu’ux ch’a’ab ba’ax k’aaba’inta’an beey séelulaas maadree’, ku yantal ti’ wíinik, yéetel jach jela’antak, tumen leti’ tsa’aysik u k’oja’anil Párkinson ti’ paalal. Le je’ela’ yaan u yáantaj tumen ku béeytal u yojéelta’al uláak’ ba’alo’ob yóok’lal le k’oja’anila’, yéetel ku yantal uláak’ núuktajilo’ob ti’al u ts’a’akal.U k’oja’anil Deficiencia de la Tirosina Hidroxilaza (THD, yóok’lal bix u k’aaba’ ich inglése’), ku beetik u jach p’íittal dopamina tu ts’o’omel u pool máak; le je’ela’ jump’éel ti’ le asab k’a’anan yaan ichil sistema nerbyoosóo, yéetel leti’ beetik u tsa’ayal u k’oja’anil Párkinson ti’ mejen paalal. Túumben modelo patjo’olta’abe’, jts’a’ab k’ajóoltbil tu pikil ju’unil EMBO Molecular Medicine, yéetel beeta’an tumen u x-xak’al xookilo’ob Instituto de Investigación Biomédica de Bellvitge (Idibell), Instituto de Investigación Sant Joan de Déu (IRSJD) yéetelUniversitat de Barcelona, tumen ti’ ku chíikpajal jayp’éel ba’alob yóok’lal le k’oja’anilo’, tsola’ab tumen Idibell ti’ jump’éel k’a’aytajil ts’íib.
Ti’al u jóok’sa’al modeloe’ yanchaj u ch’a’abal u seelulasil u yoot’el máaxo’ob réeprogramarta’ab le ba’ax ku k’aaba’tik beey seeluláas madre pluripotentes, tumen  le je’elo’obo’ ku béeytal u súutulo’ob ti’ je’el ba’axak seelulail, ts’o’okole’ ku ke’etel yéetel neuroonáas.Yaan máaxo’ob k’oja’ano’obe’, ku jach yáantikubáajo’ob yéetel tráatamientóo, ba’ale’ yaan u jeelo’obe’ ma’ tu jach k’amiko’ob tu beel yéetel láayli’ jach talam u péeko’ob wa u kaambalo’ob.“Jach k’a’anan u na’ata’al ba’ax beetik u tsa’ayal le k’oja’anilo’, ti’al u kaxta’al bix u yáanta’al máak, beyxan ti’al u nu’uktal bix unaj u beeta’al teraapias” a’alab tumen juntúul ti’ le máaxo’ob jo’olbesik le meyajo’, Antonella Consiglio.
“U yáax modelooil THD ku béeytal u ye’esik bix u yantal le k’oja’anilo’ ichil máaxo’ob talam yanik to¡ob yéetel ichil máaxo’ob ma’ jachi’, ts’o’okole’ ku ye’esik bix u jejeláasil u k’a’amal le tráatamientoo’”, a’alab tumen máax jo’olbesik Unidad de Enfermedades Metabólicas ti’ u najil ts’akyaj Hospital Sant Joan de Déu yéetel máax múul jo’olbesik le meyajo’, Àngels García.
"
U yaj óolalil ba’ateltáambal Ucrania,25/04/2023,"Ucraniailo’obe’ tu biinsiko’ob juntúul yo’ox ko’olel loobilta’ab yéetel jóok’sa’ab ti’ jump’éel najil ts’akyaj, k’askúunta’ab úuchik u seen wa’ak’al ba’al tu kaajil Mauripol, tu winalil marzo ti’ u ja’abil 2022. Oochele’ chíimpolta’ab tumen World Press Photo 2023, jump’éel ti’ le asab k’a’anan yano’ob ich u meyajil péektsilo’ob.
Edición: Ana Ordaz
"
U k’áak’náabil Las Coloradase’ ma’ mantats’ samal chaki’i; yaan ba’al u yil beyka’aj ta’ap’ yéetel u sáasil k’iin,26/04/2023,"Jump’éel ti’ le jáal ja’ob tu’ux jach uts tu yich máak u xíimbaltik tu lu’umil Yucatáne’ ti’ yaan tu kaajil Río Lagartos; leti’e’ k’ajóolta’an beey Las Coloradas. Le je’elo’ junmúuch’ ak’alo’ob samal chak u boonil. 230 kiloometróos náach yanik ti’ u kaajil Jo’. Ba’ale’ yaan k’iino’obe’ ma’ beey u boonilo’ tumen ku p’áatal óol koob, ch’ooj, ya’ax wa tak chak.
Ja’e’ ku samal chaktal yóok’lal beyka’aj ta’ap’ yani’. Ikil u seen aktale’, ku ya’abtal xan mejen wíinkilalo’ob ku k’aaba’tiko’ob halobacterias, ts’o’okole’ kéen seen ju’ulko’ob tumen k’iine’ ku p’áatal beey samal chakilo’. Le beetik yaan k’iine’ ma’ tu chíikpajal beyo’.Beey túuno’, wa wíinik u k’áat u cha’ant ja’ de beey u boonile’, unaj u xíimbaltik Las Coloradas ichil marzo tak agosto, ti’al chúumuk k’iin, kéen ka’anchajak k’iin. K’a’anan xan u ya’alale’ wa jach ch’óoch’ ja’e’ ma’ unaj u yokol máaki’ tumen je’el u beetik loobilaj tu yoot’el máak, beyxan tu yich.
"
"Yaan sajbe’entsil yóok’lal Reign, túumben nu’ukbesaj ti’al ch’úuk; yaan ku meyaj Méxicoi’",26/04/2023,"U ajxaak’alilo’ob Citizen Lab ti’ Munk School, méek’a’an tumen Universidad de Toronto, tu ya’alo’obe’ chíikpaj jump’éel túumben spyware (Reign) yéetel le ku béeytal u ch’úukta’al ba’al óoli’ je’el bix u beeta’al yéetel Pegasus, ti’alinta’an tumen israelí mola’ay NSO Group. Beey túuno’, ba’ax chíikpaje’, ts’o’ok bin u k’a’abéetkunsa’al ti’al u ch’úukta’al maanal ti’ jo’otúul máako’ob, tu’ux táaka’an máaxo’ob ts’íibtik péektsilo’ob, ajkúulpach tuukulo’ob ti’ poliitikáa, yéetel juntúul u ajmeyajil jump’éel ONG, beey jts’a’ab k’ajóoltbil tumen británikoil pikil ju’un The Guardian.Ichil ba’ax jts’a’ab k’ajóoltbil tumen Citizen Labe’, ma’ j-a’ala’ab u k’aaba’ le máaxo’ob ch’úukta’abo’, ba’ale’ ojéela’an ti’ yano’ob Norteamérica, Asia Central, tu noojol-lak’inil Asia, Europa yéetel Medio Oriente, ts’o’okole’ a’alabe’ béeychaj u yojéelta’al tu’ux yaan máaxo’ob ku ch’úuk yéetel software tu lu’umil México, Bulgaria, República Checa, Hungría, Ghana, Israel, Rumania, Singapur, Emiratos Árabes Unidos yéetel Uzbekistán.
"
Beeta’ab u yáax ch’íinil jats’ boláa tu kúuchil Kukulcán,26/04/2023,"Yéetel rockero juumil, beyxan noj cha’an beeta’ab tu’ux wa’awak’a’ab sáasilo’ob yéetel jump’éel chíimpolal ti’al máaxo’ob naájalt Liga Mexicana de Beisbol, u múuch’il Leonese’, jóop u k’áak’il u jaats k’iinilo’ob báaxal 2023 ok’najeak. Beeta’ab ti’ u kúuchil Kukulcán Álamo. Jala’ach Mauricio Vila Dosal tu jats’aj u yáax boolail ma’ili’ káajak u keetil Yucatán-Oaxaca.
"
"Kaxta’ab u baakel túumben jejeláas soot kuxlaj kex 55 miyoonesil ja’abo’ob paachil, tu kaajil Wyoming",27/04/2023,"Jump’éel u túumben jejeláasil soots’, ts’o’ok u ch’éejele’, k’ajóolta’ab úuchik u kaxta’al u reestos juntúul ba’alche’ kuxlaj walkil 55 miyoonesil ja’abo’ob, tu’ux jeets’el walkil u kaajil Wyoming.Xaak’ale’ ku jets’ik tuka’atéen tuukul yaan yóok’lal soots’o’ob, tu’ux ku ya’alale’ séeba’an u yantal u jejeláasilo’ob ti’ uláak’ u kóontinenteob te’e k’inako’obo’. Xaak’ale’ jo’olbesa’ab tumen máako’ob ku meyajo’ob Museo Americano de Historia Natural yéetel Centro de Biodiversidad Naturalis, tu lu’umil Países Bajos, yéetel jts’a’ab k’ajóoltbil tu pikil ju’unil PLOS ONE.
Ti’ tuláakal yóok’ol kaabe’, maanal mil 460 u p’éel u jejeláasil soots’o’ob yaan; chéen tu’ux ma’ jach ke’el mina’ani’ yéetel ti’ náachtak peteno’ob. Beey túuno’, tu’ux yaan Formación Green River de Wyoming, yaan ya’abach úuchben wíinkilalo’ob ti’ u jats k’iinil Eoceno temprano; te’elo’ kaxta’an maanal 30 u reestosil soots’o’ob ti’ le ts’ook 60 ja’abo’ob, ba’ale’ tukulta’an ka’ache’, tuláakal le kaxta’ano’ chéen jump’éel u jejeláasil.Ti’ le ts’ook ja’abo’obo’, u ajxak’al xookilo’ob Centro de Biodiversidad Naturalis tu káajs u xak’altiko’ob ba’al yóok’lal índice Icaronycteris úuchik u bin u mu’uch’ul ba’al yóok’lal. Baakel kaxta’abe’, jach ts’aka’antako’ob. Juntúul máak suuka’an u máan u monla’ant ba’al ch’a’a tu ja’abil 2017, ts’o’okole’ jmana’ab tumen Museo. Ka’aj ke’et yéetel uláak’ baakelo’ob kaxta’ane’, ila’abe’ túumben jejeláas le j-ila’abo’.
"
"Yaan u na’at wíinik tumen wíinik, ma’ tu béeytal u jóok’sa’al u yoochel ti’ kóomputadoráasi’: jxaak’al xook",27/04/2023,"Kex yaan ya’abach máak láayli’ u jach k’áatik beyka’aj íigual je’el u béeytal u meyaj ba’ax ku k’aaba’tik inteligencia artificial (IA) ti’ bix u na’at wíinike’, jfiisikóo yéetel jmáatemaatikóo Raúl Rojas González, máax jach kaambanaja’an yóok’lal le je’ela’, ku ya’alike’ tu ka’ap’éel ba’ale’ jela’antako’ob “tumen wíinike’ ku na’atik máaxi’, yéetel ku na’atik yaan u wíinkilal, beyxan ku yu’ubik u saajkil u kíimil, ba’ale’ maakinase’ ma’.
“Tuláakal u tuukulil wíinik ti’ yóok’ol kaabe’, ku na’atik le saajkilo’, yéetel ku k’a’abéetkunsik u tsolik ba’axten yanchaj wey yóok’ol kaabe’, ti’al u nu’uktik kuxtal. Ts’o’okole’ le je’elo’ jump’éel ba’al ma’ tu yantal u beeta’al tumen kóomputadoráas”, tu tsolaj.
Le beetike’, u na’atik wíinike’ jump’éel ba’al yanchaj je’el bix úuchik u bin u k’éexel wíinik, yéetel jach je’el bix yaniko’, ma’ tu béeytal u jóok’sa’al u yoochel ti’ kóomputadoráas je’ex le yano’ob bejla’o’, tumen le je’elo’obo’ mix táan u sajaktalo’ob.
Rojas González máax ku ts’áak xook ti’ u noj najil xook Universidad Libre de Berlín, Alemania, táakpaj ti’ jump’éel tsikbal beeta’ab, tu k’aaba’taj “¿Las máquinas pueden pensar? ChatGPT y el aprendizaje de máquina”, beeta’ab jayp’éel k’iino’ob paachil, tu kúuchil El Colegio Nacional, tu noj kaajil Cdmx. 
Meyaje’ múul beeta’ab tumen jfiisikóo Alejandro Frank, máax ku meyaj tu kúuchil Centro de Ciencias de la Complejidad; táakpaj xan íinjenyeero Carlos Coello, máax jach u yojel ba’alo’ob yóok’lal ciencias computacionales ichil u kúuchil Centro de Investigación y de Estudios Avanzados (Cinvestav) ti’ Instituto Politécnico Nacional (IPN); yéetel ingeniero en electrónica Luis Antonio Pineda, máax jo’olbesik u múuch’il meyaj jbeet yáax robot yanchaj México, Golem.
Ajxak’al xooko’obe’ tu tsolajo’ob inteligencia artificiale’ káaj u xak’alta’al tu ja’abil 1956, úuchik u beeta’al jump’éel noj tsikbal yóok’lal tu noj najil xook Dartmouth, tu lu’umil Estados Unidos.
Yóok’lal ba’ax ts’o’ok u seen péek yóok’lal ChatGPT, Luis Antonio Pineda, tu ya’alaj le je’elo’ jump’éel sisteemáa ku meyaj yéetel “lenguaje automático”, yéetel je’el beyka’aj ka ts’a’abak u nu’ukulile’, ma’ tu tuukulo’ob mix xan yaan u yóolo’ob.  
Le beetike’, Carlos Coello tu ya’alaje’ k’a’anan xan u tsikbalta’al “ba’ax ku na’ata’al yóok’lal tuukul. Ma’ tu chúukpajal ba’al kéen u núuk wa ba’ax jump’éel kóomputadoráa, tumen unaj u na’atik ba’ax ku ya’alik, ba’ale’ na’ate’ láayli’ chéen ti’ wíinik yane’”.  Beey túuno’, Raúl Rojas tu ya’alaje’ “unaj u chi’ichnaktal kaaj”, tumen ikil jach séeba’an u bin ba’al yéetel le téeknolojiaso’, jach séeba’an xan je’el u tse’elel meyaj ku beetik wíinik.  
"
Jump’éel ti’ u jach jats’uts oochelo’ob AL ti’ le k’iino’oba’,27/04/2023,"Te’e k’iino’oba’, u jala’achilo’ob Chile tu k’a’aytajo’obe’, u ka’ap’éel nukuch mola’ayil litioe’ yaan u kaxtik bix u túumben nu’uktik ba’al ti’al ka p’áatak tu k’ab Jala’ach te’e lu’umo’, u ya’abil ti’ le máaxo’ob meyajtik le nu’ukulo’, ich múul meyaj yéetel uláal mineeráas. Te’e oochela’, chíika’an jump’éel salmueeráa, ichil u minail SQM, tu lu’umil Atacama.
"
"Ch’úuy, ku tukulta’ale’ leti’ u jach séeba’an ch’íich’il yóok’ol kaab",28/04/2023,"Óoli’ tuláakal tu’ux ti’ yóok’ol kaab yaan, chéen tu’ux ke’el mina’ani’, ba’ale’ k’ajóolta’an tumen ku máan xíinximbal, ts’o’okole’ leti’ u jach táaj séebil u máano’. 
Ch’úuye’, kaja’an ichil u k’áaxil Área de Protección de Flora y Fauna “Laguna de Términos”, tu’ux táaka’an Ciudad del Carmen, Kaanpech. Falco Peregrinus, u sientifiikoil k’aaba’, ts’o’okole’ táaka’an ichil u baatsil falconidae, suuk u yila’al ti’ mejen kaajo’ob naats’ yaniko’ob ti’ Laguna de Términos. 
Henlly Ávila Herrera, máax beetik u séektretaaroil u múuch’kabil Observadores de Aves de la Laguna de Términos, A.C., ku ya’alike’, “le ch’íich’a’ nojoch, ts’o’okole’ u paache’ óol samal ch’ooj, yéetel kaabale’ óol sak yéetel boox; u poole’ boox yéetel yaan u boox me’ex. 
Ku ya’alike’ ch’úuye’ ku chukik tak 100 kms u séebanil u xik’náal ichil jump’éel ooráa, ba’ale’ kéen u pulubáaj kéen ts’oonake’, ku chukik tak 300 kms por ooráa, le beetike’ jach séeb u máan. 
Ojéela’an yaan ichil 16 tak 19 u u jejeláasil, yéetel u jela’anile’ yaan ba’al u yil yéetel tu’ux ka’ajan. 
U chowakile’ ti’ yaan ichil 34 tak 58 cms, yéetel kéen u sit u xiik’e’, ichil 80 tak 120 cms. U aalile’ ti’ yaan ichil 440 yéetel 750 graamóos.
"
"Kalani, chéen bulukp’éel u ja’abil, ba’ale’ walkila’ jach k’ajóolta’an tumen yaan u na’at ti’al u báaxtik áajedrees",30/04/2023,"Levi Kalani Alexander Fogo Esquivel, bulukp’éel u ja’abil walkila’, ts’o’okole’ jach táaj u yojel u báaxt áajedrees, tu kaajil Tulum; jach táaj taak u k’iimbesik U K’iinil Mejen Paalal, le beetike’, tu páayt’antaj uláak’ mejen paalal ti’al xan ka u kan u báaxto’ob je’el ba’axak depoorteil. 
Ukp’éel u ja’abil ka’aj káaj u péeksik u na’at yéetel le báaxalo’. Kalanie’ ts’o’ok maanal 40 u téenal u náajalt u yáax kúuchil ti’ le báaxala’, le beetik yaan ya’abach medaayáas yéetel trofeeos u náajaltmaj, ichil keetilo’ob beeta’an tu kaajal, beyxan tu péetlu’umil Quintana Roo, México yéetel ti’ uláak’ táanxel lu’umo’ob. 
Ti’ jump’éel tsikbal tu beetaj yéetel La Jornada Mayae’, le xi’ipala’ tu ya’alaje’, jach paal ka’aj ila’ab yaan u na’at ti’al le báaxala’, tumen u na’, Esther Dejanira Esquivel Ramírez, yéetel u nool, Virgilio Esquivel. Le beetik walkila’, jach t’a’aj u ti’al u báaxtik. 
Beyxan tu ts’áaj u níib óolalil ti’ máax nu’uktik ti’al u péeksik u mejen nu’ukulil le báaxala’, Tania Miranda, tumen jach k’a’anan ba’ax u beetmaj ti’al u kaambal; beyxan ti’ u noole’ ku níib óoltik, tumen ts’o’ok u máan ya’abach ja’abo’ob káajak u ka’ansik áajedrees ti’ le kaajo’. 
“Ukp’éel in ja’abil ka’aj káaj in báaxtik yéetel in kanik áajedrees. Yáaxe’ in na’e’ tu ye’esaj teen máakalmáak u pieesasili’, ts’o’okole’ jach utschaj tin wich, le beetike’, ka tu yilaj séeba’an in kanike’, tu túuxtajen báaxal yiknal in nool. Leti’e’ túune’ tu ye’esaj ten uláak’ ba’alo’ob, yéetel jach séeba’an úuchik in kanik”, tu tsikbaltaj. 
Tu ya’alaje’, kex tak wa ma’ jach beey u yila’alo’, áajedrese’ ku jach náyasik u yóol máak, ts’o’okole’ yóok’lale’, ku béeytal u chíikbesik Tulum, Quintana Roo yéetel México tu táan uláak máako’ob; ts’o’okole’ ichil xíimbal u beetmaj ti’ uláak’ tu’uxo’obe’, ts’o’ok xan u béeytal u k’ajóoltik Yucatán, Baja California Sur, Michoacán, Campeche, Chihuahua, Ciudad de México, Tabasco, Colima, Jalisco yéetel Quintana Roo beyxan noj lu’umo’ob je’el bix Estados Unidos, Cuba, Panamá, España, Francia yéetel Canadá. 
Levi Kalani tu ya’alaj yóok’lal U K’iinil Mejen Paalal táan u náats’ale’, ma’alob ka náayak u yóol mejen paalal ti’ uláak’ ba’alo’ob, ma’ chéen ti’ reedes soosyales wa Internet; u ma’alobile’ ka u beeto’ob je’el ba’axak depoorteil. 
“Ko’ox a’alike’ bíideojuego’obe’ jach ma’alobtak, ba’ale’ maas chan ma’alob u jóok’ol máak báaxal kaayée, wa u beet je’el ba’axak deportéeil, beyxan u kanik máax je’el ba’axak ka utschajak tu yich, ti’al náaysaj óol”, tu ts’ook a’alaj.
Edición: Emilio Gómez
"
K’a’ayta’ab u ko’onol jump’éel ibérica ba’alil pool ku tukulta’al u ayik’al meyajil orfebrería; chéen ka’ap’éel ti’ le beey yaano’,02/05/2023,"Máaxo’ob u jach ojéel ba’alo’ob yóok’lal úuchben nu’ukulo’obe’ tu ya’alajo’obe’, ibeerikail diadeemae’ noj ba’al tumen tak walkila’, chéen ka’ap’éel ti’ le nu’ukulo’ob k’ajóolta’an yaan tak walkila’. Ts’o’okole’ walkila’, táan u ko’onol tumen juntúul koolexionista tu kaajil Madrid, tu jo’oloj jach beeta’ak u máanil ti’al u yojéelta’al tu’ux yaan le nu’ukulo’oba’. Beey túuno’, ka ojéelta’ab tu’ux yane’, junmuúch’ u arkeeologosil Jaén táan u péek ti’al u yilko’ob wa je’el u béeytal u múul máanko’ob yéetel Junta de Andalucía, tumen beyo’ je’el u biinsa’al e’esbil Museo Ibero de Jaén.
Le táan u ko’onol walkila’, beeta’an yéetel ooróo, ts’o’okole’ yaan óox jaats ti’; óoli’ maanal 30 sentiimetróos u chowakil. 
Jxak’al xook Arturo Ruiz tu ya’alaje’, ichil u meyajil fíiligranae’ beeta’an u chíikulal úukumo’ob yéetel palmeeráas. Ts’o’okole’ nupa’an yéetel u meyajil griega orfebrería beeta’ab tu k’iinil tu taal u ts’o’okol siiglóo IV wa tu káajbal siiglóo III a.n.e.”.
"
"Nuklear ts’aak, k’a’anan ti’al u ts’a’akal k’oja’ano’ob je’el bix tsu’unus, Alzheimer yéetel Parkinson",02/05/2023,"Nuklear ts’aake’, jun jaats ti’ le ba’ax ojéelta’an yóok’lal ts’aake’, tu’ux ku k’a’abéetkunsa’al ráadiaktibóo ba’alo’ob ti’al máaxo’ob tsaayal óonkolojiikóo k’oja’ano’ob, ba’ale’ beyxan ti’al máaxo’ob yaan wa ba’ax k’oja’anil tu puksi’ik’alo’ob wa tu ts’o’omel u poolo’ob, je’el bix Alzheimer wa Parkinson, beey jts’a’ab k’ajóoltbil tumen xts’akyaj Gisela Estrada Sánchez, máax jo’olbesik Federación Mexicana de Medicina Nuclear.
Xts’akyaje’ táakpaj XI Congreso Internacional de Medicina Nuclear y Molecular, beeta’ab ichil le 27 ti’ abrila’, tak tu yáax k’iinil mayo máanika’, tu kaajil Puerto Morelos. Ti’ jump’éel tsikbale’ tu ya’alaje’, ti’al u béeytal u k’a’abéetkunsa’al nuklear ts’aak, je’el bix PET/CT (tomografía por emisión de positrones), ku k’a’abéetkunsa’al xan jump’éel ba’ax séebkunsik paartiikúulas je’el bix ciclotrón, ba’ale’ ichil tuláakal u noj lu’umil Méxicoe’ chéen waxakp’éel nu’ukul yaan ti’al u beeta’al; jump’éel ti’ le je’elo’obo’ ti’ yaan tu péetlu’umil Quintana Roo, tu méek’tankaajil Benito Juárez.
“Ka beetik jump’éel yáax xaak’al, ts’o’okole’ ka nu’uktik jump’éel túumben traatamientóo, ts’o’okole’ ka ka’ beetik xaak’al, ti’al beyo’, u béeytal u bin a xak’altik wa táan u beetik uts wa ma’. Le beetik nuklear ts’aake’ noj xáak’ab ti’al ba’ax ku meyajta’al ti’al u ts’a’akal k’oja’ano’ob”, tu tsikbaltaj xts’akyaj.
Tu ya’alaje’, ba’ax ts’o’ok u meyajta’al ichil nuklear ts’aake’, jach áantajnaja’an tumen ku béeytal u xak’alta’al, yóok’ol juntúulili’ k’oja’ane’, bix u k’amik le jejeláas tráatamientóos kun túuntbilo’. Ciclotróne’ ku ts’áak u páajtalil u beeta’al u jach ma’alobil oochel kéen beeta’ak tóomografia yéetel móolekular meyaj, ti’al beyo’ u jach ma’alobchajal xan bix u ts’a’akal máak.
Beey túuno’, le túumben ba’alo’oba’ ku páajtal u k’a’abéetkunsa’al yéetel je’el máaxake’ -je’el beyka’aj u ja’abile’- ba’ale’ najmal ojéela’an tsaayal ti’ ts’unus, tumen lelo’ k’a’anan ti’al u beeta’al le xaak’alo’obo’. 
Le uláak’ ukp’éel ciclotrono’obe’ ti’ yano’bo Ciudad de México, Sonora, Nuevo León, Jalisco, Guanajuato yéetel Querétaro. Mina’an uláako’ob tumen jach ko’ojtako’ob, ba’ale’ ajxaak’al máako’obe’ ku tukliko’obe’ je’el bix u bin u yila’al u k’a’abéetilo’obe’ yaan u bin u ma’anal u jeelo’ob.
"
Kaxta’ab Alemaniae’ nu’ukulo’ob maanal 2 mil 300 ja’abo’ob u yúuchbenil,03/05/2023,"Jach ts’aka’an úuchik u kaxta’al jump’éel seeltáa tijeeráa yéetel uláak’ nu’ukulo’ob yaan kex 2 mil 300 ja’abo’ob u yúuchbenilo’ob. Le ba’alo’oba’ ti’ j-ila’abo’ob tu lu’umil Múnich (Alemania) úuchik u beeta’al páan meyajo’ob te’e baantao’. Nu’ukule’ ti’ ts’a’aban ka’ach tu’ux úuch jump’éel muuk, ba’ale’ jach tu beel ts’aka’anil, tumen yaan ba’alo’ob táan tak u léembal ti’. Ts’o’okole’, kaxta’ab xan jump’éel espaadáa, u xiixel jump’éel paan, wa eskuudóo, yéetel u puuntail jump’éel xul, je’el bix xan ba’al ti’al u yúuchul xoot, yéetel baak.
"
UNAMe’ táan u beetik u meyajil ti’al u tsoltsíibtik Atlas de Enfermedades Infecciosas,03/05/2023,"Ti’al ma’ u jach talamtal u beeta’al xaak’alo’ob ku tsa’ayal tumen ku pa’ak’ao’ob yéetel ku tsa’ayal ti’ mexikoilo’obe’, UNAMe’ táan u meyajtik jump’éel tsolts’íib ti’al u much’ik tuláakal ba’ax ojéelta’an yóok’lal ba’ax beetik u yantal k’oja’ano’ob, je’el bix patógenos, vectores wa reservorios.Meyaj ku beeta’ale’ táan u kaxtik u chúukbesik ya’abach ba’alo’obe’, ti’al beyo’ u béeytal u yokol máak u xak’alt je’el ba’axak k’a’anan u yojéelta’al yóok’lal ba’ax tsa’aysik k’oja’anil, wa tumen ik’elo’ob, wa tumen bakteerias, yéetel uláak’ ba’alo’ob ku yantal tu noj lu’umil México.Tu yáax jaats meyaje’, jmuch’a’ab jayp’éel ba’alo’ob ojéela’an yóok’lal túumben pak’be’en k’oja’ano’ob ku yantal te’e lu’uma’, je’el bix: u k’oja’anil pik, Lyme, chikungunya, dengue, fiebre del Nilo, Zika, hantavirus, leishmaniasis yéetel leptospirosis.
Yéetel tsolts’íib ku meyajta’ale’ táan xan u kaxta’al u yojéelta’al uláak’ ba’alo’ob kéen jóok’ok uláak’ k’oja’anilo’ob yéetel bix u bin u tsa’ayal le ojéela’an yano’obo’, ba’ale’ tu’ux xan ka ch’a’anukta’ak bix u bin u k’éexel ba’al yóok’ol kaab.Yaan xan u béeytal u k’ajóolta’al tu’ux maas yaan u sajbe’entsil u tsa’ayal ti’ máak le k’oja’ano’obo’.UNAMe’ ku ya’alik u meyajil Atlas de Enfermedades Infecciosas jump’éel ba’al je’el u meyaj ts’áak u páajtalil u xak’alta’al tu’ux yaan je’el ba’axak ba’ax tsa’aysik k’oja’an, je’el bix: bix yanik k’iin, bix yanik u kaajil tu’ux yaan, yéetel bix yanik kuxtal tu’ux ku tsa’ayal.U noj najil xooke’ tu tsolaj le nu’ukula’ yaan u meyaj ti’al u yila’al wa je’el u ch’éenel u seen tsa’ayal le k’oja’ano’ob jatsa’ano’ob ku síijil beey zoonótico, lela’ u k’áat u ya’ale’ leti’e’ ku tsa’ayal ti’ wíinik tumen ku páak’al ti’ tumen juntúul ba’alche’, je’el bix u yúuchul yéetel chagas, ku tsa’aysa’al tumen pik, tumen k’oxol; wa u k’oja’anil Lyme, ku tsa’ayal yóok’lal peech. Te’ela’, epispecies.c3.unam.mx/, ku páajtal a xak’altik le tsoolts’íib ts’o’ok u meyajta’al tak walkila’.  
"
K’ujsa’ab México juntúul pastor aleemaan; Turquía síiej ,03/05/2023,"Ti’al u ts’a’abal u níib óolalil yóok’lal áantaj tu ts’áaj Proteoe’, peek’ áantaj u kaxt wíinik kíimo’ob úuchik u tíitkubáaj lu’um te’e noj lu’umilo’, tu winalil febrero máaniko’, túxuta’ab ti’ mexikanoil noj lu’um juntúul u mejenil le ba’alche’o’, máax yaan u ka’ansa’al tumen u yuumil le uláak’ juntúul jkíimo’.
"
Tu páayt’anta’al kaaj ti’al u yu’ubik u tsikbalil yóok’lal bix u núupul ko’olel yéetel u kananil yóok’ol kaab,04/05/2023,"Le 20 ti’ mayo ku taala’ yaan u beeta’al tu noj kaajil Jo’, Primer Foro Mundial de Ecofeminismo. Le je’ela’ jump’éel múuch’tambal tu’ux yaan u tsikbalta’al jejeláas ba’alo’ob yóok’lal péekbal táan u beetik kaaj, tu’ux ku núupul u kaláanta’al yóok’ol kaab yéetel kanan ku beeta’al tumen ko’olel. Máax jo’olbesik u beeta’al le meyaja’, Danna Mena Navarro, tu ts’áaj k’ajóoltbile’, láas 11 kéen káajak múuch’, yéetel u tuukulile’, ka ts’o’okok láa 1, ts’o’okole’ yaan xan u béeytal u cha’antal tu Facebookil A por la Tierra, Ateneo Nacional de la Juventud, JCI Buenos Aires yéetel uláak’ múuch’kabilo’ob táakano’ob te’e meyaja’.Beyxan yaan u páajtal u cha’antal ti’ bíiedeoyaamadáa, yéetel kéen ts’o’okok múuch’tambale’ yaan u k’u’ubul jump’éel ju’un ti’al u chíimpolta’al máaxo’ob táakpaji.
Ti’ tsikbalo’obe’ yaan u tsola’al ti’ máax kun táakpajale’, u k’a’ananil u k’ajóolta’al bix u táakpajal ko’olel ti’ ba’ax ku k’aaba’tik sóostentibilidaad, tu ya’alaj Danna Mena. Ichil máaxo’ob kun táakano’ob ti’ meyajo’ob ku beeta’al yóok’lal yóok’ol kaabe’ ti’ yaan Anselma Chalé, ti’ u péetlu’umil Yucatán; Mariana Alpízar Guerrero ti’ u noj lu’umil Costa Rica; Verónica García ti’ u lu’umil Ecuador; Isis Riquelme ti’ u lu’umil Chile, ichil uláak’o’ob.Ku béeytal u táakpajal je’el máaxak, mix ba’al ti’ wa xiib wa ko’olel. Ti’ kun beetbil tu najil Casa Pancha —tu bejil 60 #330 Alcalá Martín, Jo’—, yéetel yaan xan u kona’al jejeláas ba’alo’ob beeta’an, ba’ale’ tu’ux ma’ loobilta’an yóok’ol kaabi’; u mola’ayil Secretaría de Desarrollo Sustentable (SDS) yaan xan u síik xíiwo’ob yéetel u kúulul che’ob.Beey túuno’, u táakpajal ko’olel ti’ ba’ax yaan u yil ti’al u kaláanta’al yóok’ol kaabe’, k’ajóolta’an beey ecofeminismo; Danna Menae’ tu tsikbaltaje’ le péekbala’ ku kaxtik u kaláantik kuxtal. “Jach mu’uk’a’an yanik bix p’ata’an paachil ko’olel yéetel bix u loobilta’al yóok’ol kaab”.Le tuukula’, ku kaxtik ka u jeel tukult wíinik bix u kuxtal te’e yóok’ol kaaba’, yéetel xan u yilik bix u múul yantal yéetel u yéet wíinikil ba’ale’ beyxan yéetel yóok’ol kaab; najmal u na’atik bix yanik yéetel k’éexilo’ob tána u yantal ti’ bix u máan k’iin, yéetel u talamilo’ob taak’in. U k’exa’al u tuukul kaaje’, unaj xan u beetik u k’exik bix u náajlata’al taak’in yéetel bix u patjo’ota’al poliitikáas; ba’ale’ wa ma’ tu yojéelta’al ba’al yóok’lal le je’ela’, ma’ tun bin séeb k’éexel ba’al, wa jach xaan kun úuchul.
"
Kaxta’ab u wooj yuumtsil K’awiil tu meyajilo’ob Tren Maya,04/05/2023,"Chan k’at wíinkilal kaxta’ab tu jaatsbejil 7 le noj meyajo’, ku yáalkab Bacalar, Quintana Roo, tak Escárcega, Kaanpech. Yuumtsile’ nupa’an yéetel u jaats’ cháak yéetel muuk’, beey úuchik u k’a’aytal tumen Diego Prieto Hernández, máax jo’olbesik Instituto Nacional de Antropología e Historia (INAH). Tu tsikbaltaje’ te’e chan ba’ax kaxta’abo’ chíika’an u yich juntúul yuumtsil, yéetel tu maake’, u pool K’awiil, ts’o’okole’ leti’e’ yáax kaxta’an yaan ba’al u yil yéetel muuk’.  
"
2022e’ yanchaj 258 miyoonesil máak ma’ jeets’el u yo’och ti’al u janali’,04/05/2023,"Ichil ba’ax jts’a’ab k’ajóoltbil tu xaak’alil Informe Mundial sobre las Crisis Alimentarias (GRFC) k’a’ayta’ab le miércoles máanika’ tu lu’umil Roma; wi’ijil ti’ yóok’ol kaabe’ nonojchaj ti’ 58 u p’éel noj lu’umo’ob tu’ux yaan ba’ateltáambal, tu’ux táan u k’éexel bix u máan k’iin, u jejeláasil ba’ax jp’áat yóok’lal u k’oja’anil covid-19 yéetel u ba’atelil Ucrania. Te’e oochela’ ajk’atuno’ob t’oxik janal tu lu’umil Pakistán, le ja’ab máaniko’.
"
"U k’áatik wíinik noortee’, 10 por siientoil asab ko’oj u jóok’ol a ke u k’a’atal Centroamérica tak México",05/05/2023,"Walkila’, ts’o’ok u p’a’atale’, u xuul kaajilo’ob México yéetel Estados Unidose’ noj ba’al ti’al u náajalta’al taak’in. U máan máak Centroamérica tak Méxicoe’ óoli’ “ma’ ko’oji’” tumen chéen 100 dolaarées ku tojoltik ti’ máak, ba’ale’ u k’áatal máak te’e xamano’ jach ko’oj, tumen k’ucha’an ichil 2 mil tak 10 mil doolarées; yaan ba’al u yil tu’ux kun máan ch’a’abil le máax kun máansbilo’, beey úuchik u ya’alal tumen Banco Mundial (BM).
Lela’ ku ye’esike’ maanal tak 100 u téenal u máas ko’ojil jump’éel ti’ le uláak’o’.
Ichil ba’ax tu ts’áaj k’ajóoltbil mola’aye’, bejil ku yáalkab América Central tak México le jump’éel ti’ le ma’ jach ko’ojtako’ob ichil tuláakal yóok’ol kaabi’, wa ku ke’ete’el tak yéetel le bajux ku tojoltik u k’áatal máak Pakistán tak Arabia Saudita. 
Beey túuno’, yaanal ba’al u k’áatal máak Estados Unidos, tumen u máansa’al wíinike’ maas jach táaj ko’oj.
Ts’o’ok u chan máan k’iin káajal u ya’alal tumen BM beyxan tumen uláak’ múuch’kabilo’obe’, u k’áatal máak tak Estados Unidos, kéen luk’uk máak Méxicoe’, ko’oj yóok’lal p’iisilo’ob je’ets’ ka’alikil áalkabnaj u jala’achil Donald Trump, tumen mu’uk’ankúunsa’abo’ob úuchik u yantal pak’be’en k’oja’an.Ichil ba’ax jts’a’ab k’ajóoltbil tumen mola’aye’, ku chíikpajal walkila’, u p’áatal máak México wa u k’uchul máak tak Estados Unidose’ ku píitmáansik tak 9 mil 900 por siiento.
Ti’ jump’éel túumben xaak’al jts’a’ab k’ajóoltbile’, Banco Mundial tu ya’alaj Méxicoe’ táaka’an ichil u múuch’il jo’op’éel noj lu’umo’ob ma’ jach ya’ab taak’in yaan ti’obe’, ts’o’ok u éejentiko’ob ka “máansa’ak tu k’ab uláak’o’ob” u poliitikáasil táanxel kaajil máako’ob, tu’ux ku je’ets’el tak u beeta’al meyajo’ob ti’al u kaláanta’al xuul kaajo’ob yéetel u yantal tu’ux u wulabkúunsa’al máak chéen ku tukultik u k’áatali’. 
Mokt’aano’ob máansa’an tu k’ab u jeelo’ob ti’al u kaláanta’al xuul kajo’obe’ ts’o’ok u yantal ichil Australia, Papua Nueva Guinea yéetel Nauru; Unión Europea yéetel Turquía; Reino Unido yéetel Ruanda; Estados Unidos yéetel México; beyxan Italia yéetel Libia.
“Mokt’aano’obe’ ts’o’ok u beetiko’ob u yantal xwo’okinil, tumen ma’ tu chúukpajal ba’al ti’al u kaláanta’al máak, tumen kéen beeta’ak ba’al je’ex u ya’alalo’ yaan ba’alobe’ ku kúulpachchajal ti’ ba’ax najmal u beeta’al tumen noj lu’umo’ob kéen k’uchuk táanxel kajil máako’ob yéetel ba’ax yaan u yil yéetel u páajtalil wíinik”, a’alab tumen BM.U máansa’al tu k’ab u jeelo’obTe’e meyajo’, ku xo’okol ba’ax j-úuch ichil Italia yéetel Libia, tumen mokt’aane’ ch’a’achibta’ab tumen Tribunal Europeo de Derechos Humanos tu ja’abil 2012 yéetel tak polta’ab tumen Relator Especial de Naciones Unidas yóok’lal Derechos Humanos de los Migrantes, tumen tu p’ataj máak ichil u sajbe’entsil kíimil, ma’ tu kaláantaj ma’ u loobilta’alo’ob, tu beetaj u p’áatal wíinik ichil u sajbe’entsil u yantal sexual loobilaj, ichil uláak’ ba’alo’ob.
Ichil ba’ax yaan u yil ichil México yéetel Estados Unidose’, BMe’ tu k’a’ajsaj tu ja’abil 2018e’, u jala’achil Donald Trumpe’ tu jets’aj jump’éel nu’ukbesaj tu xuul kajil lu’um te’e xamano’, ti’al u ja’atsal mejen paalal yéetel paalal ti’ u taatatsilo’ob wa máaxo’ob kaláantik, úuchik u jach “ts’áak u yóol” ti’al u beetik u jáawal u seen k’áatal máak mina’an u ju’unil tak te’elo’.
Tu ja’abil 2019e’, u noj lu’umil México tu k’amaj u meyajil u ya’abkunsik kanan ku beetik ti’al u jáawal u k’áatal táanxel kajil máaxo’ob, yéetel u je’elsik máaxo’ob kun k’áatik ka wu’ulabkúunsajo’ob, ka’alkil u máansa’al u ju’uno’ob tu táan tríibunal. Beey túuno’, jun jaats ti’ le ba’ax “máansa’ab tak tu jeel” lu’ume’, chíika’an ti’ ba’ax ku yúuchul ti’ kúuchilo’ob tu’ux ku kóojol táanxel kajil máako’ob, je’el bix le yaan Ciudad Juárez, tu’ux jóopsa’ab k’áak’ bin ti’al u ye’esa’al mina’an ki’imak óolil yóok’lal bix úuchik u je’elsa’al táanxel kajil máako’ob, tu’ux jkíim 40 u túul máako’obi’.
"
U ch’íich’il ja’,05/05/2023,"Áak’ab gaarsae’ ma’ jatsa’an ichil le ch’íich’o’ob sajbe’entsil yanik u ch’éejelo’ob, ba’ale’ jach k’a’anan, le beetike’ unaj u kaláanta’al tumen tu lu’umil Bermudase’ k’a’abéetkunsano’ob ti’al u ts’a’abal u p’iisil krustaaseos.Kex beyo’, ma’ chéen krustaaseos ku jaantik; ki’ xan u yu’ubik muuch yéetel u jejeláasil kayo’ob, tumen beyo’ ku ts’áak u p’iisil u yantal ba’alche’.Nycticorax nycticorax u sientiifikoil k’aaba’. U poole’ yaan tu’ux ku léembal, ts’o’okole’ óol k’aank’an yéetel tu p’u’uke’ yaan u sakil. Tu yooke’ yaan u chakil yéetel u samal chak, ba’ale’ jejeláas u jóok’ol kéen síijik.
"
Xaak’al beeta’abe’ ku ye’esik túumben nu’uk ti’al u tséentikubáaj wíinik  ,08/05/2023,"Yéetel u ts’ook nu’uktaj ku beeta’al ti’al u tséentikubáaj máake’, u noj lu’umil Méxicoe’ táan u jeel jets’ik bix unaj u tséentikubáaj máak, tumen táan yéensa’al le beyka’aj bak’ jets’a’an najmal u jaanta’al, beyxan le próosesaartano’obo’, tumen unaj u chukiko’ob u 8 por siientoil le janal ku beeta’alo’; ts’o’okole’ táan xan u beeta’al jump’éel ti’ le ba’ax ch’a’achibta’ab ka’aj káaj u wakp’éel ja’abil meyaj le jala’acha’: u nonojkúunsa’al u jaanta’al janabe’enba’al ku yantal tu k’iintsilil, beyxan le ku yantal te’e lu’umo’obo’, tumen le je’elo’ “k’a’anan ti’al u tséentikubáaj wíinik yéetel ti’al ma’ u k’askúunta’al yóok’ol kaab”, tu ya’alaj Simón Barquera Cervera, máax jo’olbesik Centro de Investigación en Nutrición y Salud del Instituto Nacional de Salud Pública (INSP).Le beetike’ jts’a’ab k’ajóoltbil lajunp’éel tsolnu’uk ku béeytal u beeta’al ti’al u yutsil tséentukubáaj máak, ba’ale’ tu’ux ka chíimpolta’ak u tojbe’enil wíinik, u kaláanta’al yóok’ol kaab. Le tsolnu’uko’obo’ beeta’ab tumen junmúuch’ jejeláas máako’ob táakano’ob ichil Grupo Intersectorial de Salud, Alimentación, Medio Ambiente y Competitividad (Gisamac), “jach mu’uk’a’an yanik u sientiifikoil tuukul ba’ax táant u tsolnu’ukta’al, tumen mina’an mix ba’al ku ch’a’anukta’al wa ma’ u toj óolal wíinik kéen u tséentubáaj”, tu ya’alaj Barquera Cervera.
Tsolnu’uko’obe’ yaan u ts’a’abal k’ajóoltbil le 20 ti’ mayo ku talaa’, ts’o’okole’ u nooyile’, leti’e’ tséetajil tu’ux ka chíimpolta’ak yóok’ol kaab, yéetel tu’ux ka meyajta’ak kool.Le beetike’, táan u beeta’al u túumbenil Plato del Bien Comer, tu’ux ka táakbesa’ak uláak’ ba’alo’ob ti’ le jeets’elo’ob walkila’, tumen u jaanta’al u yich che’ob yéetel ba’ax ku ts’áak lu’ume’ unaj u chukik u 50 por siientoil le janalo’; u jaanta’al leguminosase’ u, 15 por siientoil; i’inajo’ob yéetel serealo’obe’, jach u ya’abile’ 22 por siiento, yéetel chéen u 5 por siientoil janale’ unaj ti’al áaseites yéetel graasas sáaludablées. Beyxan, ku ya’alike’ unaj u chan ch’éenel u jaanta’al janalo’ob yaan u seeyosil a’ak je’el u beetik loobe’. “Ma’ chéen beey úuchi u je’ets’el u ja’ajatsil le janalo’. Yanchaj u beeta’al sientiifikoil xaak’alo’ob, beyxan bix u bin u xu’upul janabe’enba’al, yéetel ba’ax k’a’abéet ti’al u yutsil yantal máak, ti’al ma’ u seen k’oja’antal”, tu tsolaj Barquera.
Tu tsikbaltaje’ “wa k-k’áat ka yanak yóok’ol kaab ti’al máaxo’ob ku taal tpaache’, k’a’abéet xan k-k’exik bix ktséentikbáaj. U chan ch’éenel kjaantik bak’, u yu’uk’ul chéen ja’ yéetel u na’atik máake’ chatarráa janale’ ko’oj yéetel ku beetik k’aas”.Tsolnu’uke’, tu ya’alaj, jump’éel ba’al je’el u meyaj ti’al u nu’uktik bix u tséentikubáaj máak, ts’o’okole’ tu ch’a’achibtaj xan u nojba’alil u yutsil janal máak.Barquera Cervera, juntúul ti’ le máaxo’ob táakpaj ti’al u beeta’al tsolnu’uko’obe’, tu ya’alaje’ beeta’ab “ti’al tuláakal máak, ba’ale’ ku páajtal u jéets’el ti’ lalaj lu’umo’ob, beyxan u mola’ayil Secretaría de Salud táan u meyaj ti’al u táakbesa’al janabe’enba’alob yaan te’e lu’uma’”.
"
Laj ts’o’oka’an meyajo’ob ti’al u beeta’al Rally Maya le 20 ti’ mayo ku taala’,08/05/2023,"Ichil u k’iinil 20 tak 29 ti’ mayo ku taala’, yaan u beeta’al u bolontéenil e’esajil Rally Maya. Le je’ela’ ku kaxktik u péektsiltik u xíimbalta’al u petenil Yucatán, ts’o’okole’ ku kaxtik xan u yáantaj tumen jun jaats ti’ le taak’in ken u much’ kéen beeta’ako’, yaan u k’u’ubul ti’ jejeláas meyajo’ob ku beeta’al. Yaan u táakbesa’al 120 u p’éel klaasikóo kis buuts’o’ob yéetel yaan u yáalkabtiko’ob mil 200 kiloometróos, ti’ jo’o jaats: Ciudad del Carmen tak Campeche; Campeche tak Jo’; Jo’ tak Progreso; yéetel Jo’ tak Cancún, tu’ux kun ts’o’okol le xíimbalilo’.
"
Verstappene’ tu náajaltaj u GPil Miami; Checo Péreze’ paach ti’ p’áatij,08/05/2023,"Neerladesile’ tu jach chíikbesubáaj ichil u keetil Gran Premio jbeeta’ab tu lu’umil Miami, ts’o’okole’ u yóoxtéen u náajal ti’ le téemporadaa’, ti’ jump’éel k’iin tu’ux jach táanilchaj Red Bullo’ob ti’ le u jeelo’obo’; jmexikoil Sergio Péreze’ p’áat tu ka’a kúuchil le keetilo’.
"
Organización Panamericana de la Salud tu k’a’aytaj sabe’entsil yóok’lal u pak’be’en k’oja’anil chikungunya,09/05/2023,"U mola’ayil Organización Panamericana de la Salud (OPS) tu k’a’aytaj te’e k’iino’oba’ sajbe’entsil yaan yóok’lal bix yanik walkila’ u pak’be’en k’oja’anil chikungunya, tumen tak walkila’ ts’o’ok u tsa’ayal ti’ maanal 214 mil u túul máak ichil tuláakal u lu’umil Américas.“Te’e ja’aba’ táan k-ilik k’eexilo’ob ti’ beyka’aj nojoch yéetel bix yanik le k’oja’anila’. Pak’be’en k’oja’ane’ maas táanil táan u chíikpajal yéetel maas ya’ab u tsa’ayal ti’ le ts’ook ja’abo’oba’”, tu tsikbaltaj Thais dos Santos, máax beetik u áasesorail Vigilancia y Control de Enfermedades Arbovirales, ichil u mola’ayil OPS/OMS úuchik u ts’a’abal k’ajóoltbil jump’éel k’a’aytajil ts’íib le semana máaniko’. 
"
Hubblee’ tu ch’a’aj u yoochel u yaanalil ka’an táan u ki’iki’ leelem péek,09/05/2023,"Túumben oochel jch’a’ab tumen u éespasyal téeleskoopyol NASAe’ ku ye’esik uláak’ ka’ano’ob, wa galaxias, k’ajóolta’ano’ob beey AM 1214-255. Le ka’ano’oba’ yaan u galaktikóo nooy kuxa’an wa AGN. AGNe’ u jaats ti’ u chúumukil ka’an tu’ux jach táaj sáasilchaja’an. U leeleme’ ku yantal yóok’lal mateerya ku sutulsuut ti’al u k’uchul tak tu’ux yaan u chi’ jump’éel nukuch boox jool tu puksi’ik’al le ka’ano’, a’alab tumen NASA.  
Hubblee’ béeychaj u yilik u asab naats’il ka’an yaan te’e chúumuko’, úuchik u je’ets’el u jach cha’anta’al AGN, ti’al beyo’ u béeytal u mu’uch’ul jun jaats ba’alo’ob yóok’lal AGN naats’ak yano’ob, ti’al u k’a’abéetkunsa’al tumen ajsutu’ut eek’o’ob, ti’al u beeta’al u xaak’alilo’ob fiisikáa yóok’lal le ba’alob yaan te’e ka’ana’, beyxan le boox joolo’obo’ ichil uláak’ ba’alo’ob.  
"
"Boudoir oochel, u ki’iki’ óolal u wíinkilal ko’olel",09/05/2023,"Walkil lajka’ap’éel ja’abo’obe’, Claudia Castilloe’ káaj u ch’a’ak u yoochel ko’olel tu’ux ku chíikpajal u ki’ichkelemil yéetel u jats’utsil u wíinkilalo’ob, ti’al beyo’ u táakmuk’ta’al yaabilaj ti’al je’el máakalmáak u jejeláasil ka ila’ak.
"
"Ti’al u ts'aatáanta’al u wi’ijil wíinike’, no’oja’an u tséenta’al ik’elo’ob: Corporativo Kosmos",10/05/2023,"U seen ya’abtal máak yóok’ol kaab, yéetel u jach k’a’abéetkunsa’al janabe’enba’al ti’al u tséentikubáaj máake’, táan u beetiko’ob u jach péek ba’al ichil u ba’alumbáaj u tséentikubáaj wíinik. Yóok’lal túun le je’ela’, Corporativo Kosmos, jump’éel k’a’anan mola’ay ku patjo’oltik túumben ba’alo’ob yóok’lal u tséentajil wíinike’, táan u kaxtik ka xak’alta’ak ba’ax je’el u béeytal u beeta’al ti’al ma’ u ch’éenel u yantal u yo’och wíinik: u tséenta’al ik’elo’ob.“To’one’ ktukultike’ u yantal kúuchilo’ob tu’ux u tséenta’al ik’elo’obe’ je’el u meyaj ti’al ma’ u ch’éenel u yantal u ba’al u jaant wíinik, tumen beyo’ ku béeytal u ts’aatáanta’al talam yaan ti’al u yantal janal ti’ tuláakal u wíinikilo’ob yóok’ol kaab, le beetik k’a’anantako’ob”, tu ya’alaj juntúul ti’ le máaxo’ob jbeetik u k’a’aytajilo’ob Corporativo Kosmos.Yaan jejeláas xaak’alo’ob beeta’an ti’al u táakmuk’ta’al le tuukul je’ela’, tumen u kúuchil u tséenta’al ik’elo’obe’ ku ts’áak u páajtalil u yutsil meyajta’al, ba’ale’ beyxan u séeb yantal ba’al u jaanta’al, tumen tu ya’alo’obe’, wa ku tséenta’al jmáaso’obe’, kéen yanak ka’ap’éel kiilose’, u k’áat u ya’al yaan jump’éel kiilóo proteiináa, ka’alikil kéen tséenta’ak wakaxo’obe’ k’a’abéet kex waxakp’éel kiilos ti’al u beeta’al le beyka’aj proteiinao’. 
"
"Jahaziel, juntúul xi’ipal ku máan u chuk muuch tu kaajil Jo’, ti’al u kaláantik",10/05/2023,"Lajunp’éel u ja’abil walkila’. Leti’e’ juntúul xi’ipal ts’o’ok ch’a’ak u kaláant maanal 100 u túul muuch ti’al u yáantaj tu múuch’kajtalil Fraccionamiento Las Américas, tu noj kaajil Jo’. Suuka’an u láak’inta’al tumen u na’, tumen tu k’iinilo’ob u k’áaxal ja’e’ ku máan u mol muucho’ob yaan te’e najo’obo’ ti’al u biinsiko’ob tu’ux ma’ táan u beeta’al mix ba’al ti’ob. 
Ts’o’ok ka’ap’éel ja’ab káajak u beetik le meyaja’ chéen tumen uts tu yich: yaan u yantal u kaambal ti’al u beetik jbiologoil yéetel yaan u meyaj ti’al u kaláantik tuláakal ba’alche’ kun béeytal, ba’ale’ walkila’ táan u ts’áak u yóol ti’ bolontúul aalak’o’ob ts’o’ok u ch’a’ak -waxaktúul miis yéetel juntúul peek’- beyxan ti’ le muuch ku máan u ch’a’a te’e najo’obo’.
Ti’al u t’a’anal le xi’ipala’ ti’al ka xi’ik u ch’a’a muuch ku yokol ti’ najo’obe’, ku béeytal u beeta’al tu nuumeroil 999 746 6257, tu’ux kun núukbil tumen Jazmín. Walkila’ táan u kaniko’ob uláak’ ba’alo’ob ti’al u béeytal xan u máan u molo’ob uláak’ ba’alche’, je’el bix kaan yéetel xchiwol.
"
K’a’ayta’ab ts’o’ok u máan u k’iintsilo’ob sajbe’entsil yóok’lal Covid-19 tu lu’umil México,10/05/2023,"Máax beetik u súubsekretaryoil Salud, Hugo López Gatell, tu ya’alaj walkila’ tse’el sajbe’entsil yóok’lal pak’be’en k’oja’an ku tsa’ayal tumen yaan Sars-Cov-2 te’e noj lu’uma’, ti’al beyo’ u núupul xan yéetel ba’ax jets’a’ab tumen OMS tumen láayli’ xan ts’o’ok u no’ojantal ba’al ti’al ka xu’uluk u kaláantikubáaj máak ti’ le k’oja’ana’.
"
"Táankelem xi’ipal talam u péeke’, béeychaj u jach meyaj ti’al u je’ik jump’éel kúuchil koonol",11/05/2023,"Betoe’, juntúul maaya xi’ipal kaja’an Seyé. Ka’aj síije’, yanchaj ti’ paraalisiís espastikáa tu ts’o’omel u pool; le ba’ax je’ela’ ma’ táan u cha’ik u péek u wíinkilal tu beel tumen tootchkil yanik u muuk’il. Ka’ache’ ma’ tu jach páajtal u xíimbal, ts’o’okole’ ku jach péech’olta’al tak tumen u yéet kaajalo’ob. Ba’ale’ walkila’, ts’o’ok tak u yantal jump’éel u kúuchil tu’ux ku meyaj.Kex tumen tu lu’umil Yucatán ku ya’alal ma’ sajbe’entsil u kuxta’al máaki’ yéetel kaláanta’al u kaajile’, óoli’ u 3 por siientoil u kajnáalo’obe’ (kex 48 mil máako’obe’), ichil ba’ax chíikpaj tu xookil Inegi ti’ u ja’abil 2010e’, yaan wa ba’ax díiskapasiidaad ti’ob, ts’o’okole’ yóok’ol jump’éel puunto poorsentual yanik ti’ le máaxo’ob kuxa'ano'ob beyo' ichil tuláakal u noj lu’umil México.  Walkila’ 22 u ja’abil ti’ Edwin Alberto Palomo Tec. Jach paal ka tu yu’ubaj ba’ax u mina’antal u yóol máak yóok’lal u talamil u péek, le beetike’ tu yoksajubáaj ti’ droogáas yéetel káaltalil, ba’ale’ yéetel u yáantajil u láak’o’ob, u na’ yéetel u chiiche’, tu k’exaj u kuxtal.
Ts’akyajo’obe’ tu ya’alajo’obe’ ma’ tun bin xíimbal mix bik’in, mix xan tu kuxtal je’ex tuláakal máak, ba’ale’ leti’e’ béeychaji. “U k’a’ananile’, tumen tin tuklaj je’el in béeytale’”, tu ya’alaj Edwin Alberto.Beey túuno’, le 10 ti’ abril máaniko’, tu jo’oloj ya’abach meyaje’, Beto Palomoe’ tu je’ek’abtaj u joolnaj jump’éel moliinóo, tu k’íiwikil u kaajal, tu’ux táan xan u ts’áak meyaj ti’ uláak’ ka’atúul u yéet kaajalo’ob, yéetel yaan tak u máan u t’ox juuch’ yéetel waaj ku konik. Betoe’ káaj u meyajtik le je’ela’ walkila ka’ap’éel ja’abo’ob paachil. Ti’ ku meyaj ka’ach ti’ jump’éel moliinóo tu kaajal, ba’ale’ kex yéetel bix yanik u wíinkilale’, tu kanaj xíimbal, yéetel tak máan ti’ mootóo ti’al u máan u kon waaj.Jujump’íitil káaj u yokol tu pool xan u ts’áak jump’éel molinóo. Ka’aj k’uch pak’be’en k’oja’an tu ja’abil 2020e’, káaj u péek yóok’lal, “ya’anach maáke’ ma’ tu béeytal u jóok’olo’ob ka’ach ti’al u manik u yo’och waaj, ba’ale’ in ti’ale’ meyaj, tumen kin jóok’ol in t’ox waaj te’e kaajo’. Diaskee ma’ jtsa’ay teen Covid-19i’, le beetike’ beychaj in chan much’ik taak’in”, tu tsolaj.Yanchaj máax a’alike’ chéen chokoj pool, ba’ale’ lelo’ chéen tu péeksaj u yóol ti’al u béeytal u je’ik u  tóortiyeriail “El Tío Goyo”, tumen beey ka’ach u k’aaba’ u nool Beto.
"
Xíimbal ti’ k’áak’náab ti’al u cha’anta’al juntúul chan ba’alche’ ta’aytak u ch’éejel  ,11/05/2023,"Ichil u k’iinil 10 tak 27 ti’ mayoa’, yaan u jóok’ol in biinbal jump’éel nojoch cheem, ti’al u cha’anta’al bakiitáas marináas, ti’ jun jaats k’áak’náab tu’ux jeets’el yanik, tu baantail Alto Golfo de California, ti’al beyo’ u béeytal u xo’okol óoli’ kex jaytúul ti’ le k’áak’náab ba’alche’ p’aatal ichil u ja’ilo’ob México, tumen sajbe’entsil yanik u ch’éejel, beey jts’a’ab k’ajóoltbil tumen Comisión Nacional de Áreas Naturales Protegidas (Conanp).
Ti’ le je’ela’ yaan u táakpajal máako’ob jach kaambanaja’ano’ob yéetel ku meyajo’ob ti’ le mola’ayo’, beyxan ti’ Sea Sheperd, ti’al u béeytal u yu’uba’al tu’ux ku t’aan le ba’alche’a’, le beetike’ yaan u k’a’abéetkunsa’al ka’ap’éel cheem, beey tu ya’alaj máax jo’olbesik mola’ay, Adán Peña.
"
Tu taamil Mediterráneoe’ kaxta’ab jump’éel bej yaan kex 7 mil ja’abo’ob u yúuchbenil ,11/05/2023,"Arkeeologose’ tu kaxto’ob u chíikulal jump’éel úuchben noj bej ta’aka’an tu taamil k’áak’náab tu’ux yaan u luuk’il ja’, tu noojol jáal ja’il Croacia. Ma’ xaan wa le k’a’anan beel kaxta’ab tu’ux buulul neoliitikóo ba’alo’obe’, beetik u núupul ka’ach yéetel u wíinikilo’ob Hvar miatsil yéetel u petenil Korcula.
"
Xts’íib ich ka’ap’éel t’aane’ ku páayt’antik máak ti’al ka tsikbalta’ak yéetel paalal ba’ax ku yu’ubik tu puksi’ik’al,12/05/2023,"Áanalte’ob ts’íibta’an ich ka’ap’éel t’aan ti’al mejen paalal, yéetel ts’a’aban u boonile’, k’a’anan ti’al u kanik máak uláak’ jump’éel t’aan. Le beetike’ u mola’ayil BookBankUSA/BBU Publishing, ku jach meyaj ti’al u jóok’sik áanalte’ob je’el bix le je’elo’; walkila’ táant u ts’a’abal k’ajóoltbil Tita y los colores del amor, ts’íibta’an tumen C.V. Monterrubio, yéetel u boonilo’ob Natalia Gurovich.Lela’ jump’éel tsikbal ti’al mejen paalal, beeta’an ich ka’ap’éel t’aan, yéetel le ku péektsilta’al ka béeyak u tsikbalta’al ba’ax ku yu’ubik máak tu puksi’ik’al. Te’e tsikbalo’, ku chíikpajal Tita yéetel u chan áabil Molo, ku núukiko’ob u k’áatchi’il: yaan wáaj u jejeláasil yaabilaj.Beey túuno’, áanaltee’, ku chíikbesik boono’ob yéetel ts’íib ich ka’ap’éel t’aan -jump’éel ti’ kaadáa tséelik- paalale’ ku kanik u ya’al jump’éelili’ ba’ax ku yu’ubik, ba’ale’ ich ka’ap’éel t’aan.
Ti’ jump’éel tsikbal beeta’ab yéetel C.V. Monterrubio, tu ya’alaje’, ichil ts’íib ku beeta’al ti’al mejen paalale’, ma’ unaj u p’áatal mina’an “jump’éel chan i’inaj ti’al u yaajsa’al u tuukulo’ob. Ti’ mejen paalale’ láayli’ yaan ya’abach lu’um ti’al u pa’ak’al jejeláas ba’al tu tuukul, ti’al u páatjo’olta’al ba’al, tumen táan u bin u k’ajóoltiko’ob yóok’ol kaab”.U péektsilta’al xook, yéetel u beeta’al uláak’ ba’alo’ob ti’al u yantal u na’at mejen paalale’ tu ts’áaj u yóol Monterrubio ti’al u ts’íibtik tsikbalo’ob. “Kin meyaj ti’al in we’esik ti’ in ts’íibe’, le jejeláas no’ojan ba’alo’ob unaj u kanik paalal, ti’al xan u béeytal u kaambalo’ob yéetel”. Monterrubioe’ tu tsikbaltaj áanaltee’ tu ts’íitbaj ka’alikil u tuklik ka’ach aanimáas u chiich. “Ti’al in wa’alik yaabilaj kin wu’uyik tu yóok’lal, ti’al beyo’ in tsolik bix u jejeláasil u yu’ubik máak yaabilaj”.Tu tsikbaltaj xane’, áanaltee’ ku yáantajo’ob, tumen jun jaats ti’ le tojol kun náajaltbil kéen konchajake’ yaan u k’a’abéetkunsa’al ti’al u tséenta’al u kúuchilo’ob áanalte’ob Estados Unidos yéetel uláak’ noj lu’umo’ob.
"
Oochelo’ob jok’a’an ti’ u puksi’ik’al juntúul peek’,12/05/2023,"Jayp’éel ja’abo’ob paachile’, u mola’ayil Nikone’ tu ye’esaj jayp’éel ba’al ku péek tu puksi’ik’al Grizzler, juntúul peek’ máax ti’ jts’a’ab jump’éel kaamaráa ku t’áabal kéen k’a’amak u kikiláantik u puksi’ik’al. Beey túuno’, occhelo’ob tu ch’a’aje’ jach ti’ u taal tu puksi’ik’al le peek’o’. Kaamarae’ meyajta’ab ti’al u yu’ubik beyka’aj u péek u puksi’ik’al Grizzler, ti’al beyo’, u ch’a’ak jump’éel oochel kéen jach k’a’amak u péek u puksi’ik’al kéen ki’imakchajak u yóol. Beyo’, Nikon Asiae’ tu ye’esaj jayp’éel ba’al yaan tu beel le peek’o’: miiso’ob, paarkée, wíiniko’ob, ichil uláak’ ba’alo’ob, chíikpaj ichil u nu’ukbesajil Heartography. 
"
Diplocentrus síina’an ,12/05/2023,"Síinano’ob, je’el tuláakal u ba’alche’ilo’ob Yucatáne’, jach k’a’antako’ob ti’al u no’ojan yantal kuxtal, ba’ale’ le chan ba’alche’a’, ti’ noj kaaje’, jach k’aas u pakta’alo’ob yéetel jumpuul u kíinsa’alo’ob; ba’ale’ u jaajile’ ku yáantajo’ob ti’al u ts’áako’ob u p’iisil u yantal uláak’ ik’elo’ob je’el bix na’ats’ulo’ob.Tu petenil Yucatáne’ ojéela’an yaan xawakp’éel u jejeláasil le amo’oba’, ts’o’okole’ ti’ le je’elo’obo’, óoxtúule’ suuk u yantal Yucatán: Centruroides gracilis; Centruroides ochraceus; yéetel Diplocentrus. K’a’anan u ya’alale’ mix juntúul je’el u jach beetik k’aas ti’ wíiniki’.
Martín Riestra Morales, jbioologo ts’o’ok u jach kanik ya’abach ba’al yóok’lal síinano’obe’ tu ya’alaje’ le je’elo’oba’ u láak’mubáaj yéetel am tumen waxakts’íit u yook, ka’alikil ik’ele’, chen wakts’íit.  Juntúul chan ba’alche’ ma’ séeba’an u yila’al ti’ noj kaajo’obi’, ba’ale’ tumen táan u beet’ala uláak’ najo’ob tu’ux chéen k’áax ka’ache’, táan u bin u jóok’lajalo’ob.Diplocentrus síina’ane’, suuka’an u péek dée áak’ab, yéetel ku p’isik ichil 5 tak 7 sentiimetróos. U boonil u xiibile’ óol samal k’aank’an yéetel u xch’uupile’ asab booxtak.
"
'El Niño' yaan u beetik u k’a’amtal kex 30 por siientoil u jaats’ chak ik’alo’ob,16/05/2023,"Angélica Encino
Tu jo’oloj óoxp’éel ja’ab káakaj u yu’uba’al ba’ax k’ajóolta’an ich káastelan t’aan beey La Niñae’, yaan u yantal jump’éel k’eexil ti’al u winalil junio, tumen ku tukulta’ale’ yaan u yu’ubal El Niño, le je’ela’ leti’e’ kéen chokochajak Pacífico k’áak’náab yaan tu tojil u noj lu’umil Ecuador. U yúuchul le je’el te’e k’áak’náabo’ yaan u beetik u síijil maanal u 30 por siientoil chak ik’alo’ob, a’alab tumen u mola’ayil Servicio Meteorológico Nacional (SMN).Máax beetik u jo’olbesajil meyaj SMN, Alejandra Méndez Girón, tu k’a’ajsaje’ La Niña ku beetik u asab yantal chak ik’alo’ob ichil u ja’il Atlántico, ma’ jach táaj ya’ab ichil Pacíficoi’. Ba’ale’ tu ya’alaje’, te’e ja’aba’, kéen káajak u yu’ubal El Niñoe’, ku tukulta’al yaan u náachtal u k’iinil ja’ajalil tak tu winalil diciembre.Tu ya’alaje’, ti’ le ts’ook ja’abo’oba’, chíika’an u yu’uba’al bix u bin u k’a’amtal u muuk’ chak ik’alo’ob, ts’o’okole’, ti’ tuláakal xan k’a’amk’ach ja’ob ku tukulta’al yaan u yantale’, Atlántico beyxan Pacífico, yaan kex jo’op’éel ti’ le je’elo’obo’, je’el u jats’iko’ob Méxicoe’. 
Ti’ le ts’ook 50 ja’abo’obo’, ts’o’ok u yantal mil 697 u p’éel chak ik’alo’ob ichil u ja’ilo’ob Pacífico yéetel Atlántico Norte, ba’ale’ ti’ le je’elo’obo’, 270 u p’éelale’ jaats’naj ich mexikoil lu’umil; 170 ti’ u jáal ja’il u péetlu’umilo’ob Pacífico yéetel 100 ichil le péetlu’umo’ob yano’ob Golfo, tu’ux táaka’an tak Yucatán.
Méndez Girón tu tsikbaltaje’, le ja’ab máaniko’, yanchaj lajunp’éel k’a’amkach cháak jaats’naj tu noj lu’umil México, le je’ela’ ku ye’esik maanal u 48 por siientoil ti’ le beyka’aj chak ik’al yanchaj tu promeedyoil le ts’ook 50 ja’abo’oba’, xoka’an yéetel 5.4. Yanchaj jo’op’éel chak ik’alo’ob kóojo’ob tu jáal ja’il péetlu’umo’ob yaan Pacífico, yéetel kamp’éel Golfo de México, beyxan u petenil Yucatán.  Uláak’ ba’ax tu ch’a’achibtaje’, leti’e’ yáax k’iino’, tumen táan u páa’tal ka chan éemek te’e ja’aba’, le beetik táan u tukulta’al ka p’áatak chéen u 10 por siientoil le tikin k’iino’oba’, ichil tuláakal u noj lu’umil México.
"
Kaxta’ab báat meyajta’an yéetel tuunich yaan kex 1.3 miyoonesil ja’abo’ob u yúuchbenil,16/05/2023,"Tu chúumukil u asab nojoch saamil yaan yóok’ol kaab, arkeologose’ tu kaxto’ob nu’ukulo’ob yaan kex 1.3 miyoonesil ja’abo’ob, ti’alinta’ab tumen yáax wíiniko’ob kúuch’o’ob ti’ yaanal lu’um ma’ Áfricai’.U múuch’il máak ku meyaj Instituto de Arqueología ti’ u mola’ayil CAS, yaan tu lu’umil Pragae’, táan u meyaj tu saamil lu’um Rub' al Khali, tu méek’tan kaajil Dhofar, Omán, jayp’éel páano’ob yéetel xaak’alo’ob ti’al u k’as na’atiko’ob bix úuchik u máan ba’al te’elo’.Ichil u jach k’a’ananil nu’ukulo’ob kaxta’abe’, ti’ yaan le báato’ob meyajta’an yéetel tuunich, ajxaak’alo’obe’ tu kaxto’ob xan uláak’ nu’ukulo’ob póola’an yaan kex 2 mil ja’abo’ob u yúuchbenil, je’el bix trilitos.
"
U ja’ailo’ob u ak’alilo’ob Okom: kúuchil ti’al u ch’a’ak u yiik’ máak ich maaya k’áax,16/05/2023,"U ts’ono’otil Síijil Noh Há, tu kaajil Felipe Carrillo Puerto, Quintana Roo, ki’iki’ ja’ ku béeytal u xíimbalta’al tu bejil Maya Ka’an. Te’elo’ ku kóojol máaxo’ob uts tu yich k’áax yéetel jets’eknakil, tumen ku yilik máak u jats’utsil che’ob yéetel ba’alche’ob, ts’o’okole’ walkila’ táan xan u yúuchul meyaj ti’ le ba’ax k’ajóolta’an beey bonos de karbonóo. 
"
Ch’íich’o’obe’ tu bin u chichantalo’ob je’el bix táan xan u bin u chokotal yóok’ol kaab,17/05/2023,"Ch’íich’o’obe’ jujump’íitil táan u bin u chichantalo’ob, ts’o’okole’ u xiik’o’obe’ táan xan u bin u chowaktal, je’el bix táan xan u bin u chokotal yóok’ol kaab, ts’o’okole’ u wíinkilalo’obe’ maas chan mekentako’ob yéetel séeba’an u bin u k’éexelo’ob.Beey úuchik u je’ets’el úuchak u beeta’al jump’éel xaak’al tumen sientiifikóos ichil amerkanoil kóontenentée, jo’olbesa’an tumen Universidad de Michigan, yéetel jts’a’ab k’ajóoltbil tu pikil ju’unil Proceedings of the National Academy of Sciences.Xaak’ale’ ku much’ik ba’ax jok’a’an ti’ ka’ap’éel meyajo’ob ts’a’aban k’ajóoltbil, tu’ux p’isa’ab u nuuktakil u wíinkilal yéetel u chowakil u xiik’ maanal 86 mil u p’éel u jejeláasil ch’íich’o’ob, ti’ ka’ak’áal ja’abo’ob, tu lu’umil Norteamérica yéetel Sudamérica. Ti’ jump’éel le meyajo’, xak’alta’ab kimen ch’íich’o’ob suuka’an u máan u xik’náalo’ob ti’ táanxel lu’umo’ob, tu jo’oloj p’úuchko’ob yéetel kúuchilo’ob yaan tu kaajil Chicago; ti’ le uláak’ jump’éelo’, xak’alta’ab ch’íich’o’ob ma’ suuka’an u bin u xik’náalo’ob táanxel lu’umo’ob, ba’ale’ chuka’ab tu k’áaxil Amazonas.
Ti’ meyaj beeta’abe’, xak’alta’ab jayp’éel ba’alo’ob yóok’lal 129 u p’éel u jejeláasil ch’íich’o’ob: 52 ti’ le je’elo’obo’ suuka’an u péeko’ob ti’ uláak’ táanxel lu’umo’ob, yéetel ku ch’íijilo’ob Norteamérica, yéetel 77 u p’éel u jejeláasile’, ti’ ku yantalo’ob Sudamérica. Le 86 mil 131 u p’éel u jejeláasile’ ch’íich’o’ob xak’alta’abe’ ila’abo’ob óoli’ láayli’ ti’ junp’éelili’ jaats k’iino’ob, ba’ale’ jejeláas teeknikáas meyajta’ab u ti’al.
"
U yúumbal k’áak’náab yéetel k’íinal ja’e’ tu jo’ojolik u glasiaaril Groenlandia,17/05/2023,"U yúumbal k’áak’náab yéetel ja’ jujump’íitil u bin u k’íintale’ tu beetaj u yantal jump’éel jool asab ka’anal ti’ Monumento a Washington tu taamil jump’éel ti’ u jach nojochil glaasiares yaan Groenlandia ti’ le ts’ook ja’abo’oba’, ba’ale’ le je’ela’ táan u séebkunsik u suut paachil jun jaats k’a’anan ti’ le glasiaro’, beey chíikpaj ti’ jump’éel túumben xaak’al xook.  Ba’ale’ ajxak’al xooko’obe’ saajko’ob ka náachchajak ba’ax ku yúuchul, le beetike’ ma’ jach u yojelo’ob ba’ax kun úuchul yéetel yáax xaak’alo’ob beetaan ti’al u yojéelta’al bix yanik u taasasil fusion ti’ u yáalal le ieelo’ sajbe’entsil yanik u yíibil ti’ yóok’ol kaab.U séebchajal u yíibil yeelo j-ila’ab te’e xak’al xooka’, leti’e’ j-úuch tu xaman-lak’inil Groenlandia, tu glasiaril Petermann. Wa ka úuchuk xan ti’ uláak’ u yeeloil Groenlandia yéetel ti’ u yáalal u yeelóoil antaartikáa maas nojocho’, yaan u k’uchul u k’iinil kéen yíibike’ yaan xan ka’antal u ja’il k’áak’náab tak ka’atéen u séeba’anil ti’ le beyka’aj tukulta’an kun úuchuk ka’acho’, beey chíikpaj ti’ xaak’al jts’a’ab k’ajóoltbil tu pikil ju’unil Proceedings of the National Academy of the National Academy. 
“Jach ma’ uts ba’ax le táan k-ojéeltika’”, tu ya’alaj Eric Rignot, máax jo’olbes xaak’al beeta’ab yéetel jglaciólogoil ti’ u noj najil xook Universidad de California Irvine. “K-ojel le ba’ax táan u tukulta’al kun úuchul tu paachil k’iine’ óoli’ ma’ jach k’éexeki’, ba’ale’ le ba’ax táant u yila’ala’, yóok’lal bix u yúumbal k’áak’náabe’ je’el u ka’atéen séebkunsik ba’al yóok’lal ba’ax a’ala’an ti’ bix táan u yíibil yóok’ol kaab.Ajxak’al xooko’obe’ ku tukultiko’ob ka’ache’ u yúumbal k’áak’náab sáansamale’ ma’ nojoch talam ichil yíibil ku yantalo’, ba’ale’ nieebee’ múuch’ tu yóok’kabil glasiare’ tu beetaj tu yáantaj úumbal ku yúuchul ichil, ba’ale’ yóok’lal k’íinal ja’ tu káajal u yantal tumen táan u k’éexel u yooxolil yóok’ol kaabe’, u yúumbal k’áak’náabe’ “tu ch’a’aj u muuk’”, tu tsikbaltaj Rignot.Úuchik u ch’a’ak sáatelital p’iisil ka’anale’, u múuch’meyajil Rignote’ tu kaxtaj jump’éel jool yaaan 204 metróos u ka’analil, te’e tu’ux yaan u t’o’olil yéetel le tu’ux ku núupul yéetel yóok’ol kaab, tu’ux yaan ka’ach u taasail u yíibil yeelóo yóok’ol u 50 por siientoil maas ka’anal ti’ le yanchaj ti’ le ts’ook óoxp’éel ja’aba’, keetel yéetel le yanchaj ichil u ja’abil 2016 yéetel 2019. Modeelóos jóok’sa’an ka’ache’ ma’ tu chíikbesiko’ob wa yaan yeelo ku yíibil te’elo’.U yíibil Petermanne’ ts’o’ok u jach séebtal ti’ le ts’ook ja’abo’oba’, ba’ale’ xáanchaj u yúuchul keetel yéetel le uláak’ baantail Groenlandia, míin tumen ti’ yaan tu jach xamanil, le beetike’ ja’ yibike’ ti’ yaan kaabal yéetel ti’ u taal Atlántico Norte. ts’o’okole’ ja’ maas chan k’íinale’ maas xan u k’uchul te’elo’, tu tsikbaltaj Rignot.
"
"U kajnáalilo’ob Pompeyae’ kíimo’ob úuchik u péek lu’um, jumpáay ka’aj wáak’ Vesubioi’",17/05/2023,"Úuchik u kaxta’al u reestos ka’atúul wíiniko’ob, ti’ jump’éel kúuchil ku k’aaba’tik Casti Amanti (U najil Amantes Castos), tu yáamil jump’éel pak’ jníik ma’ili’ p’áatak yáanal u xiixel bolkaanikóo tuuniche’, ku chíikbesike’ yanchaj ya’abach máak jkíim yóok’lal ta’an yéetel gaas, ba’ale’ beyxan tumen péeknaj lu’um, k’a’ayta’ab tumen ajxak’al máako’ob le martes máanika’. 
"
Páayt’aan ti’al ka’a líik’sa’al máasewal t’aano’ob sajbe’entsil yanik u ch’éejelo’ob,18/05/2023,"Ti’al u péektsilta’al, u mu’uk’ankúunsa’al yéetel u kaláanta’al t’aano’ob sajbe’entsil yanik u ch’éejelo’ob tu noj lu’umil Méxicoe’ k’a’ayta’ab u payalt’aanil Artes Verbales 2023, ti’al beyo’ u yoksa’al tuukul meyajo’ob je’el u yutstal u beeta’al ti’al u táakmuk’ta’al t’aan, káan iik’ ti’ilil wa its’at ku beeta’al ich máasewal t’aano’ob. 
Walkila’, t’aano’ob ts’o’ok u p’íittal máaxo’ob t’anike’ k’ucha’an tak 107 u p’éel u jejeláasil, le beetike’ táan u kaxta’al máaxo’ob t’anik yéetle máaxo’ob jach u yojelo’ob ya’abach ba’al yóok’lalo’ob, ti’al u beeta’al le meyajo’oba’.U mola’ayil Secretaría de Cultura federal, ikil u meyaj yéetel Sistema de Apoyos a la Creación y Proyectos Culturales (SACPC), ti’ múul meyaj yéetel Instituto Nacional de Lenguas Indígenas (Inali), táan u kaxtik máaxo’ob ts’íibtik jejeláas tsikbalo’ob wa u ya’abach ba’al yóok’lal u kuxtal k’a’anan máako’ob ku t’aniko’ob t’aan sajbe’entsil yanik u ch’éejelo’ob, ti’al beyo’ u molts’íibta’al u k’ajla’ayil le kaajo’ob je’elo’, yéetel ba’ax yaan u yil yéetel u lu’umilo’ob, u ch’i’ibal u máakilo’ob, u kajnáalilo’ob wa u kaajil, u k’aaba’ob u kaajilo’ob yéetel je’el ba’axak bíin u chíikbes u yóol le kaajo’obo’, je’el bix na’ato’ob, tsikbalo’ob, k’aayo’ob, báaxalo’ob, ichil uláak’ ba’alo’ob.  Ti’al u táakbesa’al meyajo’obe’, k’a’abéet u ts’íibtik u k’aaba’ máak te’e kúuchil Interneto’, yéetel u ts’ook k’iinil ti’al u beeta’ale’, leti’e’ 16 ti’ junio ku taala’. Tukulta’ane’ yaan u yéeta’al 23 u p’éel meyajo’ob, yéetel yaan u k’u’ubul 100 mil pesos ti’ lalaj jump’’éel ti’al u béeytal u beeta’alo’ob. 
Ti’al u yojéelta’al uláak’ ba’alo’obe’ ku páajtal u xajk’alta’al foncaenlinea.cultura.gob.mx, je’el bix xan www.inali.gob.mx.
"
"U aak’alil Roopkund, u kúuchil u mu’ukul kimeno’ob ets’ekbal yóok’ol 5 mil meetróos u ka’analil",18/05/2023,"Ti’ jump’éel k’áax maanal 5 mil 29 meetróos u ka’analile’, kaxta’ab ja’ tu’ux akakbal ya’abach u baakel wíinik tak walkila’ ma’ tu páajtal u na’atal bix yanik mix tumen sientiifikóos. Lago Roopkund, u k’aaba’ le ak’alo’ yéetel ti’ yaan tu lu’umil India.
Beyxan k’ajóolta’an beey El Lago de los Esqueletos, wa Lago Misterio. Ti’ yaan ti’ jump’éel u baantail Himalaya, tu’ux kaxta’an u reestosil ko’olel yéetel xiib ts’o’okili’ u nojoch máaktalo’ob yéetel jejeláas u k’iinilo’ob úuchik u kuxtalo’ob, beyxan jejeláas tu’ux kajlajo’ob.Le je’ela’ kaxta’ab tu ja’abil 1942, yéetel tukulta’ab reestose’ u ti’al ka’ach japonesil ajk’atuno’ob, wa u ti’al ka’ach juntúul indioil ajaw jkíim yéetel u láak’tsilo’ob, beyxan u ajmeyajilo’ob ka’alikil jk’áaxal báati’, ba’ale’ tu jo’oloj xak’alta’ak u reestosil 38 wíinkilalo’obe’, ojéelta’abe’ óoxp’éel u jejeláasil múuch’ máak yanchaj te’elo’, yéetel u yaan tak mil ja’abo’ob u yúuchbenil. 
Tak walkila’, láayli’ u béeytal u yila’al jayp’éel baako’ob kéen yíibik le niebeo’, ba’ale’ u ya’abil k’iino’obe’ maases láaj yeelochaja’an. U jaajile’, yóok’lal le seen síis ku beetik te’elo’ béeychaj u p’áatal jach beey ts’aka’anil u baakel kex óoli’ 800 u túul máako’ob.
"
Ts’o’ok u yantal máax kíim Emilia-Romaña tumen tu búulul Italia ,18/05/2023,"Tumen jach ka’anchaj ja’e’, jkíim kex waxaktúul máak, ts’o’okole’ ma’ béeychaj u beeta’al u keetil Gran Premio Fórmula 1 tukulta’an ka’ach u beeta’al ka’ach te’elo’ te’e k’iino’oba’. Ya’abach kaajo’obe’ yáanal ja’ jp’áato’ob úuchik u seen k’áaxal ja’ te’elo’. Te’e oochela’ juntúul máak táan u máansik u yaalak’ peek’ ti’ jump’éel u bejil Castel Bolognese.
"
T’uyul,19/05/2023,"Kaja’an ichil u k’áaxil Área de Protección de Flora y Fauna “Laguna de Términos”, yéetel suuk u máan dée áak’ab, ts’o’okole’ mu’uk’a’an, ba’ale’ t’uyule’ táan u kaxtikubáaj tu táan u seen ch’a’akal che’ yéetel u seen k’askúunta’al tu’ux kaja’an.U siientifikoil k’aaba’e’: Megasoma elephas, ts’o’okole’ u ch’a’amaj u ch’i’ibalil ti’ u baatsil Scarabaeidae, ba’ale’ láayli’ xan táaka’an ti’ u xka’abaatsil Dynastinae, tu’ux ku yantal éeskarabajos ku xik’nal.
Jacqueline May Díaz, máax beetik u k’a’aytajil u múuch’kabil Desarrollo y Medio Ambiente, A.C., tu tsolaje’ u pata’an u k’aaba’ ich káastelan beey elefante, rinoceronte wa torito yóok’lal bix u ni’, yaan u baakel, ts’o’okole’ juntúul ti’ le maas nojoch yano’obo’. Ku yila’al México ba’ale’ k’ucha’an tak Venezuela.
“U wíinkilale’ boox, ba’ale’ yaan u yáal u mejen bek’ech tso’otso’ob. Le beetike’ óol k’aank’an u yila’al. Ku p’isiko’ob ichil ukp’éel yéetel lajka’ap’éel sentiimetróos, ba’ale’ u xiibile’ je’el u ka’atéenkunsik u nojochil juntúul u xch’uupile’”.U baake’ ku k’a’abéetkunsik ti’al u kaxtik u yo’och wa ti’al u ba’atel tu táan uláak’ xiibil ba’alache’. Ba’ale’ beyxan ti’al u kaxtik u xch’uupil ti’al u nupkubáaj.  
"
U Cha’anil Cannes 2023: U Sáasil K’iin yéetel U Sáasil Uj,19/05/2023,"Ti’ eek’o’obe’ ma’ uts tu yich u sáasil K’iini’, ts’o’oke’ ma’ chéen leit’e’ ku lelemáankil te’e ka’ano’. Tu chak bejil u k’uchul máak Cannese’ le je’ela’ ku jach chíikpajal. Wíinkilalo’ob, oot’elo’ob, u nojochil máak, yéetel nook’e’ ma’ jach wa bix jats’utstakilo’obi’. Yaan k’iine’ jach chíika’an bix u yutskíinsmaj u yich máak kex ma’ jach tu beel yaniki’, ba’ale’ kéen máansa’ak ti’ kaamarae’ ku k’as sa’atal. Chéen yéetel u sáasil k’iine’ ku chíikpajalo’ob beey wíiniko’ob, ts’o’okole’ ku takiko’ob tak u xambil xiib beetik u maas chan ka’antalo’ob. Le je’elo’ chéen jayp’éel ba’alob ku yila’al ti’ u 76 u téenal u beeta’al u cha’anil Festival Internacional de Cine en Cannes.Láayli’ xan tu yáamil u sáasil le K’iino’, u seten ya’abil máako’ob t’u’ulpachtik Johnny Deppe’ tu ye’esaj u ki’imak óolil u yilko’ob tu súutukil úuchik u chúunsa’al le cha’ano’.Míin chéen jump’éel ba’al suuk u yila’al ichil u yóol fráansesil kaaj; u kaxtik máak u jatsik u kuxtal ichil ba’ax chéen u ti’al máak, ba’ax u ti’al u meyaj yéetel ba’ax e’esik artiistikóo kuxtal: Roman Polanski, Woody Allen yéetel walkila’ Capitán Sparrow. Wa tumen nojoch ba’abalo’ob te’e páantayao’, láayli’ xan nojoch ba’abalo’ob ti’ tuláakal u jeel ba’al tu kuxtalo’ob, ts’o’okole’ te’ela’, mix máak bin u k’áat ti’ob jun chan súutuk papaxk’ab kéen oojko’ob tu kúuchil Grand Théâtre Lumiére.
U tsoolil u yúuchul ba’ale’, jóok’ tu t’aanil Chiara Mastroianni –u paalil Marcello- máax tu k’ubaj Palma de Oro ti’ Michael Douglas yóok’lal tuláakal meyaj u beetmaj, ts’o’okole’ chíikpaj xan Uma Thurman, máax xan yaan juntúul u paalil ku chíikpajal Stranger Things. Jach ya’abach láak’tsilil chéen ti’al ma’ u beeta’al u kuentail.Ba’ale’, kéen xi’ik u sáasil k’iine’, ku tíip’il u sáasil le cha’ana’, Michael Douglas ku ye’esik ts’o’ok u chan yantal u ja’abil, ku ts’áak u leentes ti’al u béeytal u xokik telepromter yéetel ku k’a’ajsike’ maas úuchben leti’ ti’ le cha’ano’. Chéen chaantakile’, ku jáan kolikubáaj ti’ Chiara tumen ma’ u k’áat ka áanta’ak tumen mix máaki’, u k’áate’ chéen leti’ machik u chíikulal le chíimpolalo’. Beey túuno’, tu chan súutuke’, ku chíikpajal Catherine Deneuve -ka’aj káaj u t’aane’ tuupul le mikroofonóo, ba’ale’ ka’aj tu ts’aaj kuentae’ leti’e’ teeknikóos yanchaj u yutskíinsiko’ob ba’ax ku yúuchul. Ka’aj ts’o’ok u t’aane’, k’uch Chiara, u paalil xan Catherine yéetel Marcello- ku k’áatik ti’ wa ma’ tu tuklik wa yaan ba’ax jtu’ub ti’; le beetike’ “Bella de Día” suunaj tak tu’ chúumukil éesenaryo ti’al u k’a’aytik u chúunul le Cha’ano’, ka’alikil u beeta’al xan tumen Michael Douglas ba’ale’ ich inglés t’aan.Jujump’íitil túune’, ku káajal u ye’esa’al cha’ano’ob. Le beeta’an tumen Depp; beyxan le jo’olbesa’an tumen Kore-eda, máax náajalt Palma de Oro tu ja’abil 2018, walkila’ tu beetaj u cha’anil Monstruo (Kaibutsu), tu’ux ku ye’esik chi’ichnak ba’alo’ob, ba’ale’ tu ts’ooke’ ku máan táanil le yaabilajo’.Cha’ane’, ku much’ik máak, ts’o’okole’ ma’ chéen leti’e’ máaxo’ob beetik le cha’ano’obo’, tumen ku much’ik kaaj ku seen meyaj ti’al u jeel je’ik bejo’ob, kaaj ku kaxtik u jach utsul nook’, ti’al u kaxtik u yokol “tu jach ts’ook” súutukil”. Bejo’obe’ ku chu’upul yéetel ayik’al nook’o’ob.Beyxan péeriodistaobe’ jach ya’abo’ob. Jts’a’abo’ob ti’ saalas tu’ux béeychaj u cha’antiko’ob ba’ax úuchik, jatsa’an chéen ti’al le meyajo’, tumen ya’ab u yila’al séelularées, laptos yéetel ma’ tu chíikpajal mix jump’éel bestiidóo mix xan jump’éel saakóo.Tuláakal le je’ela’ ti’ ku yúuchul Palais des Festivals, ts’o’okole’ kex ti’ ya’abach máak ku tu’ubule’, leti’e’ kúuchil náach kaláanta’an tumen jump’éel u ch’enebil u kúuchil k’alab yaan Île de Sainte-Marguerite, tu’ux oksa’ab Hombre de la Máscara de Hierro, juntúul máak ojéelta’ab yanchaj, ba’ale’ beeta’ab tak u cha’anil. Tak le je’elo’ chíika’an ti’ Cannes.
"
Múuyalo’obe’ ku máansiko’ob bakteerias mu’uk’a’antako’ob tu táan áantibiotikóos: xaak’al,22/05/2023,"Ti’al junmúuch’ ajxak’al máako’ob tu lu’umil Canadá yéetel Franciae’, booxtak múuyalo’ob ku yantal ka’ane’, ku chíikbesiko’ob k’aak’as ba’al kun taal, ba’ale’ ma’ tumen yaan u jach k’áaxal k’a’amkach cháaki’: ti’ jump’éel túumben xaak’al beeta’ane’ j-ila’abe’ le múuyalo’obo’ ku máansiko’ob bakteerias ts’o’okole’ jach mu’uk’a’antako’ob ti’ ts’aako’ob.“Le bakterias beyo’oba’ kuxa’an yóok’ kabil, je’el bix ti’ xíiwo’ob, wa lu’um”, tu tsikbaltaj Florent Rossi, juntúul ti’ máax jo’olbes le xaak’ala’.“Tak ilaje’, le mejen wíinkilalo’oba’ ku máansa’alo’ob tumen iik’ tak te’e atmoosferao’, ts’o’okole’ ku náachtalo’ob ti’ yóok’ol kaab, ikil u jach ka’antalo’ob te’e múuyalo’obo’”, tu tsolaj. Beey túuno’, le ba’ax kaxta’aba’, ti’ jts’a’ab k’ajóoltbil tu pikil ju’unil Science of The Total Environment.Ajxak’al xooko’obe’ ku meyajo’ob ti’ noj najil xook Universidad Laval, tu noj kaajil Quebec, yéetel Universidad Clermont Auvergne, tu lu’umil Francia. Leti’obe’ tu kaxto’ob jeenes mu’uk’a’an yaniko’ob tu táan áantibiotiikóos ichil bakteerias kaxta’ab te’e múuyalo’obo’.
Mueestrase’ jch’a’ab ti’ jump’éel kúuchil tu’ux ku beeta’al áatmosfeerikáa xaak’al yaan yóok’ol mil 465 meetros yóok’ol u ka’analil k’áak’náab, tu ti’itsil Puy de Dome, jump’éel k’áak’il wiits ma’ joopol yaan tu chúumukil Francia, ichil u winalilo’ob septiembre ti’ u ja’abil 2019 yéetel octubre ti’ u ja’abil 2021.Jump’éel xaak’al beeta’ab ti’ ye’eb mola’abe’ tu chíikbesaje’ yaan kex ichil 330 yéetel maanal 30 mil u p’éel bakteerias chéen ti’ jump’éel míililitróo u ja’il múuyal, ts’o’okole’ u meedyae’ k’ucha’an kex tak 8 mil bakteerias ti’ jump’éel míililitróo.Beyxan, béeychaj u k’ajóolta’al óoli’ 29 u p’éel u jejeláasil jeenes mu’uk’a’an yaniko’ob tu táan áatibiotikóos ichil le bakteriaso’.U muuk’il tu táan ts’aake’ ku yantal kéen p’áatak le bakteeriao’ jéechkab tu táan le ts’ooko’obo’, áantibiotikóos, le beetike’ ku kanik kuxtal yéetel.Jala’acho’obe’ ku ya’alike’ le ba’ax ku yúuchula’ sajbe’entsil tumen óoli’ leti’ beetik u “yantal chi’ichnakil yóok’lal u toj óolal wíinik yóok’ol kaab”.  Ts’o’okole’, ku talamkúunsik wa ma’ tu cha’ik u ts’a’akal jayp’éel k’oja’anil ku ts’a’ayal tumen bakteerias kéen k’a’abéetkunsa’ak áantibiotikos, yéetel ila’ane’ jujump’íitil u bin u nonojtal ts’aatáantaj ku beeta’al tu toj óolal máak yéetel ti’ u meyajil kool. 
"
"U nojochil Pliosauriose’ ku chukik tak ka’atéen le beyka’aj juntúul oorkáa, tu chíikbesaj jump’éel túumben xaak’al",22/05/2023,"U nojochil juntúul nuxi’ ba’aba’al kuxlaj ich  juraasikóo k’áak’náabe’ óoli’ je’ex u ti’al juntúul oorkáa, beey úuchik u chíikpajal t’ jump’éel xaak’al beeta’ab ti’al u yila’al bix Liopleurodon, juntúul pliosaurio ku tukulta’ale’ tu p’isaj 25 meetróos.Walkil 20 ja’abo’ob paachile’, jump’éel seriée dóokumental ku k’aaba’tik Walking with Dinosaurs meyajta’an tumen BBC, tu beetaj u jach tsikbalta’al jejeláas ba’alob yóok’lal beyka’aj u nojochil le úuchben ba’al ts’o’ok u ch’éejel, tumen ka’ache’ ku tukulta’ale’ jach píitmáanja’an le beyka’aj u nojochilo’, ba’ale’ u jaajile’, chéen jump’íit maanal wakp’éel meetróos je’elili’ u chukik ka’ach ka’aj nojochchajij. Ku tukulta’ale’ ma’ tun bin xu’ulul u seen tsikbalta’al ba’al yóok’lal, ba’ale’ úuchik u yila’al jump’éel ba’al tu kúuchil e’esajil Oxfordshiree’, béeychaj u beeta’al jump’éel ts’íib tumen u páaleontologoosil Universidad de Portsmouth yóok’lal le ba’alche’a’. Xaak’ale’ ti’ jts’a’ab k’ajóotlbil tu pikil ju’unil Proceedings of the Geologists’ Association.
David Martill, ti’ u noj najil xook Escuela de Medio Ambiente, Geografía y Geociencias ti’alinta’an tumen Universidad de Portsmouth, tu ya’alaj ti’ jump’éel k’a’aytajil ts’íib le je’ela’: “Tin beetaj in kóonsultor pilóoto ti’ BBC Cruel Sea ts’o’okole’ ku béeytal in wa’alik: ma’ patal ba’ax kin wa’alik ka’achij yóok’lal u nojochil Liopleurodon. Tene’ tin wa’alaj ba’ax kin tuklik úuchik in xak’altik jayp’éel u ja’ajatsil ba’al, tu’ux ku tukulta’ale’ juntúul ba’alche’ je’el bix le je’elo’, je’el u k’uchul u p’is tak 25 meetróos, ba’ale’ ma’ chúuka’an ba’al ti’al u jach e’esa’al wa beyo’, le beetike’ mantats’ u jach tsikbalta’al ba’al yóok’lal.  
"
Diana Mireya Tun Batun náajalt noj chíimpolal yóok’lal maaya ts’íib ti’ le ja’abil 2023a’,22/05/2023,"Ikil u kaxtik u mu’uk’ankúunsik yéetel u chíikbesik maaya miatsile’, xts’íib síij tu lu’umil Quintana Roo, tu chan kaajil X-Cabil, ti’ u méek’tankaajil José María Morelos, ku meyajtik jejeláas ba’alo’ob yaan u yil yéetel le t’aano’, le beetike’ yóok’lal u ts’íib U Juum Woojil T’aano’obe’, chíimpolta’ab yéetel Premio Internacional Waldemar Noh Tzec 2023.
"
Cha’ano’ob saatal ,23/05/2023,"Ka’aj t’áab u sáasilo’ob u kúuchil cha’an Claude Debussy, tu jo’oloj ts’o’okok u ye’esa’al Perdidos en la Noche, kéen líik’ik máake’ óol jela’an u guustoil tu chi’. 
Leti’e’ cha’an óota’an beetbil tumen jmexikoilo’ob ti’ le ts’ook 15 ja’abo’oba’: u loobilajil naarkóo, máako’ob saatal, u péech’óolta’al u páajtalil kaajo’ob tumen mineeráa mola’ayo’ob, u yaabilal táankelemo’ob ma’ tu bin xot’ik u looloch bejil kuxtal yéetel u nukuch ts’uulilo’ob ayik’alil táakbesa’ano’ob tak kéen súutuk chéen káarikaturáa. 
Je’ex suuka’ane’, ichil norteamerikanoil cha’ane’, Méxicoe’ ku chíikbesa’al beey le k’aank’an tikin lu’um yéetel tu’ux jach chokoj K’iin, kex tumen máax jo’olbes u beeta’ale’ juntúul jmexikoil, yéetel kex ti’ meyajta’ab te’e tu chúumukil le noj lu’umilo’. Ba’ax u najmalil u ka’a chíikbes’aal ba’al jach je’el bix u jach k’aasil u yila’al ich náayo’obi’. 
Ba’ale’, ka’aj ts’o’ok u ye’esa’al Black Flies (Estados Unidos), Inshallah A Boy (Jordania), Monstruo (Japón), The Nature of Love (Cánada), Extraña Forma de Vida (España) yéetel uláak’ ya’abacho’obe’, wíinike’ ku jets’ik u tuukul kéen u na’ate’ lalaj lu’umo’obe’ ku kóojol te’e noj cha’anila’, ti’al u ye’esik to’on ba’ax péeksik u yóol yéetel ba’ax ma’ patal yanik yéeteli’. 
Ti’ u noj lu’umil Estados Unidose’ ku péeksa’al u yóol loobilaj ku yantal tu bejilo’obi’, beyxan u píitmáan u k’a’abéetkunsa’al droogáas, u ja’ajatsilo’ob kaaj, le beetike’ mina’an u xuulil u xak’altik ba’ax ku yúuchul yéetel le yaj óolalo’. Tu lu’umil Jordaniae’ chíika’an u ba’atelil ko’olel ti’al u kaxtik ka chíimpolta’ak yéetel ka béeyak u kuxtal chéen yéetel ba’ax yaan ti’. Japóne’ táanilchaja’an u muuk’ xiib le beetike’ tu táan páantayae’ chíika’an yaabilaj ku yantal ichil xiib yéetel xiib, beyxan ichil ko’olel yéetel ko’olel, ts’o’okol xane’ u tsoolil kaaj. 
Tu noj lu’umil Canadá, ma’ tu máansa’al talamilo’ob yóok’lal kuxtal tumen ayik’al u kaajil, ba’ale’ u chi’ichnakile’ ti’ yaan tumen ki’imak óolale’ k’ala’an tu’ux ma’ tu páajtal u yila’al yéetel u béeytal máake’ chéen tu juunal u yúuchul. Tu lu’umil España ku ka’a chíikpajal ka’ap’éel noj bejo’ob úuch yanak ichil úuchben káatolisismóo ma’ tu cha’ak u beeta’al ya’abach ba’al, jáalk’ab kuxtal yaan te’e k’iino’oba’ yéetel yóol kaaj ti’al u táakbesa’al inglés ichil u t’aano’ob, ti’al u láaj xa’ak’ta’al ti’ cliché tuukul suuk u ch’a’abal ti’ latinail k’i’ik’. Je’el túuno’, tak ti’ Godard por Godard (Francia) ku béeytal k-ilik u tuukul gaalóos ti’al ka xak’alta’ak bix u yóol u nu’uxi’ máakilo’ob miatsil te’elo’, yéetel tumen ma’ tu cha’ako’ob u jáawal k’ajla’ay. Ba’ale’, je’el bix le je’elo’oba’, beey je’el u béeytal u bin ktsolik lalaj jump’éel lu’um e’esik ba’ax ku yaj óoltik wa ba’ax chokojkíinsik u pool.
Beey juntúul máak ma’ u láaj ojel ba’al yóok’lal cha’ane’, tu yáamil je’el ba’alak ku páajtal u ya’alal tumen máax jach kaambanaja’an yook’lal le noj meyajo’, máake’ ku béeytal u na’atike’, u cha’anil Festival de Cannes ma’ chéen páantayai’: u páajtalil u t’aan máak tu táan yóok’ol kaab, u kúuchil ti’al u yawta’al je’el tu’uxak ti’ le lu’uma’ ba’ax ku yaj óoltik k-kaajo’ob yéetel k-éet wíinikil. Wa ka pakta’ak ba’al beya’, máake’ je’el u p’atik paachil tuláakal ba’ax jach ma’ ki’ óolta’an Hollywood ichil le Festivala’, beyxan le chak bejo’obo’, u máakilo’ob beetik balts’am chéen yéetel ju’unil beeta’ano’ob yéetel tuláakal nu’ukulo’ob k’a’abéet ti’al u beeta’al le meyajo’. Yaan uláak’ jump’éel cha’an tu yáamil le cha’ana’; jump’éel tu’ux yaan u kúuchil ti’al máaxo’ob beetik, ba’ale’ beyxan ti’al tuláakal kaaj ti’alintik u beeta’al cha’an ti’al u líik’sik u t’aan, ti’al u beetik tak pool, yéetel jach je’ex k’a’abéete’, ti’al u yutskíinsik u yóol. Cha’ano’ob ma’ jach no’ojantako’obi’, yéetel chéen ch’a’abil meyajo’ob ku bo’ota’ale’, ku ts’áak u páajtalil u yantal uláak’ k’a’anan kúuchil ti’al u yúuchul t’aan.  
Yéetel le tuukula’, ku suut máak u pakt Perdidos en la Noche, ti’al beyo’ u éejentik ba’ax ku ya’alik, tumen ba’ax uláak’ je’el u yutstal u tsikbalta’al tumen mexikoilo’obe’, tumen kex óoli’ jump’éelili’ bix u chíikbesa’al u máakilo’ob le lu’uma’, ma’ béeyak u sáasilkúunsa’ali’, mix u k’e’exel le tuukulo’, chéen ts’o’ok u wóolwolchajal u k’áanili’, tu’ux táaka’an tak mejen kaajo’ob kaxtik ka yanak justiisyáa tu k’abo’ob, ba’ale’ beyxan tu’ux láayli’ yaan réelijiosóo múuch’o’ob, íinfluenseers, na’tsilo’ob meyajtik foreensée ba’al, yéetel yaabilaj, ti’al u kaxtik máak tu’ux u chan púuts’ul jun súutuk. “A’alten ba’ax cha’anil ku túuxtik a lu’umil tak Cannese’, ti’al in wa’alik tech ba’ax lu’umil yaan teech”, leti’e’ ba’ax p’atik le noj Cha’ana’ ichil ba’ax ku ye’esik.
Cannese’, láayli’ u néenil jump’éel cha’an yaan yóok’ol kaab. Ajbeet balts’amo’obe’ jach noj ba’al u yu’ubiko’ob u k’uchulo’ob tu eleektrikóo kis buuts’o’ob, ka’alikil u kaxtik u tokiko’ob yóok’ol kaab ti’ je’el ba’axak k’aasil, ba’ale’ kéen beeta’ak le nukuch ba’al tu’ux ku k’uchulo’obo’, jach ma’ tu yáanta’al yóok’ol kaabi’. Máaxo’ob ts’íibik péektsilo’obe’ ti’ ku yantalo’ob tu kúuchilo’obi’, tu’ux jach utsil chíika’an ba’ax ku yúuchuli’, ts’o’okole’ lalaj súutuk u xokiko’ob ba’ax ku ts’íibta’al tumen u jeel u yéet meyajo’ob.  U kúuchilo’ob u tsikbalta’al bix je’el u kanik kuxtal ko’olel tu juunal, yéetel bix je’el u jóok’ol ti’ óotsil kuxtale’, ti’ ku beeta’al aktáan ti’ k’áak’náab chuup yéetel ko’okoj cheemo’ob ku tojoltik miyoonesil euróos.
Le beetike’, kéen líik’ik máak ti’al u jóok’ol te’e tu kúuchil cha’ano’, jach ku ju’ulul u yich tumen sáasil ku yokol ti’ joolnaj táantik u je’ebelo’, ts’o’okole’ ma’ u yojel máak wa tu ts’o’okol u cha’antik jump’éel peliikuláa ti’al u yokol tu jeel. Ma’ k-ojel wa jaaj ba’ax táan k-iliko’, wa táan kbin te’e tu’ux ku beeta’al le cha’ano’obo’. Beey u beeta’al le siineo’.
"
Síij tu lu’umil EUe’ óoxpakab chak loobóos sajbe’entsil yanik u ch’éejelo’obi’,23/05/2023,"Tu ts’ooke’ yanchaj 12 u mejenil le balache’a’, tu soloojikoil Carolina del Norte, ti’ jejeláas k’iino’ob yéetel ti’ jejeláas u xch’uupil ba’alche’i’, ti’al beyo’ u ya’abta’al le beyka’aj ku tséenta’al ka’alikil u kaláanta’al. Ichil ba’ax a’alabe’ walkila’, ichil u kuxtalil k’áaxe’ chéen ichil 15 yéetel 30 u túul yaan ti’ le loobo’oba’, ts’o’okole’ tuláakalo’ob láayli’ te’e baanta yano’obo’.
"
Óoxp’éel Cannoisesil oochelo’ob ,24/05/2023,"Oochelo’obe’ jach noj ba’alo’ob, tumen ku meyaj to’on ti’al u béeytal kt’alkunsik k’a’ajesajo’ob ti’ k tuukul wa tak chéen je’el kúuchile’. Yaan óoxp’éel oochelo’ob ku béeytal u túuxtik máak wa ti’ yaan Cannese’, ti’al u yilik wa ku na’atik ba’ax u noj cha’anil Festival de Cine, ti’al ka náachchajak u tuukul máak tu paach siinei’.
Utsil óol páa’ta’an 
Bix je’el u béeytal u tsola’al ti’ u ya’abachil máak ku kóojolo’ob cha’an Cannes yéetel u jach utsul nook’o’ob, u chowak beestidoso’ wa yéetel u traajesil éetiketáa ka’alikil u alab óoltiko’ob u t’a’analo’ob ti’al ka xi’iko’ob ti’ jum’éel k’iimbesaj wa ti’ jum’éel cha’an kun e’esajbile’, tu’ux ka káajal yéetel u noj xíimbalil yóok’ol chak bejil. Yáax núuktajil je’el u beetchajale’, leti’e’ ku ya’alik jaaj, le je’elo’ ku yúuchul: u yantal máax síij u kúuchil ti’al ka okok u jeel tu lúugar ti’ jump’éel gaalae’, ku yúuchul. Máaxo’ob uts tu yicho’ob cha’ane’ ku k’i’itbesiko’ob meyaj, yéetel máaxo’ob beetike’ ku ts’áako’ob u yóol ti’al u p’áatiko’ob je’ek’abil joolnaj tak tu ts’ook súutukil ti’al máax ku chúukpajal u yóol u páa’tik -yéetel u páa’tik- wa je’el u yantal jump’éel kúuchil ti’al u cha’an. MIx jump’éel boleetóo ku p’a’atal chéen beyo’. Wa ma’ tu béeytal u yokol máak u cha’ant wa ba’axe’, jach najmal u ts’áak ojéeltbil tu kúuchil Internet tu’ux mana’abij -wa te’e tu’ux k’áata’abo’- ti’al beyo’ u béeytal u náats’al máak yiknáal máax k’áatik jump’éel boleetóo, ts’o’okole’ ku máansik tak tu telefonóo; chéen kéen jan ila’ake’, kúuchil tu’ux ma’ tun bin yantal mixmáak ka’ache’, yaan u túumbenil u yuumil. Tu cha’anil Cannese’, u yokol máak u cha’ant siinee’ yéetel x-utsul nook’e’, ti’al tuláakal máak. Lelo’ ku beetik u na’ata’al ya’abach ba’al.  
Tuunich puksi’ik’al k’a’ayta’an 
U k’aaba’ le súutuko’, Women In Motion, ts’o’okole’ u tuukulil u beeta’ale’ ku kaxtik u táakmuk’tik ko’olel ichil u meyajil siinee’ yéetel u chíikpajal u t’aan xani’. Páayt’anta’ab táakpajal Katie Holmes (k’aja’ante’ex wáaj Dawson's Creek) ba’ale’ walkila’ leti’ jo’olbesik cha’ano’ob, leti’ beetik yéetel tak leti’ ts’íibtik. U noj tuukulile’: u je’ebel kúuchilo’ob ti’al u táakpajal ko’olel yaan meedyo orientee. U súutukil u k’áatchibta’ale’: 30 minuutóos. U tsikbalta’al ba’al yóok’lal ko’olele’: óoxp’éel minuutóos. Beey túuno’, yanchaj 27 minuutóos ti’al u núukik yayaj k’áatchi’ob chéen yóok’lal je’el ba’ax ba’alile’ yéetel ba’ax mina’an u beelal. U jach k’aasile’: u yila’al yaan k’áatchi’ob jach chéen beey u beeta’alo’obo’ ts’o’okole’ ma’ chéen lelo’, tumen tak le jach ma’ talam u núukalo’obe’ ku k’a’abéetchajal u yáanta’al Katie Holmes ti’al u núukik, tumen leti’e’ ma’ tu tukultaj mix ba’al ti’al u tsikbaltiki’, mix xan no’oja’an ti’al u séeba’an tukultik ba’ax je’el u núukike’. Tu ts’ooke’, u jach k’a’ananil k’áatchi’ beeta’ab te’e súutuko’ leti’e’ je’ela’: yaan wáaj u ka’a much’ikubáaj Dawson´s Creek. 
U ts’ook t’aanile’ jbeeta’ab tumen ajts’íib péektsilo’ob yano’ob paachil tumen tu ya’alajo’ob: ¡Mina’an u yóol Katie! U ts’ook oochele’: u tiskbalil bix p’ata’an paachil ko’olel, tu’ux tsololkbal nukuch yaates tu táankabil le kúuchil tu’ux ku tsikbalta’alo’.
K’uub óol jeets’el 
Gerard Charge u k’aaba’, juntúul jts’íib péektsilo’ob yéetel jfrancesil meyaj máak. U 40 u téenal u táakpajal te’e noj Cha’an. U jaajile’, ti’ ku chíikpajal u yaabilaj ti’ its’at, u yits’atsil u beeta’al cha’ano’ob. Ku páa’taj ti’al u yokol Sala Debussy, ti’ ku p’áatal tu’ux jatsa’an u kúuchil máaxo’ob istikyáaj u péeko’ob, ba’ale’ tu yicho’obe’ ku chíikpajal u leelemil táankelem óol. Asab ya’ab ja’abo’ob ts’o’ok u máan meyaj te’e Cha’ana’ keetel yéetel u ja’abil ya’abach ti’ le réeporteroso’ob wa máaxo’ob ku meyaj te’e staffo’, ts’o’okole’ jach mix ba’al beetik u náakal u yóol, óoli’ beey tuláakal túumben u ti’ale’.
Ba’ax u k’áat: u ya’alik u jaajil, je’el ba’axak bíin úuchuk, le beetik le je’elo’ ts’o’ok u taasik jejeláas ba’alo’ob tu paach. Yóok’lal Perros de Reserva, cha’an meyajta’an tumen Tarantino yéetel yáax ila’ab tu ja’abil 1992 te’e Cha’ano’, ku tukultike’ jach ya’ab u ye’esik loobilaj, ts’o’okole’ ma’ tu ya’alaj wa jach noj cha’anili’. Tu jo’oloj jap’éel ja’abo’obe’, tu cha’anil Festival de Avignon, Tarantino náats’ yiknale’, ka yanchaj u chan t’aanili’, chéen ba’axe’ láayli’ ich ki’imak óolal úuchik. Gerard ku páa’tik u yokol yéetel ku ch’a’ak ba’ak k’a’abéet ti’al u meyaj, ti’al u ya’alik ba’ax ku tukultik, kex ma’ uts tu yich tuláakal máaki’. Wa tumen beey ka suuka’ak u beeta’al ba’ale’, míin yaanal ba’al yóok’ol kaab walkila’.
"
"Wáak’ u k’áak’il wiits Merapi, tu lu’umil Indonesia",24/05/2023,"Nukuch ba’ale’ ti’ yaan ichil le mantats’ u wáak’ jóopolo’ob ti’ yóok’ol kaab. Le martes máanika’ tu túubaj u ja’il k’áak’ yéetel ta’an tak ka’ap’éel kiloometróos náach ti’ u bak’pachil, k’a’ayta’ab tumen jo’olpóopo’ob. 
"
Ajsu’utut eek’o’obe’ tu chíikbesajo’ob u jach nojoch wak’be’en eek’ ts’o’ok u yantal ,25/05/2023,"Jump’éel noj wk’be’en eek’ yanchaje’, tu chíikbesaj maanal 10 u téenal u sáasil je’el máakalmáak surpernoobail k’ajóolta’an tak walkila’, u ya’abil mix juntéen yáax ila’ake’, béeychaj u táabsa’al tumen ajsutu’ut eek’o’ob, wa astronomóos, jo’olbesa’ano’ob tumen Universidad de Southampton.Waak’il yanchaje’, pata’ab u k’aanba’ beey AT2021lwx, yéetel xáanchaj tak walkila’, maanal óoxp’éel ja’ab, ts’o’okole’ lelo’ jach ya’ab wa ku ke’etel yéetel u ya’abil surpernoobas yaan, tumen u lelemáankilo’obe’ chéen ku chíikpajal jayp’éel winalo’ob. J-úuch kex 8 mil miyoonesil ja’abo’ob luus u náachil, tu k’iinil úunibersoe’ chéen 6 mil miyoonesil ja’abo’ob yaan ti’, ba’ale’ tóodabya tu bin u chíikpajal tumen jun jaats téeleskoopyos.Ajxak’al xooko’obe’ tu ts’áajo’ob k’ajóoltbil ba’ax chíikpaj ichil u pikil ju’unil Monthly Notices of the Royal Astronomical Society, ts’o’okole’ ku tukultiko’obe’, waak’il yanchaje’ j-úuch tumen yanchaj jump’éel nuxi’ múuyalil gaas, míin asab nojoch tak ti’ K’iin yaan to’on wey yóok’ol kaab, ts’o’okole’ jach táaj péeksa’an tumen jump’éel nuxi’ nukuch boox jool. Ku tukulta’ale’ u ja’ajatsil múuyale’ séeba’an u jéen p’u’uchulo’ob, ts’o’okole’ ku túuxtiko’ob u oondasil u p’úuchulo’ob kéen náachchajak u xiixelo’ob, óoli’ je’ex jump’éel nojoch “doonáa” beeta’an yéetel lu’um, bak’pachtik le boox joolo’. Jach jela’an ka úuchuk ba’alo’ob beya’, ts’o’okole’ mix juntéen yáax ila’ak. 
"
U ni’ wíinik kuxa’an te’e k’iino’oba’ p’ata’ab ti’ tumen neandertalo’ob,25/05/2023,"Wíinike’ kuxa’an walkil wey yóok’ol kaabe’, tu ch’a’aj jayp’éel jeenes ti’ neandertales, ts’o’okole’ le je’ela’ ku chíika’an ti’ bix yanik kni’, beey úuchik u ye’esik jump’éel túumben xaak’al beeta’ab tumen u ajxak’al xookilo’ob UCL (University College London).Ku tukulta’ale’ yaan jump’éel jeen beetik u maas ka’antal jump’éel ni’ (ka’anal tak kaabal), ts’o’okole’ lela’ beey úuchik tumen ka’ache’ wíinike’ yanchaj u kajtal tu’ux jach táaj ke’el, tu jo’oloj luk’uko’ob África. Xaak’al tu’ux ila’ab le je’ela’ jts’a’ab k’ajóoltbil ichil u pikil ju’unil Communications Biology.Ti’ le ts’ook 15 ja’abo’oba’, ka’aj ts’o’oksa’ab u t’o’olkíinsa’al u jeenomail neandertaale’, ts’o’ok u béeytal k-kanike’, leti’e’ kch’i’ibalo’ob tu nupajubáajo’ob yéetel Neandertales, ti’al beyo’ u p’áatal u ja’ajatsil u ADNilo’ob. 
“Táan k-ilike’ u ja’ajatsil ADN p’ata’ab tumen neandertalo’obe’ yaan ba’al u yil yéetel  bix u foormail u yich máak. Le je’ela’ míin k’a’abéetchaj u k’éexel ti’ kch’i’ibalo’obe’ tumen beey úuchik ti’ ya’abach u ch’i’ilankabil wíinik”, tu tsolaj Kaustubh Adhikari, máax múul jo’olbes le xaak’alo’.
Beey túuno’, ti’al u beeta’al meyaje’, xak’alta’ab u daatosil maanal 6 mil u túul bóoluntaryos ichil América Latina, máaxo’ob xa’ak’an yanik u ch’i’ibalo’ob yéetel europeail moosts, natibail ameríikanáa yéetel áafrikaanáa, máaxo’ob táakano’ob ichil u xaak’alil CANDELA jo’olbesa’ab tumen UCL, tu’ux much’a’ab máako’ob ti’ u lu’umil Brasil, Colombia, Chile, México yéetel Perú. Ajxak’al xooko’obe’ tu ketajo’ob ba’ax jenetikáa íinformaasyon jóok’sa’ab ti’ máaxo’ob táakpaji, úuchik u ch’a’abal u yoochel u táan icho’ob, ti’al beyo’ u jach p’i’isil beyka’aj náachil yaan ba’al tu táan u yicho’ob, je’el bix u u puuntail u ni’ wa u bóoxel u chi’, ti’al u yila’al jach bix u yicho’ob, tumen beyo’ béeychaj u nupa’al yéetel u jejeláas jenetiikóos máarkadorées.Ajxaak’alo’obe’ tu yilajo’ob yaan kex 33 u p’éel u rejionesil jenomáa yaan ba’al u yil yéetel bix u foormail u yicho’ob, ba’ale’ ti’ le je’elo’obo’ 26 u p’éelale’ béeychaj u yila’al xan ti’ uláak’ máako’ob táakpajo’ob ti’ u lak’inil Asia, Europa wa África.Ajxak’aalo’obe’ tu yilajo’obe’, ya’abach ti’ le máaxo’ob táakajo’ob natiibáa áamerikanáa u ch’i’ibale’ yaan ichil u jeenetikaile’ le jeen p’ata’ab tumen neandertalo’ob, ts’o’okole’ leti’ beet u ka’antal u ni’ob.Ba’ax kaxta’abe’, u ka’ap’éelil ba’al ojéelta’ab ti’ u ADNil jach úuchben wíiniko’ob, yaanalo’ob ti’ Homo sapiens, ts’o’okole’ ku yantal ba’al u yil yéetel bix u foormail u táanil k-ich. Láayli’ le múuch’il meyaj máako’oba’, tu yojéelto’ob tu ja’abil 2021e’, yaan jump’éel jeen beetik u jelpajal bix u chi’ máak tumen leti’e’ jp’ata’ab tumen úuchben denisovanos.
"
"Kíim xnoj k’aay Tina Turner, 83 u ja’abil ka’achij ",25/05/2023,"U jach jaajil u k’aaba’e’ Anna Mae Bullock. Jach náach tu’ux k’uch yéetel u k’aay, k’uch u k’iinil mina’an u je’elil ichil u ja’abilo’ob 1960 yéetel 1970; béeychaj u p’atik pachil u k’aak’as íicham ti’al u beetik u jach k’a’anan k’aayil: What’s Love Got to Do With It. Jkíim tu yotoch yaan tu kaajil Küsnacht, Suiza, tu jo’oloj jach k’oja’anchajak.
"
U meyajil bonpak’e’ ku ts’áak u yóol miatsil tu noj kaajil Ciudad de México,26/05/2023,"Aktáan u noj joonlnajil jump’éel úuchben jesuital najil xooke’, tu puksi’ik’al u noj kaajil Ciudad de México, yaan jump’éel boonil pak’ tu’ux chíika’an Nuestra Señora de Guadalupe, u chíikulal máasewal oksaj óol, je’el bix xan kríistianismóo chíikbes u ts’ook póoskolonial miatsil México.Pak’ bona’ane’ beeta’ab tumen jmexikoil Fermín Revueltas tu ja’abil 1922 yéetel 1923, úuchak u ch’a’abal u pak’ilo’ob Antiguo Colegio de San Ildefonso ti’al u bo’onol jejeláas ba’al ku jóok’ol ti’ le péeksajil boonpak’ ku bin u tóop’ol te’e k’inako’obe’, ichil u noj lu’umil México.Ti’al túun u chíimpolta’al u meyajil its’at Revueltase’, Diego Rivera yéetel José Clemente Orozco, máaxo’ob jo’olbes xan u péeksajil kaaj beeta’ab yóok’lal boon ti’ le siiglo máaniko’, úuchben baarrokóo kúuchil, k’a’abéetkunsa’an walkila’ beey museoe’, ts’a’aban jump’éel k’a’anan e’esajil yóok’lal its’at meyajta’abij.
Ma’ seen úuche’ k’ama’ab boonpak’o’ob beeta’ab tumen jmexikoilo’ob, máaxo’ob  tu ch’a’aj u yóol u bonilo’ob ti’ ba’ax meyajta’ab tumen úuchben jka’ansajo’ob. U ts’ook k’iinil u béeytal u cha’antale’, leti’e’ 12 ti’ junio ku taala’. E’esajile’ ku k’aaba’tik La Muerte de las Culturas, yéetel ku ye’esik bix ba’atelnaj jmexikoil áafrodesrendienteob ti’al ka yanak jáalk’abil yéetel kéet kuxtal. Jonatan Chávez, u historiadoril San Ildefonso, tu ya’alaj bonpak’e’ yanchaj tu k’iinil jach póolitisaado yanik ba’al. Ya’abach ti’ le boonpak’o’obo’ ku ye’esiko’ob xma’ ki’imak óol yanchaj tu táan poliitiko’ob, beyxan xma’ keetil kuxtal wa Católica najil k’uj, tumen táankelem máaxo’ob ku boono’obe’ péeksa’ab u yóolo’ob yóok’lal u jach yaabilajil lu’um yéetel ba’axo’ob tu kano’ob te’e k’inako’obe’.  Yanchaj jaytúul ti’ le jboono’obo’ tu ts’áajo’ob u tuukulo’ob yóok’lal ba’alo’ob yaan ba’al u yil yéetel politikóos, le beetik ku chíikbesiko’ob yéetel kili’ich máako’ob wa nu’ukulo’ob suuka’an u yoksaj óolta’al. Ba’ale’ yanchaj uláak’ ajboon pak’o’ob, je’el bix Revueltas yéetel Fernando Leal, máaxo’ob tu kaxto’ob uláak’ bix u chíikbesiko’ob míilitar palitsil yéetel xan bix úuchik u ch’a’abal u yóol wíinik ti’al u kanik yaanal ba’al taasa’ab tumen sak wíiniko’ob.
Ma’ kunel úuchik u yantal u meyajil bonil pak’ ti’ le kúuchila’. Ya’abach ja’abo’obe’ ma’ili’ okok 1923e’, ka’aj ts’o’oksa’ab yáax bo’ono’obe’, leti’e’ tu’ux káaj u yúuchul ka’ansaj tumen jesuitailo’ob. Máaxo’ob k’ucho’ob te’e noj kaajo’, tu jo’oloj palitsilta’ak le lu’umo’, tu ja’abil 1572, ts’o’okole’ tu jo’oloj jayp’éel ja’abo’obe’, káaj u meyaj San Ildefonso, jump’éel najil xook ti’al séeminaristas yéetel míisioneros. Leti’obe’ u k’áato’ob ka’ach u ka’anso’ob u paalil sak wíiniko’ob -máaxo’ob síij tu jaats k’iinil kolonya- tu ya’alaj Chávez.
Ma’ili’ jóok’sa’ak jesuitailo’ob tumen sak wíiniko’ob tu ja’abil 1767, leti’obe’ jach máan u xíimbalto’ob kaajo’ob náachtak, ti’al u na’atik u kuxtal le máasewalo’obo’, tumen xa’ak’an u tuukulo’ob yéetel kristiano’ óol. Le beetik jesuitailo’obe’ tu ka’anso’ob jejeláas meyajo’ob, ba’ale’ beyxan chíikpaj xa’ak’an ch’i’ibal yanchaj te’e lu’umo’; lelo’obo’ jayp’éel ti’ le ba’ax chíikpaj ti’ boono’ob jbeeta’ab siglóo XX.
"
"Wo’ muuch, juntúul ba’alche’ kaja’an ich áaktun  ",26/05/2023,"U sientifikoil k’aaba’ wo’ muuche’ Rhinophrynus dorsalis. Juntúul ba’alche’ u ch’a’amaj u ch’i’ibal ti’ Rhinophrynidae baatsil. Emmanuel Cambranis Cab, jbiologóo tu ts’o’oksaj u xook Universidad Autónoma de Campeche, tu tsikbaltaje’ ku p’isik ichil 6 yéetel 6.5 sentiimetróos u chowakil, ba’ale’ u xch’upulile’ maas nojoch ti’ u xiibil. U wíinkilale’ óol beey gloobóo yéetel ts’u’uts’ukil, ka’alikil u poole chichan yéetel óol tiitiich’; u ni’e’ beey táaj xotta’ane’, ts’o’okole’ u yiche’ jach mejentak. Ma’ chíika’an u kaali’ yéetel ma’ xan chíika’an u xikino’obi’.
U yooke’ kóomtak yéetel poloktak, mu’uk’antako’ob. Ti’ lalaj ooke’ yaan kants’íit u yáal u k’ab óol túuts’tak. U paache’ koob u boonil, óol boox, yéetel yaan u k’aank’an wa chak k’aank’an ch’aajilo’obi’, u ya’abile’ tu tséeliko’obi’. U t’o’olil u baakele’ chíika’an ku yáalka’ab tu pool tak tu yiit.Suuka’an u páan, tumen kéen u beete’ ku taamkunsik u joolil ts’o’okole’ séeba’an u sa’atal. Ichil ba’ax ku ya’alik Cambranis Cabe’ kéen páanake’ ku beetik óoli’ jump’éel chan áaktun tu’ux ku soop’kíinsik u wíinkilal, ts’o’okole’ ku nu’ut’tal tu’ux ku yantal, le beetike’ mix tu béeytal u jóok’sa’al ti’ le chan joolo’; chéen ja’alil ka lúubsa’ak jump’éel u pak’ilo’obi’. Suuk u yantal tu xuul kajil Texas tak ti’ u Petenil Yucatán, ba’ale’ beyxan Guatemala tak Belice.  
"
U ti’al Asia yéetel ti’al Ko’olelo’ob,29/05/2023,"Walkila’, ts’o’ok u cha’anil Festival de Cine de Cannes, yéetel ba’ax jp’áat tu paache’ ku jach péeksik u yóol máak. 
U lu’umil Asia, ku káajal Turquía tak Japón, leti’e’ lu’umo’ob ch’a’aj u ya’abil chíimpolalo’ob yanchajij. 
Jach chíika’ane’, noj lu’um jach aal u kaajile’, tu bin u káajal xan u ch’a’ak u muuk’ tu táan yóok’ol kaab, tumen buka’aj ja’abo’obe’ yanchaj u muuk’ yéetel u aalil, ba’ale’ k’uch u k’iinil, ka’alikil tu yáalkab Siglo XVIII káaj u báanal u muuk’.
Asia, jach je’el bix yaniko’, je’el bix u wa’atal tu táan kóonsumismóo, je’el bix u t’aan tu táan íindibidualismoe’, u jeel tukulta’al bix u chíikbesa’al yaakunaj yéetel u pa’a tuukulil yóok’lal máaxo’on, beyxan tu’ux ku bin u chíikpajal u pe’echak’ wíinik kéen jo’op’ok u ye’esik jejeláas ba’al ti’ cha’ano’ob.
U yila’al Asia u k’u’ tu’ux ku síijil k’a’anan k’áatchi’obe’ ma’ jump’éel túumben ba’ale’, úuch ka’aj yanchaj Cristo yéetel Buda, tak ka’aj yanchaj Confucio yéetel Kitarō Nishida, Asiae’ ti’ yaan tu puksi’ik’al kéet tsikbal yéetel tuukul ku yantal tu pool wíinik. Uts k-k’amik lu’um úuch yanak yéetel jlúub u muuk’ ka’alikil táan kóolonialismóoi’.
U ka’ap’éel noj ba’ax chíikpaj úuchik u yantal Cannese’ leti’e’ ko’olelo’obo’. Uktúul xjo’olbesaj cha’ano’ob tu ketajubáajo’obi’, ts’o’okole’ juntúul ti’ leti’obe’ tu náajaltaj jump’éel ti’ u asab k’a’ananil chíimpolalo’obi’. Ti’ Cha’ane’ ka’atséel chíikpaj ti’, u sáasil yéetel u bo’oyil tuláakal ba’ax yanchaji’, tu’ux chíikpaj chíimpolal tu táan ko’olel, ba’ale’ beyxan le bix talam yanik tu táan le túumben ba’alo’ob tu’ux chíika’an u péek ba’al yóok’lal u xiibil wa ko’olelil wíinik. Franciae’ úuch káajak u ye’esik u pix ichil tu táan u p’eekil ko’olel yéetel u muuk’il xiib, ba’ale’ te’e ja’aba’ tu túuntaj túumben bejo’ob.
Beey túuno’, yóok’lal túumben cha’an ku beeta’ale’, yaan jejeláas ba’al ku p’áatal yóok’lal. Cha’ano’ob yéetel túumben e’esajilo’ob ku ts’a’abal ti’obe’, jach jejeláas u beeta’al, le beetik wíinike’ ma’ u yojel wa cha’an ku beeta’ale’, ti’ jump’éelili’ jaatsja’abil ku yúuchul, wa jach jaajtako’obi’. Óoli’ leti’e’ ba’ax ku taal u p’áatal to’ona’, tumen ti’ jump’éelili’ páantayae’ béeychaj u cha’anta’al Asteroid City wa Rapito, tumen cha’ane’ ku ye’esik ba’alob chéen je’el bix suuka’an u beetchajalo’, ba’ale’ kéen ts’o’okoke’ ku ye’esik uláak’ tsikbalo’ob yaanal bixij. Ti’ cha’ano’obe’, je’el bix ti’ yóok’ol kaabe’, táan u kuxtatik wíinik jejeláas ja’abilo’ob yéetel ti’ jejeláas lu’umilo’ob, ma’ chéen jump’éelili’, ba’ale’ ma’ xan k-k’áat ka p’éelilchajako’obi’. 
Wíinike’ ku na’atik ta’aytak u téejel ba’al, kex ma’ k-ojel wa ti’al utsili’, wa ti’al k’aasili’, ba’ale’ jun jatsk’iino’obe’ ta’aytak u k’uchul tu xuul. Óoli’ ma’ beey u chíikbesa’al tumen le ayik’al traajeso’obo’, u ya’abil taka’an tumen xiibo’obi’. Ma’ leti’e’ traajeso’ob “úuniformaartiko’ob” máak je’ex ka’acho’. Chíika’an ma’ táan u ta’akal je’el bix ka’acho’, mix máak takik le p’iis u ti’alo’, ma’ uts u taal ti’obi’, ts’o’okole’ tak u chan monyosile’ k’eek’ech yaniko’ob, beyxan u saakosile’ ma’ jats’uts ts’a’abano’obi’. Ba’ale’, kex beyo’, láayli’ u ta’akalo’ob. U cha’anil Cannes, máako’ob k’ajóolta’ano’ob, le beetike’ máake’ ma’ ch’éenel u yu’ubik ti’ yaan ti’ jump’éel u k’iimbesajil preepai’, tu’ux tuláakal máak ku bine’, ma’ jach uts u yu’ubik ti’ yani’ tumen majáantbil u beetmaj le nook’ u búukintmajo’. Tu káajal u yu’ubal u yiik’al k’eexil, u seen búukinta’al nook’ ma’ patali’, leti’ ku ya’aliko’. 
Ka’alikile’, cha’ane’ ma’ tu ch’éenel u péeksik k-óol kéen u kúulpachtubáaj. Juntúul ko’olel náajaltik u jach k’a’anan chíimpolali’, ka’alikil u k’a’abéetkunsik tribunáa ti’al u t’áan tu kóontráa francesil neoliberalismo, tumen beyo’ ku béeytal u páayt’antik kaaj ti’al u ba’atel, ti’al beyo’, kéen ts’o’okoke’, u bin máak k’iimbesaj ka’alikil u yuk’ik champagne, ka’alikil u kaxtik uláak’ kóontratosil meyaj tu’ux ka bo’ota’ak yéetel ya’abach euros. U chíikulal éelitismoe’ ma’ tu cha’ak u kaxta’al u yáal wíinik tu’ux ku chíikpajal jaajil kuxtal yaan ti’ kaaj, tumen ku p’uchkubáaj je’el bix u p’úuchul u yúumbal jáal ja’ tu táan u k’áak’nanil Riviera Francesa tu táan tuunich e’esik u káajal chak bej ku xíimbaltik máak ti’al u k’uchul te’e cha’ana’. 
“Ti’l u béeytal u yáax ajal máake’, k’a’abéet yáax táanile’ weenja’an”, leti’e’ t’aan yéetel le ku béeytal u tsikbaltpajal Festival de Cine de Cannes 2023. Jump’éel cha’an ku p’atik u guustoil u cha’anta’al meyajo’ob suuka’an u yila’al, ba’ale’ jujump’íitil u bin u yajal tu lu’umil Asia, yéetel je’el bix u bin u táakbesa’al ko’olel. Jach tu bin u píik’il, ts’o’okole’ ma’ jach p’íilik ich tu beeli’, tumen láayli’ u jach cha’anta’al u cha’anil eeroes yéetel koomiks, ku chíikpajalo’ob ti’ yaanal lu’umo’ob yéetel ti’ jejeláas cha’ano’ob. Tuláakal máak tukultik u meyajil cha’ane’ weenja’an, ts’o’okole’ jach chéen ba’alo’ob ku náaytik ti’ le ts’ook ja’abo’oba’, ts’o’okole’ ba’ax ku ye’esa’al ti’ le ku beetalo’obo’, láayli’ leti’e’ ku chíikpajal walkil 20 ja’abo’ob paachil; ba’ale’ ti’ yaan u muuk’il u yajal le meyaja’. Ma’ unaj ksakach t’aan yóok’lal le weenelila’, wa mina’an le chan xmáan man wenela’, ma’ xan tu páajtal k-ajal.
"
"Ichil 2023 tak 2027 kun jach táaj u’uybil ooxol te’e yóok’ol kaaba’, je’el bix mix juntéen yáax yanako’: ONU",30/05/2023,"Ichil u ja’abil 2023 tak 2027 kun u’uybil u jach táaj ooxolil mix juntéen yáax yanako’, tumen leti’ kéen ja’ats’ak lu’um tumen u gaasesil efektóo inbernaaderóo yéetel tumen ba’ax k’ajóolta’an beey El Niño, le beetik táan u jach beetik ooxol, k’a’ayta’ab tumen Organización de las Naciones Unidas (ONU).Mola’aye’ ku tukultike’ yaan u 66 por siientoil u páajtalil u píitmáan 1.5 ºC ooxol ti’ le beyka’aj suuka’an u yu’ubal ti’ jump’éel ja’ab te’e Yóok’ol Kaaba’, kex ti’ jump’éel ti’ le jo’op’éel ja’abo’obo’.
Ichil mokt’aano’ob jets’a’ab París yóok’lal u chokolil yóok’ol kaabe’ (2015), a’alabe’ yaan u kaxta’al ka’ach u jach k’a’amtal ooxol te’e siigloa’ ti’al ka p’áatak tu yáam 2°C, ti’ le níibeles preindustriales yanchaj ichil 1850 tak 1900, wa tak 1.5 °C, ti’ le bix kun páajtale’. 
“K’a’abéet klíik’sikbáaj”
“Yóok’lal seen ooxol ku yantal yóok’ol kaabe’, yaan u yu’ubik wíinik tu toj óolal, beyxan yaan u p’áatal ich sajbe’entsil u yutstal u tséentikubáaj, yéetel yaan u talamtal kéen jo’op’ok u k’a’abéetkunsa’al beyxan u t’o’oxol ja’. K’a’abéet klíik’sikbáaj”, tu ya’alaj Petteri Taalas. El Niñoe’, leti’e’ k’eexil táan u yantal yóok’ol kaab yaan ba’al u yil yéetel u seen beetik ooxol, tu’ux ku jach chíikpajal yáax k’iin ti’ jayp’éel noj lu’umo’ob, ba’ale’ ti’ uláak’o’obe’ yaan k’a’amkach cháaki’.Ichil u ja’abil 2018- 2019 u ts’ook ka’aj úuchij, ba’ale’ tu jo’oloj máanake’, tu je’aj bej ti’al u chowaktal u yu’uba’al La Niña, óoli’ tak óoxp’éel ja’ab; le kéen u’uyak le je’ela’, tu kúulpachile’, ku jach u’uya’al ke’el.  
"
Béeychaj u cha’anta’al bix úuchik u jaanta’al túulis pláaneta tumen jump’éel eek’,30/05/2023,"Ajsutu’ut eek’o’ob, wa astroonomose’, béeychaj u cha’antiko’ob bix úuchik u lu’uk’ul juimp’éel pláaneta tumen jump’éel eek’; ku tukulta’ale’ láayli’ beey kun úuchul ti’ Yóok’ol Kaab tu’ux yano’on, ba’ale’ tu jo’oloj 5 mil miyoonesil ja’abo’ob, beey a’alab tumen jump’éel xaak’al jts’a’ab k’ajóoltbil tu pikil ju’unil Nature.Kéen p’áata’ak mina’an u kóombustibleil jump’éel eek’e’, ku sop’oktal tak kéen nojochchajak maanal jump’éel miyoon u téenal u nojochil, le beetike’ ku luk’ik je’el ba’axak wíinkilal ka táakak tu beel, tak pláanetas. Ajxaak’alo’obe’ ts’o’ok u yilko’obe’ yaan ba’ax chíibkesik bix eek’o’ob ma’ili’ luuk’nako’ob yéetel kéen ts’o’okok u beetiko’ob, ba’ale’ mix juntéen jach béeyak u yila’al táanili’ u yúuchul.Te’e xaak’alo’ táakpaj u máakilo’ob Instituto Tecnológico de Massachusetts (MIT), Universidad Harvard, Caltech yéetel uláak’ estadunidenseil kúuchilo’ob.
Ila’abe’ planéeta jsa’ate’ míin ti’ luk’ ichil kgalaaxia, tu náachil 12 mil ja’abo’ob luus, naats’ ti’ u ka’anil Aquila. Te’elo’, ajsutu’ut eek’o’obe’ tu yilo’ob bix úuchik u wáak’al jump’éel eek’ tu beetaj u sáasilchajal maanal 100 u téenal le suuk u leelemo’, chéen ichil lajunp’éel k’iino’ob, ts’o’okole’, jach tu séeba’anil úuchik u sa’atal.Ajxaak’alo’obe’ ku ya’aliko’ob pláaneta jsa’ate’ míin yaan u nojochil ka’ach Júpiter, ts’o’okole’ jujump’íitil úuchik u bin u kóola’al tumen nukuch eek’e’, tak ka’aj jaanta’ab tumen u chuunil.K’iine’ yaan xan u luk’ik u Sistemail Láayli’ beey kun úuchul ti’ Yóok’ol Kaab ichil 5 mil miyoonesil ja’abo’ob, kéen tóoka’ak yéetel jaanta’ak u pláanetasil Sistema Solar tumen K’iin.Táan k-ilik ba’ax ku taal u k’iin yéetel Yóok’ol Kaab -tu ya’alaj jxak’al xook-. Wa yaan uláak’ wíinik táan u cha’antiko’on tu náachil 10 mil miyoonesil ja’abo’ob luus ka’alikil u jaanta’al Yóok’ol Kaab tumen K’iine’, je’el u yilko’ob bix u jach leelem chak ba’al, ku ts’o’okole’ ku yila’al beey ta’anpose’en tu bak’pachil, tak kéen ka’aj suunak je’el bix yanik ka’acho’”. 
"
Táan u kaxta’al u kaláanta’al u ADNil xíiwo’ob yéetel che’ob sajbe’entsil yaniko’ob tu lu’umil Yucatán,31/05/2023,"U jeenetikoil máaterialil jayp’éel yukatekoil xíiwo’ob, jela’antak yéetel sajbe’entsil yaniko’ob te’e lu’uma’, yaan u much’a’al kaláantbil ti’ u baankosil jéermoplaasmáa, ti’al u béeytal u yutsil xak’alta’al yéetel u péektsilta’al u kaláanta’al u jejejláasi wíixo’ob tu paachil k’iin, ba’ale’ yaan u jach ts’aatáanta’al le xíiwo’ob sajbe’entsil yanik u ch’éejelo’ob, le ma’ jach suuk u yila’alo’obo’ wa le ma’ tu jach béeytla u k’i’itbesa’al.
Tuláakal le je’elo’ jts’a’ab k’ajóoltbil tumen Aleida Díaz Castellanos, máax jo’olbesik u meyaj u kúuchil Laboratorio Regional para el Estudio y Conservación de Germoplasma, k’ajóolta’an beey GermoLab, ti’ u kúuchil Centro de Investigación Científica de Yucatán (CICY). Tu ya’alaj le meyajo’ yaan u béeytal ikil táan u meyaj Jardín Botánico del Germolab, tumen kúuchile’, jump’éel ti’ le lajunp’éel yéeya’ab ichil tuláakal yóok’ol kaab, tu ketlamil GGI-Gardens Awards Program, ti’ u ja’abil 2023. 
Le ketlamilo’ ku yáan meyajo’ob ku beeta’al yóok’ol kaab, ti’al u kaláanta’al u jenoomikail jejeláas lu’umil xíiwo’ob yaan, ikil u mu’uch’ul u jach kuxa’an xíiwilo’ob ti’ jardiines,  ts’o’okole’ jach ts’aatáanta’an le kúuchilo’ob tu’ux much’a’an u baatsil le xíiwo’obo’ yéetel u jeeneresoil mix juntéen yáax ts’a’abak ti’ biorrepositorios beeta’an tumen Global Genome Biodiversity Network (GGBN).
Díaz Castellanose’ tu tsolaje’ te’e tu yáax jaatsil meyaj CICYe’ yaan u much’ik jejeláas le’ob ti’al u beeta’al jenoomikáa xaak’alo’ob ti’ jun jaats xíiwo’ob much’a’an tu kúuchil Jardín Botánico del GermoLab, ti’al beyo’, kéen ts’o’okoke’ u túuxta’al muestráas yéetel ba’ax ojéela’an yóok’lalo’obe’ nupa’an yéetel jump’éel Biorrepositorio tu noj lu’umil México. Le ts’ook je’ela’, múul beeta’an yéetel Universidad Autónoma de Aguascalientes (UAA). Beyxan, tu ya’alaje’ yaan u ts’a’abal yéetel yaan u kaláanta’al u jejeláasil xíiwo’obe’ tu kúuchil Herbario ti’alinta’an tumen CICY, je’el bix xan tu kúuchil Herbario ti’ UAA.Uláak’ ba’ax tu ya’alaje’, tuláakal ba’ax kun chíikpajal ti’ le meyaja’ ti’ kun much’bil tu biorrepositoriosil GGBN ti’al u béeytal u xak’alta’al tumen je’el máaxak ajxaak’alilo’ob yóok’ol kaab.Ichil le xíiw ku tukulta’al yaan u ts’aatáanta’alo’ ti’ yaan: Gaussia maya; Guayacán (Guaiacum sanctum); biznaga Mammillaria gaumeri, yéetel Granadillo (Platymiscium cf. Yucatanum), ichil uláak’o’ob.
U taak’inil u meyajta’al xaak’ale’ yaan u ts’a’abal tumen Global Genome Initiative for Gardens (GGI-Gardens), Botanic Gardens Conservation International (BGCI), yéetel United States Botanic Garden (USBG) (JCDO / Divulgación).
"
Kaxta’ab jump’éel u kúuchil muuk yéetel najil ts’akyaj tu taamil Golfo de México,31/05/2023,"U mola’ayil Servicio de Parques Nacionales de Estados Unidos (NPS, yóok’lal bix u k’aaba’ ich inglése’) tu k’a’aytaj úuchik u kaxta’al jump’éel najil ts’akyaj tu’ux ts’aatáanta’ab máaxo’ob jtsa’ay ti’ xk’an chokwil, u ya’abile’ ajk’atun máako’ob; beyxan kaxta’ab jump’éel kúuchil muuk, ba’ale’ le ka’ap’éel ba’alo’oba’ tu taamil u k’áak’nabil Golfo de México, ti’ u petenil Dry Tortugas, tu noojolil Florida.
Úuchben nu’ukulo’ob kaxta’abe’, tu ka’ap’éelal yanchaj tu siigloil XIX, ila’abo’ob úuchik u beeta’al jump’éel xaak’al tu winalil agosto ti’ u ja’abil 2022, yéetel u yáantajil máaxo’ob ku meyaj Centro de Recursos Sumergidos ti’ u mola’ayil NPS. Ti’ yano’ob tu taamil peten buulul naats’ Garden Key, u ka’ap’éel asab nojoch peten Dry Tortugas.
Tu kúuchil Parque Nacional yaan ichil Dry Tortugase’ muuch0ul ukp’éel peteno’ob ichil u ja’il Golfo de México, yéetel ti’ yaan 112 kiloometróos tu chik’inil Cayo Hueso, Florida.Beyxan, a’alabe’, ichil le ba’axo’ob kaxta’abe’ ti’ yaan jump’éel tuunich tu’ux ts’íibta’ane’, jmuka’ab u máakil tu ja’abil 1861, tu’ux oksa’ab John Greer. 
“Kex tumen chéen jump’éel muukil ts’o’ok u yojéelta’al máax u yuumile’, xaak’alo’ob beeta’ane’ ku ye’esiko’obe’ u ya’abil máax yano’obe’, estadunidenseil jk’atuno’ob yano’ob ka’ach Fort Jefferson, ku tukulta’ab muka’abo’ob te’elo’”, ku ya’alik k’a’aytajil ts’íib.
Ichil ba’ax a’ala’ab tumen NPS, u yáax k’oja’ano’ob jtóop’ te’e petenilo’ tu beetajo’ob u kíimil ya’abach máako’ob ichil u ja’ablo’ob 1860 yéetel 1870. Ba’ale’ kex beyo’, “ma’ sáasil yanik” ba’ax kíins Greer.Beey túuno’, chan najil ts’ayaj kaxta’abe’, meyajnaj ti’al u ts’a’akal máaxo’ob tsa’ay ti’ xk’an chokwil ichil u ja’abil 1890 yéetel 1900.Yéetel u yáantajil Centro de Recursos Sumergidos ti’ NPSe’, u kúuchil Centro Arqueológico del Sudeste yéetel juntúul máax u ts’o’oksmaj u xook Universidad de Miami (UM) beeta’ab xaak’al tu’ux kaxta’ab le ba’alo’oba’.  
"
Lula da Silvae’ páayt’aanaj ti’al u p’ata’al paachil ''nooy tuukulo’ob'' jatsik Sudamérica,31/05/2023,"Brasileñoil jala’ache’ t’aanaj, le martes máanika, tu kaajil Brasilia, ti’al ka ka’a yantak tsikbal ichil sudamericanoil lu’umo’ob, úuchik u yúuchul u yáax múuch’tambalil jala’acho’ob le kóontinenteo’, tu jo’oloj óoli’ lajun ja’abo’ob beeta’ak u ts’ook; walkila’ táan u kaxtik múul meyaj yéetel jump’éel túumben Unasur, tu’ux chéen uktúul ti’ lajka’atúul máaxo’ob p’aatal ti’ le tu káajso’obo’.
"
U normalistailo’ob tu petenil Yucatáne’ tu mokt’anto’ob u péektsilta’al u miatsilo’ob le lu’umo’,01/06/2023,"U najilo’ob xook Normales yaan tu petenil Yucatáne’ tu beetajo’ob jump’éel mokt’aan ti’al u péektsilta’al yéetel u beeta’al meyajo’ob tu’ux ka táakmuk’ta’ak u jejeláasil miatsilo’ob yaan te’e baantao’, ka’alikil táan u kaambal máaxo’ob ts’íibta’an u k’aaba’ob te’elo’, ts’o’okole’ yaan xan u mu’uk’ankúunsa’al yéetel u kaxta’al ka ka’ansa’ak yéetel ka ka’anak le maaya t’aano’.Mokt’aane’ jóok’ úuchik u beeta’al Encuentro Peninsular de Escuelas Normales, jbeeta’ab tu noj kaajil Jo’, le 22 ti’ mayo máaniko’, tu’ux táakpaj máaxo’ob jo’olbesik najilo’ob xook yéetel ajka’anasjo’ob ti’ 20 u p’éel najilo’ob xook Normales tu péetlu’umil Yucatán, Kaanpech yéetel Quintana Roo.
Te’e súutuko’, táakpaj máax jo’olbesik Educación Superior para el Magisterio (DGESUM), Mario A. Chávez Campos, máax tu ya’alaj mokt’aane’ beeta’ab ti’al u chíikpajal bix kun je’ets’el le xooko’, tumen ti’al u béeytale’ k’a’abéet u yantal múul meyaj ichil le najilo’ob xooko’, ichil le jejeláas ba’al ku ka’ansalo’ yéetel ichil u jejeláasil ja’abo’ob xook ti’al ke jéets’ek u lu’umil tu’ux kun úuchul meyaj.  Beey túuno’, ajka’ansajo’obe’ tu chíimpoltajo’ob u k’a’ananil u yantal u yóol máak ti’al le meyajo’, yéetel ti’al u múul beeta’al, tumen beyo’, yaan u béeytal u beeta’al nu’ukbesajo’ob ka táakbesa’ak te’e kaambal ku ts’a’abalo’, le beetike’, ba’ax kun meyajtbile’ yaan u méek’tantik tuláakal le petenilo’. Ichil mokt’aano’ob jets’a’abe’ ti’ yaan: u péektsilta’al u jejeláasil miatsilo’ob yaan te’e Petenilo’ ka’alikil táan u yáalkab u ja’abilo’ob xook; u patjo’olta’al kaambal xook wa ka’ansajo’ob, ichil u ja’abil xook wa jumpáay ti’, ti’al u táakmuk’ta’al ka yanak jump’éelili’ bix u yúuchul ka’ansaj te’e petenilo’.Uláak’ ba’ale’, u beeta’al u nu’ukulil k’a’abéet ti’al u yúuchul le kaambalo’, beyxan le ka’ansajo’, je’el bix k’a’abéeto’; u mu’uk’ankúunsa’al yéetel u táakmuk’ta’al u ka’ansa’al yéetel u ka’anal maayat’aan beyxan ka úuchuk kaambal yéetel ka’ansaj ich maaya t’aan, ichil uláak’ ba’alo’ob.Ikil beeta’ab le múuch’tambalo’, táakpaj xan, ba’ale’ ti’ Internet, uláak’ u ajmeyajilo’ob kaambal ti’ u noj najilo’ob xook Universidad de Belice Corozal Junior College yéetel u  Normalesil Guatemala, ti’al ka táakpajak uláak’ máako’ob ku ka’ansajo’ob.
"
Béeychaj u tsola’al bix úuchik u p’áatal saurópodose’ u jach nojoch ba’alche’il Yóok’ol Kaab,01/06/2023,"Jump’éel túumben xaak’al jts’a’ab k’ajóoltbile’, tu chíikbesaj bix úuchik u jach nuuktal saurópodos, tumen jp’áate’ u jach táaj nuuktakil ba’alche’ yanchaj Yóok’ol Kaab, je’el bix xan braquiosaurio yéetel apatosaurio, tumen láayli’ nojochchajo’ob je’el bix úuchik u máan u ja’abil u kuxtalo’ob.“Ka’ache’, ku tukulta’al saurópodose’ jach táaj nojochchajo’ob chéen wa jaytéen tumen beey yanchaj u yúuchul ka’alikil u yáalkab k’iin, ba’ale’ yóok’lal túumben xaak’al beeta’abe’ béeychaj u yojéelta’al maas ya’abach juntéenal úuchik u nojochtal, kex 36 u téenal nojochchajij, tu jo’oloj 100 miyoonesil ja’abo’ob, ichil tuláakal yóok’ol kaab”; beey a’alab tumen páaleontologóo Michael D'Emic, u jxak’al xookil Biología tu noj najil xook Universidad Adelphi, u yuumil xaak’al betab’abij.
Ti’al u béeytal u xak’alta’al bix úuchik u k’éexel u nojochil u wíinkilal saurópodose’, D'Emic tu molts’íibtaj u p’iisil u nojochil ya’abach u baakel ba’alche’ kuchik u aalil. Ka’aj ts’o’oke’ k’a’abéetkunsa’ab jump’éel teeknikáa ku k’aaba’tik reconstrucción del estado ancestral, ti’al u béeytal u ts’íibta’al tu’ux u taal, wa tu’ux yanchaj u aalil wíinkilal jeel beeta’ab ti’ óoli’ 200 u túul u jejeláasil saurópodos, je’el bix úuchik u bin u k’éexelo’ob tu máan k’iinil ja’abo’ob.Ba’ax chíikpaje’, jts’a’ab k’ajóoltbil tu pikil ju’unil Current Biology, ts’o’okole’ ti’ ku ye’esa’al saurópodose’ jach táaj nuukchako’ob ka’aj káaj u k’éexel u wíinkilalo’ob, ts’o’okole’ ka’aj káaj u yantal u kúuchkabal saurópodose’, beey káaj xan u k’éexel ba’al tu ch’i’ibalo’obi’.“Ka’ach ma’ili’ ch’éejek díinosaurio’obe’, ti’al u ts’o’okbal u jats k’iinil Cretácicoe’,  jach k’éex u wíinkilal saurópodos tak ka’aj náak nukuch beeytako’ob, óoli’ 36 u téenal ti’ le bix yaniko’ob ka’achij. Nukuch saurópodose’, u jach táaj nuuktakilo’obe’, láayli’ xan jela’antak ti’ u jeelo’obo’, tumen u kojo’ob yéetel u poolo’obe’, jela’antak ti’ uláak’o’ob yanchajo’obo’”.U jach p’aayach xaak’alil jbeeta’ab ti’ u baakele’, tu ye’esaj saurópodose’ láayli’ xan yaanal bix u nuuktalo’ob, tumen tukulta’abe’ yaanal bix xan úuchik u tséentikubáajo’ob. Lelo’, ku ye’esik bix séeba’an úuchik u k’éexel ba’al ti’ mamiiferóos, tu jo’oloj ch’éejek díinosaurios, ma’ili’ xan jach jéets’ek u nuuktakil nuxi’ mamuts.
"
Xmaayaobe’ tu k’áato’ob ka beeta’ak múuch’kab ts’aatáantik loobilaj ku beeta’al ti’ob,01/06/2023,"Ti’ jump’éel múuch’tambal beeta’ab tu noj kaajil Jo’e’, u múcuh’kabil Promotoras Mayas de Justicia tu beetaj páayt’aan ti’ u jala’achil Yucatán, Mauricio Vila, ti’al ka u’uya’ak ba’ax ku k’áatiko’ob yéetel ti’al ka áantajnak ti’al u beeta’al jump’éel múuhc’il meyaj tu’ux ka béeyak u yúuchul tsikbal yéetel ti’al ka mu’uk’ankúunsa’ak u meyaj máasewal ko’olel.
"
Tulix wa turix,02/06/2023,"Tulixo’obe’ ku béeytal u ye’esik wa ja’ tu’ux ku máane’ no’ojan wa ma’, tumen chéen ku náats’al tu’ux uts yanik.Francisco Javier Nava, juntúul j-íinjenieróo agronomóo jach kaambanaja’an yóok’lal entomologíae’ tu ya’alaje’ yaan ichil 54 yéetel 60 u p’éel u jejeláasil tulix tu noj lu’umil Yucatán, ba’ale’ láayli’ ku yila’al Estados Unidos tak Argentina.Le chan ba’alche’a’ jatsa’an beey odonata, yéetel u yiche’ nuuktak ts’o’okole’ óoli’ chéen leti’ yaan tu pool. U boonile’ jejeláas, je’ex ch’ooj, chak, sak, éek’kume’en, k’an, ichil uláak’o’ob.Ts’o’okole’, yaan u mejen che’il u pool de beey z, yéetel ka’a ts’íit u xiik’ tak’a’an tu paach, tu’ux yaan u muuk’. “Chowak u nak’ yéetel bek’ech, ts’o’okole’ u poole’ maas jach kóoch ti’ u wíinkilal”.
"
‘U kaajail u mu’ukul aadáas’; nu’ukulo’ob kaxta’ab Escocia ma’ ojéela’an tu’ux u taalo’obi’,02/06/2023,"Tu jo’oloj óoli’ 200 ja’abo’ob kaxta’ak 17 u p’éel mejen kaajas tu’ux muka’an reestos, tu kaajil Edimburgo, tak tu noj lu’umil Escociae’, mix máak ku béeytal u ya’alik tu’ux u taalo’ob, wa bix úuchik u k’uchulo’ob tak te’elo’, ts’o’okole’ maas jach táaj ya’ab tsikbalo’ob ts’o’ok u jóok’sa’al tu bak’pachil ti’al u béeytal u na’ata’al, wa u tso’olol, bix úuchik u yantalo’ob te’elo’, chéen ba’axe’ mix jump’éel ti’ le tuukulo’ob wa tsikbalo’ob jóoksa’an yóok’lalo’ob ku béeytal u ye’esik wa jach jaaj beey úuchik u k’uchulo’ob te’elo’.Le mejen áataudeso’, jujump’íitil u bin u k’ajóoltalo’ob, tumen ku ya’alale’ u ti’al mejen aadáas bin. Ka’aj kaxta’abo’obe’, ti’ pekekbalo’ob ka’ach ichil jump’éel áaktúun tu jáalikilo’ob Arthur's Seat, junmúuch’ wiitso’ob eets’elo’ob tu kaajil Edimburgo. Tu ja’abil 1836e’, ka’alikil junmúuch’ mejen paalal táan u máan u xíinximbalo’ob tumen táan bin u chukiko’ob t’u’ulo’obe’, kaxta’abo’ob ichil le áaktuno’, chéen ba’ale’ ti’ le beyka’aj xoka’ab yanchaj te’e k’inako’obe’, walkila’ chéen waxakp’éel p’aatali’.
Ichil le jejeláas tuukulo’ob yaan tu bak’pachil ti’al u je’ets’el tu’ux u taalo’obe’, ti’ yaan bin tak le ku ya’alike’, yóok’lal k’aak’as echisóo yanchajo’ob, beyxan yaan máaxo’ob a’alike’ u kúuchil u kaláanta’al mejen waya’as wíiniko’ob, wa chéen bin noj k’a’ajesaj ku beeta’a, yóok’lal máaxo’ob ts’o’ok u kíimilo’ob. Walkila’, u mejen kaajasil le aadaso’obo’ líiks’a’ano’ob tu kúuchil Museo Nacional ti’ u lu’umil Escocia.Lalaj jump’éel ti’ le kaajaobe’ ku p’isik 95 miliimietróos u chowakil. Ichil túune’ kaxta’ab u wíinkilal mejen máako’ob póola’an ti’ che’ yéetel búukinta’an u nook’o’ob, chíika’an jach u ti’alo’ob tumen p’el u taal ti’ob. Beey túuno’, tu jo’oloj kaxta’ako’obe’, jejeláas kúuchilo’ob k’a’aytik péektsilo’obe’ káaj u tsa’atsayiko’ob le tuukulo’ob wa tsikbalo’ob yaan yóok’lalo’ob ti’al u béeytal u na’atal tu’ux u taalo’ob.Beyxan, yanchaj máax a’ale’, kaajas tu’ux oksa’an le mejen máako’obo’, beey u’uts nu’ukulo’ob ti’al u yantal u suerte máak, ba’ale’ jta’akabo’ob tumen juntúul jkoonol táan ka’ach u k’áatik taak’in ti’ ajk’áak’nabil máako’ob ti’al u k’ubik ti’ob.Ba’ale’ k’a’abéetkunsa’ab túumben nu’ukulo’ob, wa téeknolojiyae’, ti’al u beeta’al xaak’alo’ob yóok’lalo’ob, tu ja’abil 1990e’ béeychaj u yojéelta’ale’ jump’éelili’ k’ab meyajt tuláakal le mejen máko’obo’, yéetel láayli’ jump’éelili’ nu’ukul meyaj k’a’abéetkunsa’ab u ti’al meyajta’alob; beyxan ma’ maas jach táaj úuchbentako’ob ti’ u ja’abil 1830.Walkila’, ti’ le ja’abil 2023 yaniko’ona’, kúuchil e’esajil tu’ux líik’sano’ob yéetel tu’ux ku béeytal u cha’antalo’obe’, ma’ béeyak u sáasilkuuns jejeláas ba’alo’ob yóok’lalo’obi’. Kex beyo’, ts’a’abano’ob ti’al u cha’anta’alo’ob, yéetel yaan máako’ob láayli’ u patjo’oltiko’ob uláak’ ya’abach ba’alo’ob tu bak’pachil le mejen máako’oba’, ti’al u je’ets’el wa ti’al u na’atiko’ob ba’ax u beelalo’ob ka’achij, wa tu’ux u taalo’ob, wa ba’axten beey yaniko’ob ka’aj ila’abo’ob. 
"
"Ti’ lajunp’éel siiberdelitoos yane’, bolonp’éele’ je’el u béeytal u kaláanta’al ma’ u yúuchule’: ajxak’al xooko’ob",05/06/2023,"Ti’ lajunp’éel siiberdelitoos yaane’, bolonp’éele’ je’el u páajtal u kaláanta’al ma’ u yúuchul wa ka péektsilta’ak ich kaaj talamilo’ob yaan tu paach, tumen u jaajile’, ti’ je’el máaxak je’el u yúuchule’; jump’éel ba’al yaan tu kuxtalil wíinik, je’el u yokolta’al u k’aaba’e’ wa u ba’alumbáaj máak, ts’o’okole’ je’el u k’uchul tak bix u kaláanta’al jump’éel lu’umil, j-a’alab tumen ajxak’al xooko’ob.Tu ya’alo’obe’, siiberseguriidade’ jump’éel meyaj najmal u beetik tuláakal máak; jump’éel ba’al ku píitmáan ti’ chéen u k’a’abéetkunsa’al software yéetel hardware, tumen ku k’uchul tak tu kuxtal wíinik.Ti’ jump’éel tiskbal jbeeta’ab jayp’éel k’iino’ob paachil, tu k’aaba’taj La ciberseguridad en el contexto de las Relaciones Internacionales, tu noj najil xook Facultad de Ciencias Políticas y Sociales (FCPyS), j-a’alabe’ yaan 12 u p’éel u múuch’ilo’ob kriimen organisaadóo ku meyajo’ob tu noj lu’umil México, máaxo’ob ku béeytal u yojéeltiko’ob ba’ax seeluláar nuupul ti’ jump’éel díirexion IP (yéetel le ku béeytal u yojéelta’al ba’ax díispositiboil oka’an ti’ Internet wa ti’ jump’éel reed), ts’o’okole’ ku béeytal u yila’al jach tu’ux yaan, le beetike’ séeba’an je’el u yokla’al máak.
Carlos Estrada Nava -juntúul u kóonsultoril siiberseguridaad, peritóo yéetel u jka’ansajil koomputóo foreensee’ ku meyaj Instituto Nacional de Administración Pública, tu ya’alaje’ k’a’abéet u yantal kúuchilo’ob ti’al ka’ansa’al ti’ máak jejeláas ba’alo’ob yóok’lal le je’ela’. Kéen k’a’abéetkunsa’ak Internete’, ku je’ebel Chrome wa Firefox, ts’o’okole’, “wíinike’ aktáan yanik ti’ je’el ba’ax ookol k’aaba’ je’el u beeta’ale’”. Tu ya’alaje’ ma’ unaj u tu’ubul ti’ máake’ kéen u k’a’abéetkuns Internete’ ku p’áatik u chíikulal tu’ux ku máan.Tu tsikbaltaje’ tu paachil k’iine’ yaan tak u yantal ba’alteltáambalo’ob pata’an u k’aaba’ beey kiintáa jéenerasyon; lela’ u k’áat u ya’ale’ yaan u táakbesa’al siiberespaasyóo, yéetel u seextaile’ leti’e’ déesinformasyoono’.Carlos Ramírez Castañeda, jka’ansaj tu noj najil xook Universidad Anáhuac, tu ya’alaje’, tu noj lu’umil Méxicoe’ yaan 96.87 miyoonesil íinternautáas (2022), ts’o’okole’ le je’elo’ ku ye’esike’ máan yóok’ol u 9 por siientoil ti’ le ts’ook ja’aba’, beyxan Méxicoe’ jump’éel ti’ tuláakal noj lu’umo’ob tu’ux maas ya’abach siiber ataakées beeta’an ti’ le ts’ook ja’abo’obo’.Tu k’a’ajsaje’, ka’aj yanchaj pak’be’en k’oja’ane’ káaj u maas k’a’abéetkunsa’al Internet; ya’anach mola’atobe’ yanchaj u beetiko’ob telemeyaj, ba’ale’ mina’an u jach p’íitil ba’ax k’a’abéet ti’al u kaláanta’al máax meyajtik, u siistemasil yéetel u nu’ukulo’obi’. Ti’ síiberatakeese’ yaan ka’ap’éel noj jaatsi’: yéetel malware (koodigóos yéetel k’aak’as prograamáas ku jupkubáajo’ob, ku jóok’siko’ob, ku k’exiko’ob, ku ka’a ts’íibtiko’ob daatóos yéetellibres de malware. Ichil ba’ax a’ala’an tumen CrowdStrike, estadunidenseil mola’ay, tu ja’abil 2022e’, u 71 por siientoil ataakees yanchaje’, beeta’ab yéetel u ka’ap’éel nu’ukulil, tu’ux chéen tusbil u beeta’al máak ti’al u béeytal u yokol tak tu’ux yaan u k’aaba’ wa k’a’anan ba’alo’ob yóok’lal.
"
Kaxta’ab u pe’echak’ wíinik Alemania; kex 300 mil ja’abo’ob u yúuchbenil ,05/06/2023,"Junmúuch’ ajxak’al xooko’obe’tu kaxto’ob u pe'echak’ wíinik, u asab úuhbenil kaxta’an Alemaniae’, tu baantail Baja Sajonia. Máaxo’ob kaxte’ ti’ ku meyajo’ob tu noj najil xook Universidad de Tubinga yéetel Centro Senckenberg para la Evolución Humana y el Paleoambiente, ts’o’okole’ ba’ax kaxta’ab ti’ xaak’al beeta’abe’ jts’a’ab k’ajóoltbil ti’ jump’éel ts’íib tu pikil ju’unil Quaternary Science Review.
Pe’echak’o’obe’, maanal 300 mil ja’abo’ob u yúuchbenil, ti’ yano’ob ka’ach tu úuchben paleoliitikóo kúuchil Schöningen, tu baantail Baja Sajonia, ts’o’okole’ ku tukulta’ale’ p’ata’ab tumen juntúul máak táaka’an ka’ach ichil u chan baatsil Homo heidelbergensis.Ajxak’al xooko’obe’ ku tukultiko’obe’ te’e baantao’ naats’ yanik ka’ach jump’éel aak’al, tu’ux ku yantal ja’ ti’al u yu’uk’ul yéetel u yichkíil ba’alche’ob yéetel wíiniko’ob; láayli’ te’e baantao’ kaxta’ab xan u pe’echak’ éelefantees, ti’ u jejeláasil Palaeoloxodon antiquus, je’el bix xan u pe’echak’ ríinoseerontes Stephanorhinus kirchbergensis. 
"
"Morenae’ tu mukaj PRI tu kaajil Edomex; chéen Coahuila, u ts’ook nojoch óoxboon najil p’aatal",05/06/2023,"Yéeytambal beeta’ab jo’oljeake’ j-úuch ich jets’óolal u ya’abil. Le ba’ax ku bin u chíikpajale’ ti’ yáax xaak’al yéetel PREPe’ ku ye’esik ba’ax yáax tukulta’abij: Coahuilae’ yaan u p’áatal yéetel priistail jala’ach, nuupul yéetel PAN beyxan PRD, ti’al beyo’ u múul yantal yéetel Durango ichil lu’umo’ob tu’ux oka’an meyaj Revolucionario Institucional, ka’alikil u jach nojoch kúuchile’, Estado de México, tu ye’esaj jump’éel k’a’anan k’eexil, tumen tuláakal ba’ax e’esike’ Delfina Gómez kun p’áatal beey u yáax xmorenistail yéetel u yáax ko’olelil ken u beet u xjala’achil te’elo’.
"
" Histoplasmosis, k’oja’an ku tsa’ayal yóok’lal jump’éel kuuxum ila’an yaan tu ts’ono’otilo’ob Yucatán",06/06/2023,"U mola’ayil Secretaría de Salud ti’ u noj lu’umil Méxicoe’ tu ts’áaj k’ajóoltbile’ yaan kex jo’otúul máako’ob jtsa’ay histoplasmosis, ts’o’okole’ ojéela’an tu xíimbalto’ob kex jump’éel ts’ono’ot tu méek’tankaajil Homún, Yucatán, le beetike’ tu beetaj jump’éel páayt’aan ti’al u ts’aatáanta’al ba’ax táan u yúuchul yéetel.Kex tumen le je’ela’ jump’éel k’oja’an ma’ k’a’abéet u jach kaláanta’an yóok’lal bix u bin u pa’ak’ale’, histoplasmosise’ jump’éel íinfexion ku tsa’ayal ikil u yúuts’benta’al u kuuxumil Histoplasma capsulatum. Le je’ela’ je’el u beetik u yantal talamilo’ob tu toj óolal wíinik tumen ku k’uchul tak tu sot’ot wa pulmoonesil wíinik. Ba’ale’, u ya’abil máaxo’ob ti’ ku tsa’ayale’ ma’ tu chíikpajal ti’obi’.Ku tsa’ayal tumen ooko’ob te’e ts’o’ono’oto’, ichil u winalil julio yéetel agosto ti’ u ja’abil 2022. Béeychaj u je’ets’el k’oja’anchajo’ob tumen chokwinajo’ob, chi’ibalnaj u poolo’ob, jach ka’ano’ob, p’áat mina’an u muuk’o’ob yéetel talamchaj u ch’a’ak u yiik’o’ob. K’oja’anchaj ka’atúul ko’olel yéetel óoxtúul xiib yaan u ja’abil ichil 24 yéetel 50.
"
Kaxta’ab u muukil u nojoch máakil k’áak’náab; yéetele’ ku jeel tukulta’al ba’ax ma’ sáasil yanik yóok’lal preincaicoil Perú,06/06/2023,"Junmúuch’ arkeeologosil ti’ u lu’umil Perú, tu kaxtajo’ob jump’éel úuchben kúuchil muuk, tu xamanil Lima. Te’elo’ muka’ab juntúul ayik’al wíinik yanchaj ba’al u yil yéetel k’áak’náab, ts’o’okole’ siijil ka’ach ichil Chancay miatsil, kuxlaj ichil u ja’abilo’ob mil 100 yéetel mil 400 ti’ k-k’iintsilo’obi’, tu chúumuk jáal ja’ilo’ob andinoil lu’um.Le je’ela’ leti’ u jach táaj nojoch muukil kaxta’an tak walkila’, tu kúuchil muuk Macatón. Yaan kex wakp’éel meetros u taamil, yéetel kex ukp’éel meetros u chowakil yéetel u kóochil, tu’ux oksa’ab u reestosil juntúul máak bak’a’an yéetel nook’, ts’o’okole’ láak’inta’an tumen uláak’ ko’otúul máako’ob, míin u láak’o’ob ka’achij, u paalalo’ob yéetel u xmeyajo’ob kíinsa’abo’ob tu yiknal, j-a’alab tumen arkeologóos.Beey túuno’, te’el tu’ux yaan le wakp’éel reestoso’, kaxta’ab xan u reestosil kantúul llaamas; ku tukulta’ale’ míin kíinsa’abo’ob xan ka’aj yanchaj le animaso’. 
"
Applee’ tu k’a’aytaj u túumben leentesil realidad mixtáa Vision Pro,06/06/2023,"Apple Inc (AAPL.O) tu ts’áaj k’ajóoltbil le lunes máanika’, túumben nu’ukul ti’al u paakat máak, ichil tse’ek suuk u beetik lalaj ja’ab yóok’lal máaxo’ob meyajtik software. Le je’ela’, yáax xáak’ab ti’al uláak’ jun jaats ba’al koonol je’el u beetike’, tu jo’oloj jóok’sa’ak Apple Watch walkil bolonp’éel ja’abo’ob. Nu’ukul yaan u kóontrolarta’al yéetel u yich, u k’ab yéetel u t’aan máake’ yaan u tojoltik 3 mil 499 dolarées. 
"
Kaxta’ab Veracruz jump’éel u túumben tuunich woojil Joven de Amajac,07/06/2023,"Ka’alikil u beeta’al ka’ach jayp’éel meyajo’ob ti’al u k’e’exel u ch’e’enil u bin ja’ ti’ jump’éel u bejil u kaajil Álamo Temapachee’, kaxta’ab tumen ka’atúul ajmeyajo’obe’, jump’éel póol wíinkilal chíikbesik Joven de Amajac; chéen ka’ jáan chíikpajij. U ka’ap’éelil wooj wíinkilal kaxta’ak te’e kaaj yaan tu lu’umil Veracruz ichil jump’íit maanal ka’ap’éel ja’ab.Ichil ba’ax j-a’ala’ab tumen x-arkeologáa María Eugenia Maldonado Vite, yáax ba’ax ku yila’al yóok’lale’, ku chíikbesike’ juntúul ko’olel tu beet u jala’achil le te’elo’, tumen yaan u chan kóoronail u pool.Beyxan, ojéelta’abe’ maas úuchben ti’ le yáax tukulta’abo’, úuchik u je’ets’el yanchaj ichil u ja’abil 1100 yéetel 1200 ti’ k-k’iintsilo’oib (Posclásico temprano), ma’ ichil u ja’abil 1450 yéetel 521.
Beyxan ma’ táan u tukulta’al wa le ba’ax kaxta’abo’ yaan xa’ak’an ba’alo’ob ti’ mexica miatsil, je’el bix úuhcik u ya’alal ka’aj kaxta’ab yáax monolitóo ti’ jump’éel páarsela tu winalil enero, ti’ u ja’abil 2021.Tu jo’oloj kaxta’ake’, jts’a’ab k’ajóoltbil tu táan kúuchilo’ob k’a’aytik péektsilo’ob yéetel ti’ u kajnáalilo’ob Hidalgo Amajac, p’aatal tu baantail Huasteca veracruzana, 35 minuutos náachil ti’ u k’áak’náabil Tuxpan, tu’ux ts’o’okili’ u yáax kaxta’al jump’éeli’.X-arkeologáa Maldonado Vite, máax ku meyaj xan tu kúuchil Centro Veracruz, ti’ u mola’ayil Instituto Nacional de Antropología e Historia (INAH), tu ts’áaj k’ajóoltbile’ le ka’ap’éel wooj wíinkilal kaxta’aba’ póola’an ti’ ta’anil tuunich yéetel maas ma’ nojoch ti’ le yáax kaxta’ab 2021i’.Ku p’isik 1.54 meetróos u chowakil tak tu espiigail, 55 sentiimetros u kóochil yéetel 19 u piimil; ka’ap’éel tu’ux teejel, ku tukulta’ale’ úuch ti’ ikil k’a’abéetkunsa’ab máakinaria ti’ le meyajo’ob táan ka’ach u beeta’alo’ob. Ba’ale’, le yáax kaxta’abo’, tu p’isaj kex 2 meetróos u ka’analil, u kóochile’ ma’ tu máan ti’ 60 seentimetróos yéetel 25 sentiimetros u kúuchil, tu tsolaj.
"
K’a’ayta’ab u yáax keetil ko’olel nat’ik u t’íinchak balak’ ookil móontanyáa tu kaajil Jo’,07/06/2023,"Xnat’ t’íinchak balak’ ooke’ tu k’a’ayto’ob u yáax keetil u t’íinchak balak’ ookil móontanyáa (MTB, ku taal ti’ u inglés t’aanil Mountain Bike); ti’al u winalil octubre ku taala’, tu noj kaajil Jo’, le beetike’ táan u páa’ta’al ka yanak ko’olel ka káajak u líik’sikubáaj ti’al u táakpajalo’ob te’e keetila’, tumen u tuukulil u beeta’ale’, leti’ u yu’ubik ko’olel mina’an sajbe’etsil kéen okok ti’ ba’alo’ob beya’. Milú Sauri, máax patjo’olt u múuch’oil Rudas —u siiklistaasil ruutae’—,  tu k’a’aytaj le je’ela’ leti’ u yáax keetil ku beeta’al chéen u ti’al ko’olel ichil MTB tu noj kaajil Jo’, yéetel béeychaj u yantal úuchik u múul meyaj yéetel Ana Claudia Lucena, juntúul ti’ le máaxo’ob patjo’olt u múuch’il Dioses Mayas.“Ku p’éelilchajal le ka’ap’éel bix u na’at’al t’íinchak balak’ ook, ba’ale’ u nooyil Rudase’ leti’ u kaxtik u mu’uk’ankunsa’al u na’at’al biikláa tumen ko’olel yéetel ka béeyak u táakpajal ti’ keetilo’ob, tumen to’on ko’olelo’one’, k’a’abéet kch’aik kmuuk’ ti’ le kuxtala’, ts’o’okole’ t’íinchak balak’ ooke’ jach k’a’anan ti’al u béeytal”, tu ya’alaj.
Kex tumen jaaj u k’áato’ob u táakmuk’t ko’olel oka’an ti’ le noj deportea’, láayli’ xan ku páajtal u ts’íibtik u k’aaba’ máax ku beertik chéen ti’al u náaysik u yóol, ts’o’okole’ tak ti’ leti’ob kun ts’a’abil tak u medaayail, tu tsikbaltaj.Ana Claudia, tu ya’alaje’ ya’abach juntéenake’, ko’olele’ ku kuchik tuukulo’ob jets’a’an yóok’olo’ob kéen u beeto’ob deportée, le beetike’, yéetel keetil kun beetbil jach chéen u ti’al ko’olele’, táan u kaxta’al u táaukmuk’ta’alo’ob, beyxan u líik’sa’al u yóolo’ob ti’al u káajsiko’ob wa ma’ u p’atiko’ob nat’ biikláa.“Tene’ xnat’ biiklaen MTB, ba’ale’ ya’abach juntéenake’ ku tukulta’ale’ deportée chéen u ti’al xiib, ba’ale’ ma’ beyi’”. Le beetik oota’ab beetbil jump’éel kúuchil ti’al u káajsa’al u luk’sa’al le tuukulo’oba’.Kex ma’ ojéela’an jach ba’ax bejil kun áalkabtbile’, ma’ tun xáantal kéen ts’a’abak k’ajóoltbil, ba’ale’ yaan u ts’a’abal ja’, mekaanikóo áantaj, áambulaansya yéetel tuláakal ba’ax kun k’a’abéetchajal te’e bejo’.
"
Beel ja’ yaan Ucraniae’ wéekij; yóok’lale’ sakach t’aanaj Kiev yéetel Moscú,07/06/2023,"Jump’éel pak’ jníik le martesa’, le beetike’ búul kaaj, ts’o’okole’ tu p’ataj ich sajbe’entsil u nukleear kúuchil Zaporiya. Ba’ax úuche’ láayli’ ku talamkúunsik ba’al ti’al u k’ujsa’al uk’be’en ja’ tu baantail Crimea -ba’atelta’an lik’ul 2014 ichil Rusia yéetel Ucrania- le beetike’ ajmeyajo’ob ti’ le lu’umo’obo’ tu séebkunsaj u jóok’sik kajnáalo’ob te’elo’, ka’alikil u sakach t’aano’ob yóok’lal. Oochele’ ku ye’esik juntúul u kajnáal tu yotoch buulul.
"
"Quetzalcoatlus, pterosaurio kuxlaj walkil 70 miyoonesil ja’abo’ob paachil; ku k’a’ajsik aztekaa yuumtsil",08/06/2023,"Ku tukulta’ale’ ku p’isik kamp’éel meetróos u ka’analil yéetel kéen u xit u xiik’e’ ku k’uchul tak 13 meetróos u chowakil. Pata’ab u k’aaba’ beey Quetzalcoatlus northropi, yéetel leti’e’ asab nojoch ba’alche’ xik’náalnaja’an ti’ le Yóok’ol Kaaba’.
Yáax juuntéen ka’aj ila’ab u yúuchben baakelo’ob le nuxi’ ba’alche’a’, j-úuch tu káajbal u lajunja’abil 1970, úuchik u kaxta’al u baakel u xiik’ le pterosaurioa’, tu kúuchil Parque Nacional Big Bend, Texas, tumen Douglas Lawson,  juntúul u xoknáalil Universidad de Texas, tu kaajil Austin.
Lawsone’ tu pataj u k’aaba’ ba’alche’ tu kaxtaje’ beey Quetzalcoatlus, ti’al u chíimpoltik Quetzalcóatl yumtsil, k’ajóolta’an xan beey Kukulkan, ichil maaya maitsil; u chuuka’anil k’aaba’ ts’a’abike’ northropi ts’o’okole’ lelo’ jts’a’ab ti’ yóok’lal John Knudsen Northrop, máax káajs u mola’ayil Corporación Northrop, tu’ux jach ya’ab u meyajta’al u patjo’oltal péepen k’áak’o’ob.
Ku tukulta’ale’ le úuchben ba’alche’o kuxlaj ya’abach ja’abo’ob ti’ u kuxtale’, Norteamérica, walkil óoli’ kex 70 miyoonesil ja’abo’ob.Ajxak’al xooko’obe’ ts’o’ok u xak’altiko’ob u yúuchben baakel le pterosaurioa’ tu ya’alo’obe’ u xiik’e’ jach chowaktako’ob, ts’o’okole’ ku kóojolo’ob tak lu’um kéen wa’alak, ts’o’okole’ tu koje’ miana’an u t’o’olil u koj, yéetel u kama’ache’ chowak yéetel bek’ech, le beetike’ tu kanaj bix u péek yéetel u tséentikubáaj: ku tsa’ayal ka’ach u ch’úuktik u yo’och kex táan u xik’nal wa kex ta’aytak u jáayal te’e lu’umo’.
Pterosauriose’ leti’e’ yáax ba’alche’ob, tu paach ike’lo’obe’, béeychaj u xik’náalo’ob ka’aj popokxiik’najo’ob. Le beetik k’a’anan u beeta’al xaak’alo’ob yóok’ol Quetzalcoatlus northropi ti’al u na’atal bix úuchik u bin u k’éexel u wíinkilal yéetel u kuxtal ch’íich’o’ob.
Yaan jump’éel u yoochel le ba’alche’a’ tu táankabil u kúuchil e’esajil Museo del Meteorito, tu kaajil Progreso, Yucatán. 
"
"NASAe’ tu yáax beetaj múuch’tambal je’ek’ab ti’ kaaj, ti’al u tsikbalta’al ba’alo’ob yóok’lal ovnis",08/06/2023,"U mola’ayil NASAe’ tu beetaj u yáax múuch’tambalil tu táan kaaj, yóok’lal jump’éel xaak’al beeta’an ti’ jejeláas ba’alo’ob ku xik’nalo’ob ma’ ojéela’an ba’axo’obi’ (ovnis), káajsa’aj walkil jump’éel ja’ab paachil.
Ti’ jump’éel tsikbal máansa’ab ti’ téelebisyoon xáanchaj jump’éel oorae’, táakpaj junmúuch’ 16 ajxak’al xooko’ob jumpáay u meyajo’ob yéetel uláak’ máako’ob yéeya’an tumen le mola’ayo’, tu’ux táaka’an tak Scott Kelly, juntúul áastronautáa ts’o’ok u p’atik u meyaj, yéetel leti’e’ yáax estadunedenseil tu máansaj óoli’ jump’éel ja’ab te’e espaasyóo.
Ya’abach ti’ le máaxo’ob táakano’ob te’e múuch’ meyajo’ ts’o’ok u “ch’a’apachta’alo’ob ti’ Internet” tumen oka’ano’ob meyaj ti’ le je’ela’, ts’o’okole’ le ba’ax ku yúuchula’ ku xaankúunsik sientiifikoil meyaj, tu ya’alaj Dan Evans, ti’ u mola’ayil NASA, máax tu tsikbaltaj xane’ u múuch’il meyaj séeguridade’ táan u meyajtik jejeláas ba’al yóok’lal. “Meyaj ku beeta’al tu’ux ku kaxta’al u ye’esa’al jach bix yanik ba’ale’ ku ts’áak u páajtalil u ja’atsal ba’ax jaaj, ti’ ba’ax chéen tsikbalo’ob”, tu ya’alaj Evans.
Xaak’ale’ leti’e’ yáax xáak’ab najmal u beeta’al ti’al u béeytal u tso’olol le jejeláas ba’al ku yila’al ka’ane’, ba’ale’ ma’ ojéela’an ba’axo’obi’, yéetel jatsa’an tumen NASA beey ba’axo’ob ku xik’nalo’ob ma’ k’ajóoltano’obi’.  
U múuch’il meyaje’ táan u xak’altik jejeláas ju’uno’ob jóok’sa’an yéetel je’eba’an ti’al tuláakal máak, ti’al u yojéeltiko’ob ba’ax uláak’ k’a’abéet ti’al u na’ata’al ba’ax táan u yúuchul te’e ka’ano’, beey tu ya’alaj máax jo’olbesik u múuch’il meyaj, j-áastrofisikóo David Spergel.Ma’ táaka’an míilitar ba’alo’ob xmukulta’an, mix xan le yaan ba’al u yil yéetel le chiinoil gloobos jmáano’ob ch’úuk bin yóok’ol Estados Unidos walkil jayp’éel winalo’ob paachil.
Múuch’tambal beeta’ab yéetel máansa’ab ti’ teelee’, j-úuch tu kúuchil NASA, tu kaajil Washington, yéetel kaaje’ béeychaj u táakpajal ti’ Internet.  Beey túuno’, táan u páa’ta’al ka ts’a’abak u ts’ook tsoots’íibil meyaj ti’ u ts’o’okbal u winalil julio.  
"
Buuts’ ti’ k’áak’ t’aabal Canadáe’ jk’uch Nueva York yéetel uláak’ u kaajilo’ob EU,08/06/2023,"Sajbe’entsil k’a’ayta’an yóok’lal iik’ k’asa’an tu xaman-lak’inil estadunidenseil kaajo’obe’ ts’o’ok u k’uchul tak tu noj kaajil le lu’umo’. Buuts’e’ ts’o’ok u beetik u k’a’aytal tu táan kajnáalo’ob ma’ u jach jóok’olo’ob táankab. Te’e oochela’, u wooj wíinilal La Libertad yaan tu kaajil Nueva York.
"
" U najil k’uj Tihosucoe’, u kúuchil QRoo jujump’íitil u bin u ya’abtal máax xíimbaltik",09/06/2023,"Walkila’, ts’o’oka’antak tuláakal utskíinaj meyajo’ob táan u beeta’al ka’ach tu najil k’uj Tihosuco, ti’ méek’tankaajil Felipe Carrillo Puerto, tumen k’aschaj úuchik u seen k’áaxal cháak, ba’ale’ tumen beey ts’o’ok u ka’a meyajta’alo’, táan xan u ka’a yantal máak xíimbaltik, ts’o’okole’ yaan tak ts’o’okol beel ku k’iimbesa’ali’.“Tu jo’oloj níikik u táanil le kúuchilo’, tsikbalta’ab yéetel beeta’ab u máanil tumen u jo’olpóopilo’ob kaaj, tak ka tu takubáaj INAHi’. Le beetike’, béeychaj u yutskíinsa’al u táanil le najil k’ujo’, ts’o’okole’ nats’a’ab xan u meyjnáalilo’ob Sedetur, ti’al u béeytal u ts’o’oksa’al meyajo’ob”, tu tsolaj Felipe Neri Dzidz Poot, máax chíikbesik Ruta de la Guerra de Castas, tu baantail Maya Ka’an, Quintana Roo.Le je’ela’ tu ts’áaj u páajtalil u yutskíinsa’al le kúuchil jníiko’, ba’ale’ beyxan ka béeyak u bona’al tuláakal. Ba’ale’, kaaje’ ma’ u k’áat ka jelbesa’ak mix ba’al ti’, tumen ku chíikbesik u k’ajla’ayili’, le beetike’ chéen ku k’áata’al ka kaláanta’ak ti’al ma’ u k’astal. 
Dzidz Poot tu ya’alaje’, ka’aj jeel kajlaj máak Tihosuco, tu lajunja’abil 1930e’, leti’e’ ka’aj na’ata’ab k’a’anan u yutskíinsa’al le najil k’ujo’, le beetik ka’atúul jk’iino’obe’ káaj u beetiko’ob jejeláas ba’al ti’al u béeytal le meyajo’; kéen beeta’ak ka’ach okja’ wa ts’o’okol beele’, leti’obe’ ma’ tu k’áatiko’ob taak’ini’, ku k’áatiko’ob mu’uk’a’an che’ob ti’al u béeytal u ts’a’abal u yóok’olil.“Ka’ache’ chéen ku meyaj u táanilo’, le tu’ux yaan ka’ach le jpáatrono’... óoli’ ta’aytak u yokol pak’be’en k’oja’an ka’aj níik yóok’lal le cháako’, ts’o’oke’ óoli’ ka’ap’éel ja’ab xáanchaj u núuka’al to’on ba’ax tak k’áataj”, tu ya’alaj.
Ka’aj yáax utskíinsa’ab majil k’uje’, k’a’abéetkunsa’ab tumen máaxo’ob oksaj óoltik katoolikóo tuukul, tumen ti’ ku beeta’al ts’o’okol beelo’obi’, okja’ob, tak miisas ti’al 15 años, ts’o’okole’ ma’ chéen ti’al kajnáalo’obi’, tumen ti’al xan uláak’ máako’ob ku taal ti’ yaanal kaajo’obi’, beyxan uláak’ noj lu’umo’ob. Yóok’lal u k’a’ananil ba’ax ku ye’esik ti’ u k’ajla’ayil kaaje’, najil k’uje’ mantats’ u xíimbalta’al tumen táanxel kajil máako’ob, ba’ale’ beyxan ku xíimbalta’al uláak’ kúuchilo’ob je’el bix Museo de la Guerra de Castas.
"
K’i’ix paach ooch sajbe’entsil yanik u kuxtal,09/06/2023,"Le chan ba’alche’a’, jets’a’an u sientiifikoil k’aaba’ beey Sphiggurus mexicanus, ts’o’okole’ ich káastelan t’aane’ k’ajóolta’an beey puercoespín tropical, “jats’uts” u yila’al ba’ale’ sajbe’entsil yanik u ch’éejel. 
Xbiologáa Rocío Peralta Galicia tu tsolaj xk’i’ix paach ooche’ jatsa’an ichil apéndice III, le je’ela’ ku ya’alike’, k’áata’an ka ts’a’abak u p’iisil u ko’onol ichil tuláakal yóok’ol kaab, yéetel unaj u múul meyaj noj lu’umo’ob tu’ux ku yantal. 
Yaan ku yila’al chéen Centroaméricai’, yéetel tu noj lu’umil Méxicoe’ chéen ku yanatal Nayarit, Tabasco, Veracruz, Chiapas, Yucatán, Kaanpech yéetel Quintana Roo. U ya’abil tu’ux ku kuxtalo’obe’ táan u bin u k’askúunta’al. 
Uts tu yich u yantal tu’ux ma’ jach ka’anal k’áaxi’, ba’ale’ ku u yo’och báalamo’ob yéetel uláak’ nukuch miiso’ob. “Suuka’an u máan de áak’ab, tu juunalo’ob, ts’o’okole’ jach táant u máan u k’iinil u yantal u mejenil (ichil abril yéetel mayo). Chéen juntéen ku yantal u mejenil. 
Leti’obe’ ma’ tu tich’ko’ob k’i’ixelo’ob, tumen yaj u yu’ubiko’ob kéen u beeto’ob, wa kéen t’i’ilik ti’ uláak’ ba’alche’ob, ba’ale’ wa ku yu’ubiko’ob saajkile’ ku beetiko’ob. Tu ya’alaje’, tu lu’umil Quintana Rooe’ láayli’ chan nonoj k’áax p’aatal ti’al u yantal, ba’ale’ unaj u kaláanta’al ti’al ma’ u jach p’íittal. 
Tak walkila’, mina’an mix jump’éel nu’ukbesaj ti’al u kaláanta’al, ba’ale’ NOM-059- SEMARNAT-2010 u jatsmaj beey ba’alche’ sajbe’entsil yanik u ch’éejel.
"
Lu’um tu’ux ku beeta’al koole’ ts’o’ok u p’íitchajal 27.72 por siientoil tu lu’umil Yucatán: Inegi,12/06/2023,"Te’e k’iino’ob máanika’ jts’a’ab k’ajóoltbil ba’ax chíikpaj ichil u xookil Censo Agropecuario 2022 meyajta’ab tumen Instituto Nacional de Estadística y Geografía (Inegi), tu’ux chíikpaje’ le beyka’aj k’áax ku meyajta’al ti’al u beeta’al koole’, ts’o’ok u yéemel 27.72 por siientoil tu lu’umil Yucatán.Ka’ach tu ja’abil 2007e’, k’áax ku meyajta’al ti’al u ko’olole’ k’ucha’an tak 628 mil 647 ektaareasil,  ka’alikil ti’al u ja’abil 2022e’, j-éem tak 454 mil 400; ti’ le je’elo’obo’ jatsa’an ichil 62 mil 95 u kúuchilo’ob meyaj.Ti’ le kúuchilo’ob je’elo’, ma’ tuláakal táan u jach meyajta’ali’. Lela’ u k’áat u ya’ale’ chéen 377 mil 218 eektareasil k’áax táan u meyajta’al —jatsa’an ichil 58 mil 66 u p’éel u kúuchilo’ob meyaj—; 77 mil 183 ektaarease’ ma’ táan u meyajta’ali’ —ti’ 4 mil 29 u p’éel kúuchilo’ob meyaj—.Ichil tuláakal k’áax táan u meyajta’al tu noj lu’umil Yucatáne’, u ya’abile’ pak’a’an —312 mil 620 eektaareas—, ba’ale’ ma’ tuláakali’, tumen yaan 64 mil 598 ektaareas ma’ pak’a’ani’.Kéen p’áatak ma’ tu pa’ak’al k’áaxe’ jejeláas ba’axten ku yúuchul, je’el bix tumen mina’an u taak’inil, u k’oja’antal máax meyajtik, tumen mina’an áantaj wa tumen mina’an máax paak’ali’, ichil uláak’ ba’alo’ob. Le je’ela’ ku yúuchul ti’ 34 mil 593 u p’éel ektaareas; yaan uláak’ kex 30 mil 4 ma’ táan u pa’ak’alo’obi’, ba’ale’ tumen jóok’sa’an u k’iinil ti’al u je’elel k’áax.Ka’ache’, tu ja’abil 2007, u promeedyoil k’áax ku meyajta’al ti’ kúuchilo’obe’ k’ucha’an tak 9.1 eektareasil, ka’alikil tu ja’abil 2022e’ chéen 6.5 eektareas náakij.
U táakpajal ko’olel, tu bin u ch’éejel xan
Tu ts’ook xookil Censo Agropecuario, beeta’ab tu ja’abil 2007, jts’a’ab k’ajóoltbil ko’olel meyajtik  jejeláas ba’alo’ob ti’k’áax wa tséentaj ba’alchee’ k’ucha’an tak 11.1 por siientoil te’e ja’abo’, ba’ale’ tu jo’oloj 15 jaa’abo’obe’, le beyka’ajo’ j-éem 1.5 por siientoil, ti’al u náakal tu ja’abil 2022e’ chéen 9.6 por siiento ti’ le meyajo’, ko’olel beetik.
Ichil ba’ax chíikpaj te’e xoko’, ti’ tuláakal meyaj ku beeta’al Yucatáne’, 167 mil 49 máako’ob ku meyajo’obe’, u 90.4 por siientoile’ xiibo’ob, ka’akil ko’olele’ chéen 9.6 por siientoil. Ka’ach, tu ja’abil 2017e’, xiib ku meyaje’ k’ucha’an tak 88.9 por siiento.
"
INAHe’ yaan u k’áatik ti’ Museo de Peabody ka u sut nu’ukulo’ob jóoksa’ab ti’ u ts’ono’otil Chichén Itzá,12/06/2023,"Máaxo’ob jo’olbesik u mola’ayil Instituto Nacional de Antropología e Historia (INAH) táan u meyajo’ob ti’al u túuxtiko’ob ju’ub tu’ux kun kutsil k’áatbil ti’ u kúuchil e’easjil Museo Peabody de Arqueología y Etnología, ti’ u noj najil xook Universidad de Harvard, ti’al ka su’utuk tu noj lu’umil México 20 u p’éel úuchben nu’ukulo’ob jóok’sa’ab, kex ma’ unaj ka’achi’, ichil u noj ts’ono’otil Chichén Itzá, ts’o’okole’ walkila’ ti’ leti’ob p’aatal.Marco Antonio Santos Ramírez, máax jo’olbesik Zona de Monumentos ti’ u yúuchben kaajil Chichén Itzá, tu tsolaj nu’ukulo’obe’ jóok’sa’abo’ob tumen estadunidenseil Edward H. Thompson, máax tu manaj u k’áaxil tu’ux yaan le ts’ono’oto’ tu ja’abil 1895. 
“Ichil 1900 yéetel 1906e’ Edward H. Thompson, tu k’a’abéetkunsaj tak jump’éel draagáa ti’al u jóok’sik nu’ukulo’ob yaan te’e ichilo’, ts’o’okole’ ya’abach ba’ax tu k’askúuntaji’. Ts’o’okole’, te’e k’inako’obe’ xíimbalta’ab tumen uláak’ ajxak’al xooko’ob, máaxo’ob tu ch’a’ajo’ob jayp’éel ba’alo’ob xani’. Ya’abach ti’ le úuchben nu’ukulo’obo’ béeychaj u su’utul ka’aj jkíim Thompson, ba’ale’ uláak’o’obe’ ti’ p’aatalo’ob tu kúuchil Museo de Peabody”, tu tsolaj Santos Ramírez ti’ tsikbal tu beetaj yéetel La Jornada Maya.Ojéelaane’, le junk’aal nu’ukulo’obo’ pula’ab tumen úuchben maayaob te’e ts’ono’oto’, ba’ale’ ti’ jejeláas miatsil u taalo’ob.
"
Paalal kaxta’ab kuxa’ane’ uts yaniko’ob chéen najmal u jets’óoltalo’ob: jo’olpóopo’ob,12/06/2023,"Máasewal paalalo’obe’ kuxlajo’ob tu jo’oloj úuchuk loob ti’ péepen k’áak’ tu’ux ku bino’ob ka’ach ichil Amazonía tu lu’umil Colombia, tu’ux jkíim óoxtúul nukuch máak, ba’ale’ leti’obe’ chéen beey p’áatiko’ob ma’Ili’ kaxta’akob. U k’a’aytal u kaxta’alobe’ k’iimbesa’ab tak tumen jala’ach Gustavo Petro, máax tu ya’alaje’ “bíin p’áatak tu k’ayjla’ayil kaaj ba’ax úuchij”.
También te puede interesar: Niños que pasaron 40 días perdidos en la selva de Colombia se recuperan
"
"U xchiwolil Pedregal, ba’alche’ síij yéetel ku yantal Ciudad de México; ma’ sajbe’entsil ti’al wíiniki’",13/06/2023,"A wóojel wáaj. Tu noj kaajil Ciudad de México yaan jump’éel u jejeláasil xchiwol suuka’an u yantal tu baantail tu’ux yaan Pedregal. U k’aaba’e’ Aphonopelma anitahoffmannae, yéetel ti’ ku yantal u ya’abil, tu noojolil le noj kaajo’. Maas jach k’ajóolta’an beey u xchiwolil Pedregal. Ka’aj yáax yanchaje’, de por si te’e noj kaaj síijo’, ts’o’okole’, kex yéetel beyka’aj jela’an u yila’ale’, ma’ tu beetik mix jump’íit k’aas ti’ máaki’. Le xchiwola’, nojoch tu beel yéetel u boonile’ boox yéetel chak, ts’o’okole’ u yooke’ piimtak yéetel yaan u tso’otso’ob. Amo’ob je’el bix le je’ela’, suuka’an u kajtal tu yáam tuunicho’ob wa tikin le’ob, ts’o’okole’ chéen ku jóok’olo’ob ti’al u kaxtik ba’al u jaanto’ob wa ka’alikil k’ucha’an u k’iinil u kaxtik u núup.
U Xchiwolil Pedregale’ k’a’anan tumen ku yáantaj u ts’áaj u p’iis u yantal uláak’ u jejeláasil ik’elo’ob, tumen ichil ba’ax jach suuk u jaantike’, ti’ yaan xna’ats’ulo’ob, yéetel míin ku béeytal tak u janatik uláak’ mejen ba’alche’ob je’el bix ch’o’ob.Ichil jayp’éel ba’alo’ob a’alan tumen @Arachno_Cosas, jtwiteróo jach kambanaja’an yóok’lal amo’obe’ tu ya’alaje’ le chan ba’alche’a’ ma’ sajbe’entsil ti’al wíiniki’, tumen kex ka chi’ibik tumene’, ma’ táan u beeta’al loob ti’.
Suuka’an u yila’al le ama’, tu kúuchil Reserva Ecológica del Pedregal, tu baantail San Ángel, tu bak’pachil Ciudad Universitaria.
"
Méxicoe’ u ka’ap’éel noj lu’umil tu’ux asab ya’ab u meyaj mejen paalal ich América Latina,13/06/2023,"U pak’be’en k’oja’anil Covid-19, talamilo’ob yóok’lal taak’in yéetel ba’atelo’ob yaan yóok’ol kaabe’ ts’o’ok u beetik u yóotsiltal uláak’ ya’abach máak yéetel ka yanak uláak’ mejen paalal ku meyaj. Fondo de las Naciones Unidas para la Infancia (Unicef), ku tukultik walkila’ yaan kex 160 miyoonesil mejen paalal táan u meyaj; lela’ óoli’ ku ye’esike’ juntúul ti’ lajuntúul paalal yaan yóok’ol kaab.Máax jo’olbesik Línea de Investigación Institucional “Promoción y Protección de Derechos de la Infancia”, ichil u mola’ayil Instituto de Investigaciones Jurídicas (IIJ) tu noj najil xook UNAM, Elisa Ortega Velázquez tu ya’alaje’ “óoli’ u chúumukil ti’ le mejen paalalo’obo’, kex 79 miyoonese’, sajbe’entsil meyaj ku beetik, tumen je’el u yúuchul loob ti’ob tu wíinkilalo’ob wa tu tuukulo’ob, ts’o’okole’ ma’ tu cha’abal u bino’ob xook je’el bix k’a’anane’, wa ku yantal tak u séeb p’atiko’ob, kex ma’ ts’o’okoki’, yéetel yaan k’iine’ jach ka’anantsil ba’ax ku beetiko’ob”.
Tu ya’alaje’ u ya’abtal jaytúul mejen paalal ku meyaj yóok’ol kaab ti’ le ts’ook ja’abo’oba’ láayli’ yaan ba’al u yil yéetel pak’be’en k’oja’an Covid-19, tumen talamchaj u béeytal u xook le paalalo’obo’, ikil u k’a’abéetchajal u yantal sáasil te’e najo’obo’, beyxan Internet yéetel ti’ séelularo’ob. “Ka’aj jxu’ul pak’be’en k’oja’ane’, ya’abach paalale’ ma’ béeychaj u ch’a’ajoltik le xooko’”. Le beyka’aj mejen paalal ku meyaje’, tu ya’alaj, jela’an ti’ lalaj xóot’lu’umil: Áfricae’ ti’ yaan yáax kúuchil, tumen ku tukulta’ale’ u jo’o jaatsil paalal  ku meyaj -72 miyoones-; Asia yéetel Pacíficoe’ ti’ yaan tu ka’a kúuchil, tumen yaan kex 62 miyoonesil mejen paalal; ka’alikil amérikail lu’umo’obe’ ku ya’alal yaan kex 11 miyoonesil. Ti’al u lu’umil Europa yéetel Asia Central, Unicefe’ ku ya’alik yaan wakp’éel miyoonesil mejen paalal ku meyajl; ti’ árabeil lu’umo’obe’ yaan jump’éel miyoon.
Ich América Latina, u noj lu’umil Méxicoe’, leti’e’ ka’ap’éel noj lu’um tu’ux yaan u ya’abil mejen paalal ku meyaj; Brasil yaan táanil ti’. Ku tukulta’ale’ ti’ mexikoil ju’ume’ yaan 3.3 miyoonesil mejen paalal táan u meyaj, u ya’abile’ ti’ k’aáx wa ti’ tséen ba’alche’, j-a’alab tumen Encuesta Nacional de Trabajo Infantil, ti’ u mola’ayil INEGI, j-a’alab tumen Ortega Velázquez.Beyxan tu tsikbaltaje’, meyaj ku beetik mejen paalale’ óoli’ tuláakal tu’ux chíikpaja’an ti’ náajal taak’in yaan ku yantal ichil máaxo’ob ma’ u chuk 12 u ja’abo’ob.
"
Xyucatánil yéetel QRooil kuch aalo’obe’ chíikpajo’ob tu keetil Nacionales Conade 2023,13/06/2023,"Xkeetilo’ob ti’ le ka’ap’éel péetlu’umo’obe’ béeychaj u náajaltiko’ob medaayáas ti’ keetil beeta’ab Tepic, Nayarit; xquintanaroilo’obe’ tu béeykunso’ob 32 u p’éelal ti’ u ts’ook k’iinil báaxal, ka’alkil xyukatekailo’obe’ tu jóok’so’ob uláak’ 15 láayli’ ti’ áalterofilya.
"
"Mixteco wíinike’ chíimpolta’ab beey Honoris Causa tu kúuchil Universidad de Harvard, tu lu’umil EU",14/06/2023,"U pakta’al u kuxtal Hugo Moralese’ u paakatil muuk’ yéetel meyaj yóok’lal mixteco kaaj. Leti’e’ juntúul wíinik yanchaj u p’atik u kaajal ti’al u bin tak Estados Unidos, ts’o’okole’ jach meyajnaj ti’al ka yanak u kúuchil káastelan t’aan ti’ raadyos ku yu’ubal tumen kaaj; le je’elo’ jump’éel ba’al ts’o’ok u chíimpolta’al walkila’, yéetel u jach nojoch chíimpolalil ku ts’a’abal tumen u noj najil xook Universidad de Harvard.
Morales tu k’amaj Doctorado Honoris Causa, yóok’lal meyaj u beetmaj tu táan kaaj yéetel Radio Bilingüe, jump’éel múuch’kabil káaj u meyaj  Fresno, California, yéetel ts’o’ok u yantal tak 25 u p’éel frekweensias tu lu’umil California, uláak’ kamp’éel u noj lu’umilo’ob Unión Americana, ts’o’okole’ ku máansa’al ti’ maanal 70 u p’éel u éestasyonilo’ob Estados Unidos yéetel México, ts’o’okole’ le je’ela’ jump’éel ti’ u asab nojochil múul meyaj ku yantal yóok’lal u meyajil raadyio puublikáa.
Ba’ale’ ma’ili’ chíimpolta’ak noj meyaj u beetmaj yéetel latinoamerikanoil kaaj kaja’an Estados Unidose’, Hugo Morales yanchaj u yilik u talamil kuxtal. Yáaxe’, yanhaj u luk’ul tu kaajal ka tu chukaj 9 u ja’abil, ti’al u k’uchul ti’ jump’éel lu’um tu’ux ma’ u yojel mix tak u t’aanili’.
Ka’ach tu paalile’, Hugoe’ ku meyaj ich k’áax tu’ux ku pak’a’al abal ka’alikil u bin xook xan. Beyxan, jach paal ka’aj tsa’ay ti’ tuberculosis, le beetike’ yanchaj u jumpáaykunsa’al ti’al ma’ u pak’ik ti’ uláak’ máak, le beetike’ béeychaj u jach jupkubáaj xook.
U ch’ii’ibale’ ti’ yaan ich mixteco kaajil, ba’ale’ meyaj chíimpolta’ab ti’e’, yóok’lal káastelan t’aan.
Yéetel u múuch’kabil Radio Bilingüe tu’ux tu mu’uk’ankúunsaj meyaj ti’al hispanoilo’ob te’e noj lu’umo’, beyxan ti’al u yantal u chíikulal káaastelan t’aan ich Unión Americana, le beetik chíimpota’ab te’e tu’ux xan kaambanajo’.
“Leti’e’ táan u kaxtik ka yanak u jejeláasil yéetel u noj ba’alil u ch’i’ibal tu’ux ma’ suuk u yantali’. Ti’al u yu’ubal péektsilo’ob, paax yéetel tsikbalo’ob ich káastelan t’aan, ti’al ma’ u k’ajóol le noj miatsila’”, j-a’alab tumen Radio Bilingüe.
Yóok’lal noj chíimpolal jts’a’ab ti’ Hugo Moralese’ ku p’áatal leti’e’ yáax máasewal máak tu lu’umil México máax k’amik, tu lu’umil Estados Unidose’, Doctorado Honoris Causa ti’ u noj najil xook Universidad de Harvard. 
"
"Táan u beeta’al u ye’esajil xíiwo’ob ku yantal chéen beey ti’ bejo’ob tu lu’umil Yucatán yéetel Puebla, tu kúuchil CICY",14/06/2023,"Tu yáax k’iinil junioe’ káaj u ye’esa’al tu kúuchil paak’áal Roger Orellana, ti’ u kúuchil Centro de Investigación Científica (CICY), u ye’esajil Recorridos ruderales: Gráfica vegetal expandida, meyajta’an tumen x-its’at Ari Mala. Le je’ela’ yaan u béeytal u cha’antal tak le 20 ti’ julio ku taala’. 
E’esajile’ ku chíikbesik bejil u xíimbaltmaj le xch’úupal beetej, úuchik u máan tu kaajil Jo’, ba’ale’ beyxan tu kaajil Nuevo León, múuch’kajtalil ti’ u méek’tan kaajil San Pedro Cholula, tu péetlu’umil Puebla.
“E’esajile’ ku k’a’ajsik bix u xíiwilo’ob Puebla yéetel Yucatán, ts’o’okole’ ku ye’esik waxakp’éel u jejeláasil le beyo’oba’; ku kaxtik u ketik bixo’ob yéetel u na’atik ba’ax óoli’ juntakáalili’ yaan ichilo’ob, beyxan bix u bin u k’i’itbesikubáajo’ob”, tu tsikbaltaj Ari Mala.
Xíiwo’obe’ mejentak, tu ya’alaj, ba’ale’ le je’elo’oba’ leti’e’ ku jóok’olo’ob tu yáamil semeento: “ku tejko’ob yéetel mantats’ múul yaniko’ob, mix juntéen ken k-il chéen tu juunalo’ob. Ich k’áastelane’ ku ya’alale’ chéen loob xíiw ba’ale’ u k’aaba’obe’ ruderales”. 
"
Donald Trumpe’ tu k’a’aytaj “mina’an u si’ipil” yóok’ol le 37 ba’al taka’an u pool ,14/06/2023,"Leti’e’ yáax máax u beetmaj u jala’achil, ichil u k’ajla’ayil Estados Unidos, táan u p’iis óolta’al. Le martes máanika’ tu ya’alaj, tu táan u tribunalil Miamie’, mina’an u si’ipil yóok’lal le ba’ax táan u ta’akal u poolo’, úuchik u kaxta’al bin ju’uno’ob xmukulta’an tu taanaj yaan Florida, tu jo’oloj u p’at Casa Blanca, ts’o’okole’ tu k’áataj ka yanak u beeta’al juisyóo ba’ale’ tu táan juradóo.
"
Zoey: peek’ chíimpolta’an yéetel Récord Guinness yóok’lal u yaak’,15/06/2023,"Ka’aj máata’abe’, chéen wakp’éel u seemanasil yaan ti’ ka’achij, ba’ale’ u yaak’ Zoeye’ tu péeksaj u yóol u yuumil, máaxo’bo tu tukultajo’obe’, je’el bix u bin u nojochtale’ beey xan ku bin u chéen yéemel le beyka’aj nojochil u yila’alo’, ba’ale’ ma’ beey úuchij. Le beetik walkila’, chíimpolta’an yéetel Récord Guinness, tumen leti’e’ peek’ yaan u asab nojochil aak’ ichil tuláakal yóok’ol kaab.Peek’e’ xa’ak’an u ch’i’ibal ichil labrador yéetel pastor alemán. U yaak’e’ ku p’isik 12.7 sentiimetróos u chowakil, ts’o’okole’ le je’elo’ maas chowak ti’ le ts’o’okili’ u yáax je’ets’el ka’acho’, tumen lelo’ chéen 9.49 sentiimetróos.
U yuumo’obe’, Sadie yéetel Drew Williams, ku ya’aliko’obe’ le xch’upul peek’a’ ya’ab u lúubul u k’aab u chi’, ts’o’okole’ kéen náats’ak wa máax yiknale’, yáax ba’ax ku ya’alal ti’e’, kéen ts’o’okok u ma’achale’ yaan u yu’ubik ch’uul u nook’.
"
Chíimpolta’ab u meyajil kool tu petenil Yucatán tumen FAO beey Patrimonio Agrícola Mundial,15/06/2023,"Maaya kool ti’ u petenil Yucatán, Ich Kool, chíimpolta’ab beey Sistema Importante del Patrimonio Agrícola Mundial (Sipam) tumen u mola’ayil Organización de las Naciones Unidas para la Alimentación y la Agricultura (FAO). Le je’ela’ u ka’ap’éel chíimpolalil ku ts’a’abal ti’ le bix u meyajta’al lu’um tu lu’umil México, tumen le yáaxo’ jts’a’ab ti’ Sistema de Chinampas de la Ciudad de México en 2017.Tu súutukil úuchik u k’uba’al u túumben chíimpolalilo’ob Sipam ti’ yóok’ol kaabe’, táakpaj Miguel García Winder, máax jo’olbesik Misión Permanente tu táan Agencias de las Naciones Unidas, tu noj lu’umil Roma, beey úuchik u ts’a’abal k’ajóoltbil tumen u mola’ayil Secretaría de Agricultura y Desarrollo Rural (Sader).
García Windere’ tu ya’alaje’ u meyajil Ich Koole’, jump’éel bix u meyajta’al yéetel bix u na’ata’al lu’um yéetel k’áax, ts’o’okole’ ti’ ku beeta’al tu petlu’umilo’ob Yucatán, Kaanpech yéetel Quintana Roo, tumen lelo’ jujump’íitil ts’o’ok xan u bin u k’éexel; yaan ba’al u yil k’áax, k’iin, ba’ax yaan yóok’ol kaab yéetel ba’ax ku k’a’abéetchajal ti’ kolnáalo’ob, u baatsilo’ob yéetel u kaajalo’ob.Tu tsolaje’ ma’atech u yúuchul paak’áal chéen ti’al u janal máak, tumen lelo’ u chíikulal kaaj, u k’ajla’ayil yéetel u tuukul; kéen meyajta’ake’ ku beetik uts ti’ kaaj ba’ale’ beyxan ku ts’aatáanta’al u jejeláasil che’ob yéetel ku béeytal u líik’il u jejeláasil kuxtal.FAOe’ ku ts’áak u chíimpolalil Sipam ti’ bix jeets’el u meyajta’al lu’um yóok’ol kaab, ba’ale’ tu’ux ka jach sáasil yanak bix u beeta’al, ti’al ma’ u xu’ulul janabe’enba’al ti’al u tséentikubáaj máak, mix xan u yo’och kaajo’ob; ts’o’okole’ tu’ux xan ka chíikpajak bix u k’a’abéetkunsa’al u jejeláasil kuxtal yaan te’e lu’um tu’ux ku meyajta’alo’, ichil uláak’ ba’alo’ob ku ch’a’anukta’al u ti’al. 
"
78 máak kíimij yéetel maanal 100 máak jóok’sa’ab ich ja’ tumen jbúul cheem,15/06/2023,"Úuch aktáan u petenil Peloponeso, tu noojolil Grecia. Cheeme’ jbúul te’e k’áak’náabo’, kex 87 kiloometróos náachil ti’ griegoil jáal ja’ob, beey jts’a’ab k’ajóoltbil le miércoles máanika’ tumen ajkanano’ob yaano’ob te’elo’.
"
Jeel bona’ab úuchben áanalte’ob yéetel u yáantajil íintelijeensyáa artifisyaal ,16/06/2023,"Boon tu beetaj yéetel le túumben nu’ukulo’obo’ tu ch’a’aj ti’ úuchben ts’íibo’ob, woojo’ob yéetel boono’ob yano’ob ka’ach ti’ ts’íibil tuunicho’ob, u nu’ukulilo’ob k’at, najo’ob yéetel kúuchilo’ob, ichil uláak’o’ob. Danny Oñatee’ juntúul díiseñadoor tu beetaj boono’ob k’ajóolta’an beey íiperrealiistáas tu’ux ku chíikpajal úuchben maaya áanalte’ob, ba’ale’ ti’al u béeytal u beetike’ ti’ k’a’abéetkunsaaj iintelijeensyáa artifisyaal. 
Tu kúuchil Facebook ku k’aaba’tik La Historia de Amaruk, k’i’itbesa’ab tumen Oñate le jejeláas oochelo’oba’, tu’ux ku ye’esik bix ku tukultik chíikpaj maaya wíinik te’e úuchben k’inako’ob ka’ach mu’uk’a’an yanik u kaajili’.Oñatee’ síij tu lu’umil Ecuador, ts’o’okole’ ti’al u beetike’ tu ch’a’aj oochelo’ob jts’a’ab ti’ úuchben nu’ukulo’ob je’el bix p’úulo’ob ti’al beyo’ “u ts’áak u yóolo’ob” yéetel u ye’esik óoli’ bix je’el u chíikpajalo’ob wa jach oochelo’ob.
Yéetel túun íintelijeensyáa artifisyaale, béeychaj u jeel bona’alo’ob, tumen le ba’al je’elo’ ku meyaj kéen a wa’al ti’ ba’ax kéen u beetej, tumen súuperfisyaal le ba’ax ku jóok’siko’, le beetike’ ku jelbesik wa ku luk’sik jayp’éel ba’alo’ob yaan ti’ le nu’ukulobo’.Yóok’lal túun le je’elo’, le máax beet le meyajo’ tu sáasilkunsaj ti’ oochelo’ob tu jóok’saje’ yaan jayp’éel ba’alob ma’ jach patalo’obi’.“Sáasilkuunaj: oochelo’ob ku ye’esa’ala’ chéen jayp’éel ba’alo’ob jóok’sab ti’ uláak’ úuch yanako’ob, ba’ale’ yaan ya’abach ba’alo’ob ma’ pataltako’obi’; kex beyo’ ku chan ts’áako’ob jump’íit sáasil ti’ bix le maayaob ka’achij”, tu ts’íibtaj. Ichil uláak’ ba’alobe’ Dannye’ ku k’i’itbesik uláak’ ba’ax ku meyajtik yéetel íintelijeensyáa artifisyaal yóok’lal andino kaaj wa bix u tukultik u yich uláak’ máak kuxlaj ti’ yaanal miatsilo’ob.Danny Oñatee’ ku meyajtik jejeláas ba’alo’ob yaan ba’al u yil yéetel u yutskíinsa’al u ba’alumbáaj wa u nu’ukulo’ob kaaj yéetel miatsilo’ob, tu’ux xan ts’o’ok u jach kanik bix u beeta’al yéetel bix u meyajta’al jejeláas ba’alob ti’al u cha’antal, wa u yu’ubal.
"
Boox paatóo,16/06/2023,"Le ba’alche’a’ jatsa’an ichil le sajbe’entsil yanik u ch’éejelo’ob, kex ma’ jach táaj talam yanik walkila’, ba’ale’ lela’ beey u tukulta’alo’ ya’ab u k’askúunta’al tu’ux ku kajtal yéetel tumen ku máan chukbil. Anatidae u k’aaba’ tu’ux u taal u ch’i’ibal, tu’ux xan mootschaja’an uláak’o’ob je’el bix siisnée yéetel gaansóo, ichil uláak’o’ob. “Boox paatoe’ nojoch u wíinkilal tumen kóoch, yéetel u yooke’ kóom. U xiibile’ maas jach nuuktak ti’ u xch’uupil, tumen ku chukik ichil 65 tak 80 sentiimetróos”, tu ya’alaj Jacqueline May Díaz, máax beetik u k’a’aytajilo’ob u múuch’kabil Desarrollo y Medio Ambiente, A.C. 
Tu tsolaj u xaawe’ tiich’il táanil; mu’uk’an u yíich’ak yéetel yan u yej. U xiik’e’ nojochtak yéetel chowak u nej. Mina’an u jela’an u boonil u k’u’uk’mel ichil u xiibil yéetel u xch’uupulil, tumen booxtak yéetel yaan súutuke’ ku léembal u ya’axil, beyxan yaan tak u sakil. U xaawe’ óol booxtaj yéetel u koje’ boox yéetel sak. U aalil u xiibile’ ku náakal ichil 2 tak 4 kiloos yéetel u xch’uupulile’ ichil 1 tak 1.5 kiloos. Ku jaantik moots’o’ob, i’inajo’ob yéetel u sóol che’, ichil uláak’ ba’alo’ob. Boox paatoe’ ku yila’al México ku yila’al tu noojolil Sinaloa tak Chiapas, beyxan Nuevo León tak Tamaulipas yéetel U Petenil Yucatán. Ba’ale’ beyxan tak tu chúumukil Argentina. 
"
"Súupernobáa jeel chíikpaje’, tu ts’áak u páajtalil u p’i’isil bix u bin u nojochtal ka’an",19/06/2023,"Yóok’lal ba’ax ojéelta’ab ti’ jump’éel súupernobáa nojochkíinsa’ab yéetel úuchik u jóok’sa’al u jejeláasil oochelo’obe’, ajsutu’ut eek’o’ob, wa astroonomose’, tu k’a’abéetkunsajo’ob jump’éel teeknikáa ti’al u p’isik beyka’aj u taasail u bin u nojochtal ka’an wa úunibeersóo.Meyaj beeta’abe’ tu ts’áaj ojéeltbil jayp’éel ba’alo’ob yóok’lal jump’éel úuchben tsikbal yaan yóok’lal beyka’aj u ja’abil le nuxi’ ka’analo’, j-a’alab tumen máxo’ob beet meyaj jo’olbesa’ab tumen Universidad de Minnesota. Ka’ap’éel noj ts’íibo’ob beeta’ab yóok’lal, yéetel jts’a’ab k’ajóoltbil tu pikil ju’unil Science yéetel The Astrophysical Journal.
Ichil áastronomyae’ yaan ka’ap’éel p’iiso’ob jach jeets’elo’ob tu beel yóok’lal bix úuchik u xíitil le ka’ano’, k’aaba’inta’an xan “constante de Hubble”. Jump’éel ti’ le p’iisilo’oba’ ku yantel kéen jach ila’ak ba’ax ku yúuchul tu naats’il le súupernobaso’, yéetel u ka’ap’éelile’ ku k’a’abétkunsik ba’ax yaan ti’ ba’ax k’aab’ainta’an beey “fondo cósmico de microondas”, wa ráadiasyoon káaj u jáalk’ab áalkab ichil úunibersóo tu jo’oloj yanak Big Bang.Ba’ale’, le ka’ap’éel p’iiso’oba’ ma’ jach kéet yaniko’obi’, yaan u jela’anil óoli’ yóok’ol u 10 por siientoil, le beetike’ yaan ya’abach tsikbalo’ob tu bak’pachil, ichil fiisikóos yéetel ajsutu’ut eek’o’ob. Wa ka’ap’éel p’iiso’ob jach jeets’elo’obe’, u k’áat u ya’ale’, u noj tuukul sientiifikóos  jeets’el walkila’ yóok’lal ba’ax yaan ichil le úunibeersoe’, ma’ chúuka’ani’.
"
Ya’abchaj u xookil máak ku tselik u kuxtal ichil u lu’umil América tu jo’oloj yanak Crece Covid-19: OPS,19/06/2023,"Laura Poy Solano
U noj lu’umil Américae’ táan u máansik jump’éel noj talamil ichil u tojbe’enil u tuukul wíinik, tu ya’alaj máax jo’olbesik Organización Panamericana de la Salud (OPS), Jarbas Barbosa. Úuchik u yantal u pak’be’en k’oja’anil Covid-19e’, u kaajilo’ob le noj lu’uma’ “káaj u yilko’ob nukuch talamo’ob yóok’lal”, tumen ya’abchaj le jejeláas k’oja’anilo’ob wa jela’an ba’alo’ob yaan ba’al u yil yéetel u tuukul wa u yóol máak, je’el bix chi’ichnakil (áansiedad) wa yajil lúubul óol (déepresyon), ba’ale’ beyxan nonojchaj máaxo’ob tselik u kuxtalo’ob.U xaak’alil Una nueva agenda para la salud mental en la región de las Américas ku ya’alike’ ichil u noj lu’umil Américae’ lalaj ja’abe’ ku yantal óoli’ 100 mil u túul máak ku luk’sik u kuxtal, ts’o’okole’ le je’elo’ jump’éel ba’al ma’ chéen loobiltik máax ku kíimili’, tumen táaka’an xan u láak’o’ob yéetel máaxo’ob bak’pachtik.A’alabe’ ichil le lajunp’éel noj lu’umo’ob tu’ux asab ka’anal yanik u taasasil u kíinsikubáaj máak ichil yóok’ol kaabe’, ka’ap’éele’ (Guyana yéetel Suriname) ti’ yano’ob tu baantail Américas.
“Ku péeksik u yóol máak le jaytúul máak xoka’an ku tselik u kuxtal, ts’o’okole’ jump’éel ba’al ma’ tu bin u yutstal, tumen ichil u ja’abil 2000 yéetel 2019e’, taasas ti’ le rejionoo’obo’ -yaan ba’al u yil yéetel u ja’abil wíinike’- ya’abachaj 17 por siientoil (7.3 tak 9 ichil lalaj 100 mil kajnáalo’ob), le beetike’ chéen u lu’umil Américase’, ichil le ukp’éel u soonasil OMS, tu’ux ila’ab ya’abchaj u taasil kaaj tu kíinsajubáaj te’e jaats k’iino’obo’”, jts’íibta’ab te’e xaak’alo’.
Máax jo’olbesik mola’aye’ tu ya’alaje’, u 80 por siientoil máaxo’ob máansik le talamo’oba’, mina’an u ts’aakil ti’ob, mix xan máaxo’ob yaan wa ba’ax sikoosis, le beetike’ ku tukultike’ “ma’ patal” le ba’ax ku yúuchula’, tumen u jo’olpóopilo’ob kaaje’ chéen ku jóok’siko’ob 3 por siientoil taak’in ts’a’aban ti’al meyaje’, ti’al ba’axo’ob yaan ba’al u yil yéetel u k’oja’anilo’ob wa talamilo’ob tu yóol wa u tuukul máak.Campbell Barre’ tu ya’alaje’ jach táaj k’a’anan u mu’uk’ankúunsa’al meyajo’ob ti’al u k’a’aytal sajbe’entsil u kinsikubáaj máak, ba’ale’ beyxan ti’al u k’éexel ba’alo’ob ku máan tu paach, je’el bix loobilaj, peech’ óolal yéetel u p’a’atal paachil máak yóok’lal u ch’i’ibal, tumen lelo’ ku jela’ankunsik wa ku loobiltik u tuukul wa u yóol máak.
Ichil xaak’ale’ ku ya’alal chi’ichnakil yéetel yajil lubul óole’ u yóoxp’éel yéetel u kamp’éelil ba’ax beetik ma’ u béeytal u meyaj máak América Latina, u ka’ap’éel lu’umil tu’ux asab ya’ab u yu’uk’ul alkool ichil tuláakal yóok’ol kaab, tu’ux láayli’ xan táan u bin u ya’abtal u kíinsikubáaj máak.
"
"Ikil táan yáax k’iine’, chíikpaj najil k’uj beeta’ab tu siiglos XVI tu’ux yaan ja’ ka’achjij",19/06/2023,"Dominicoil kúuchile’, ti’ yaan tu chan kaajil Quechula, ts’o’okole’ jpi’ix tumen ja’ óoli’ tu jach túulisil ka’aj beeta’ab tu’ux yaan ka’ach u beelil ja’ Grijalva. Le beetik ka’ache’ ti’al u xíimbalta’ale’ ku yantal u bin máak ti’ cheem ti’al u yila’al.
"
"Abeja Negra SOS, junmúuch’ ko’olelo’ob ku máan u kaláant u yik’el kaab CDMX",20/06/2023,"Yéetel u sak nook’il kabnáale’, junmúuch’ ko’olele’ táan u jach meyaj tu kaajil Ciudad de México ti’al u cha’abal u kuxtal u yik’elo’ob kaab. Abeja Negra SOS u k’aaba’ múuch’ káaj u meyaj tu ja’abil 2018, ka’aj káaj u péek Adriana Velíz, juntúul xbéeterinarya ku meyaj ti’al u jala’achil le noj kaaj walkila’, tumen tu yilaj ka’ach kéen t’aanak máak tu jo’olpóopilo’ob kaaj ti’al u ya’aliko’ob yaan u yik’elo’ob kaabe’ jach jumpuul u ya’alal u kíinsa’alo’ob.
Le beetike’, leti’ yéetel uláak’ u yéet meyajo’obe’ tu kaxto’ob ba’ax u beeto’ob yéetel le je’ela’. “To’one’ k-kaláantiko’bo tumen sajbe’entsil yanik u ch’éejelo’ob”, tu ya’alaj Velíz, máax ku meyaj tu múuch’kabil Abeja Negra SOS. “To’one’ kmeyaj ti’al ma’ u kíinsa’alo’ob jach jumpuul. K-ilik ka cha’abak u kuxtalo’ob”.
Ichil tuláakal yóok’ol kaabe’, ts’o’ok u p’íitkunsa’al le beyka’aj ik’elo’ob yaan ti’ le ts’ook ja’abo’oba’. Ku tukulta’ale’ chéen ti’ Estados Unidose’ ts’o’ok u ch’éejsa’al kex u 25 por siientoil ik’elo’ob kaab ti’ le ts’ook 40 ja’abo’ob. Ti’al u káajal le 2023a’, kabnáalo’ob ti’ u noojolil Méxicoe’ tu yaj óoltajo’ob “u seten kíinsa’al” u miyoonesil ik’elo’ob kaab tumen u seen k’a’abéetkunsa’al péestisidáas.
U p’íittalo’obe’ yaan ba’al u yil yéetel wíinik: u k’a’abéetkunsa’al kiimikóos k’aastak u ti’alo’ob, u k’askúunta’al tu’ux ku kajtalo’ob yéetel u seen chokolil yóok’ol kaab. Ajxak’al xooko’oeb’ ku ya’aliko’obe’ u bin u ch’éejelo’obe’ je’el u beetik u jelpajal ya’abach ba’alo’obe’. 
Tu ja’abil 2019, u mola’ayil Naciones Unidas tu k’a’aytaj u sajbe’entsil u bin u ch’éejel le mejen ba’alche’oba’ “je’el u beetik u jach p’áatal ich sajbe’entsil” janabe’enba’al ti’al wíinik. Adriana Correa Benítez, juntúul xka’ansaj ku máan u xak’alt u yik’elo’ob kaab Universidad Nacional Autónoma de México, tu ya’alaje’ wa ka p’íitchajako’obe’, je’el xan u p’íitchajal ba’axo’ob ku beeta’al ti’al ma’ u seen chokojtal yóok’ol kaab tu noj lu’umil México.
Ti’ le ts’ook jo’op’éel ja’abo’oba’, múuch’kabile’ ts’o’ok u xíimbaltik le noj kaajo’, ti’al u kaláantik ik’elo’ob kaab ku yantalo’ob ti’ che’ob, najo’ob wa poostes. Ts’o’ok u jeel k’exik kex 510 u p’éel xuuxo’ob, tu’ux yaan kex 80 mil u p’éel ik’elo’ob kaab, ts’o’okole’ le je’elo’ ku taal u ts’áaj kex 40 miyoonesil u túul le mejen ik’elo’oba’.
"
Yéetel u yáantajil UV sáasile’ béeychaj u chíikbesa’al jump’éel úuchben ts’íibk’abil baalal ka’ach ich Biblia ,20/06/2023,"Ya’abach ja’abo’ob paachile’, p’íitchaj ts’íibil k’abil ju’uno’ob, le beetik wíiniko’obe’ tu yóotaj u ts’áaj u kúuchil k’a’anan ts’íibo’ob ti’ ju’uno’ob tu’uix ts’o’okili’ u yáax ts’a’abal wa ba’axi’, le beetike’ ya’abach ts’íibo’obe’ beeta’abe’ jtsa’ato’ob. Ba’ale’, yéetel u yáantajil túumben nu’ukulo’obe’, jayp’éel ts’íibo’ob je’el u béeytal u ka’a chíikbesa’alobe’, je’el bix u ts’íibil Evangelio de Mateo, baalal ti’ jump’éel sutt’aan beeta’an ti’ Nuevo Testamento.Yéetel u yáantajil UV sáasile’, u ajxak’al xookilo’ob El Vaticanoe’ tu kaxto’ob jump’éel ts’íib yaan kex mil 750 ja’abo’ob u yúuchbenil.
Beey túuno’, sutt’aan kaxta’abe’, ich siríacica t’aan beeta’an yéetel yaan kex jump’éel siiglo u maas úuchbenil ti’ le griego ts’íibo’ob ts’aka’antak kaxta’an. 
"
ONUe’ tu éejentaj k’a’anan mokt’aan ti’al u kaláanta’al u taamil k’áak’náab,20/06/2023,"Lu’umo’ob táakano’ob ichil mola’aye’, tu éejento’ob múul meyaj tu’ux ku je’ets’el ba’ax seen meyajilo’ob yaan u beeta’al ti’al náachkunsa’al xuulo’ob jets’a’an ti’al u kaláanta’al ja’ob, tu’ux yaan maanal ti’ u 60 por siientoil u k’áak’náabilo’ob yóok’ol kaab. Walkila’ chéen u 1% taamtan ja’ táaka’an ti’ wa ba’ax nu’ukbesil kanan.
"
"Jna’ak 91 por siientoil u ts’íibta’al u k’aaba’ u xmeyajilo’ob ichnaj, tu táan IMSS, ti’ le ts’ook kamp’éel ja’abo’oba’",21/06/2023,"Te le ts’ook kamp’éel ja’abo’oba’, u ts’íibta’al u k’aaba’ u xmeyajilo’ob ichnaj, tu táan u mola’ayil Instituto Mexicano del Seguro Social (IMSS) jna’ak 91 por siento, tumen ka’ache’ chéen táakbesa’an ka’ach 4 mil 800 u túulal, ba’ale’ walkila’ ts’o’ok u yantal maanal 59 mil 313 u túulal. Le je’elo’ beey úuchik u ts’a’abal k’ajóoltbil tumen u mola’ayil Secretaría del Trabajo y Previsión Social (STPS) yéetel IMSS, úuchik u k’iimbesa’al uláak’ jump’éel ja’ab yanak u mokt’aanil 189 jets’a’ab tumen OIT. Beey túuno’, u ju’unil tu’ux ku táakmuk’ta’al ko’olel ku meyajo’ob ti’ najo’obe’, jets’a’ab tu k’iinil 16 ti’ junio ti’ u ja’abil 2011, chéen ba’axe’, tu jo’oloj waxakp’éel ja’abo’ob jets’a’ake’, chéen táakbesa’ab u k’aaba’ 4 mil 800 u túul ko’olel tu táan kúuchil toj óolal. Ichil u winalil diciembre ti’ u ja’abil 2019 tak mayo ti’ le ja’ab je’elo’, óol jna’ak le beyka’aj yaan ka’acho’, tumen yanchaj 54 mil 513 u túul uláak’ xmeyajo’ob tu táan le mola’ayo’, ti’al beyo’ u ts’ook xo’okol 59 mil 313 u túulalo’ob. 
Jo’olpóopo’obe’ tu ya’alo’obe’ “u noj meyajil yaan u beeto’obe’ leti’ u béeytal u ts’íibta’al u maas ya’abil ko’olel ku páajtal, tumen láayli’ ya’ab táan u binetik”, tumen le beyka’aj táakbesa’an tak walkila’, chéen ku ye’esik óoli’ u 3 por sientoil ti’ le 2.2 miyoonesil máak beetik le meyaj beya’.Ila’abe’, ichil le maanal 59 mil u túul xmeyajo’ob ts’íibta’ab u k’aaba’obe’, ku náajaltiko’ob, en promeedyoile’, kex 264 pesos ichil jump’éel k’iin, ti’ le je’elo’obo’, kex 11 mil 754 u túulale’ yáax juntéen úuchik u yoksa’al u k’aaba’ tu táan le mola’ayo’; le je’ela’ u k’áat u ya’ale’ mix juntéen yáax yanak u seguro’ob. Uláak’ ba’ax ojéelta’abe’, ti’ le jaats k’iino’obe’, ts’o’ok u ts’aatáanta’al kex 283 mil sitáas te’e najilo’ob ts’ak yaj yéetel ts’o’ok u ts’a’abal u pension kex 14 mil 466 u túul máako’ob meyajtik le je’ela’. 
"
"Kaxta’ab jump’éel u túumben jejeláasil díinosaurio jaantik xíiw, tu kaajil Utah, EU",21/06/2023,"Ku tukulta’ale’, jump’éel u túumben jejeláasil díinosaurio ku jaantik xíiw ka’ache’, leti’ u “ts’ook iik’” tu ch’a’aj ba’alche’ob je’el bix le je’elo’, tu k’iinil ma’ili’ jach k’éexek k’iin beet u ch’éejelo’ob.Le ba’alche’o’, k’aaba’inta’ab Iani smithi, yóok’lal Jano, romanoil yuumtsil ka’ap’éel u yich ka’ach, ti’al u ye’esa’al u káajbal yéetel u ts’ook ba’al. Juntúul ornitópodo primitivo, táaka’an ka’ach ichil u múuch’il díinosaurios tu’ux ch’i’ilanchaj u jejeláasil díinosaurios yaan u kojo’ob paatóo; le k’ajóoltano’ob beey Parasaurolophus yéetel Edmontosaurus.
Ajxak’al xooko’obe’ tu ts’áajo’ob k’ajóoltbil ba’ax tu kajtajo’ob tu pikil ju’unil PLOS ONE, tu’ux ts’íibta’abe’ u ya’abil u baakel le ba’alche’a’ (u pool, u paach yéetel u yooko’ob) ti’ kaxta’ab tu’ux yaan Formación Cedar Mountain, tu kaajil Utah, Estados Unidos.
Iani smithi kuxlaj ti’ k’áax tu’ux yaan u kaajil Utah walkila’, ti’al u chúumuk k’iintsilo’ob ba’ax k’ajóolta’ab beey Cretácico, walkil kex 99 miyoonesil ja’abo’ob paachil. Jump’éel ba’al jach chíika’an ti’ le nuxi’ ba’alche’a’ leti’e’ mu’uk’a’an kama’ach yanchaj ti’o’, tumen u koje’ jts’a’ab ti’ ti’al u béeytal u cha’achik chich xíiwo’ob wa che’ob.
Tu lu’umil Norteaméricae’, nukuch saurópodos jaantik xíiwo’obe’, jsa’ato’ob yéetel uláak’ u yéet ba’alche’il jaantik, alosaurios. Beey túuno’, láayli’ te’e k’iino’obe’,  káaj u k’uchul uláak’ ba’alche’ob jaantik xíiwo’ob maas mejentako’ob, luk’o’ob Asia, je’el bix le yáax díinosaurios yaan u kojo’ob de paatóo yéetel yaan u baakelo’ob, bexyan terópodos yaan u k’u’uk’melo’ob, je’el bix tiranosaurios yéetel nukuch oviraptorosaurios.
Beey túuno’, Iani smithi jach k’a’anan ma’ chéen tumen ma’ úuch ku kaxta’ali; k’a’anan tumen jela’an yanik tu táan le uláak’ díinosaurios yanchaj tu lu’umil Norteamérica, yéetel yóok’lal le k’iino’ob kuxlaji.
"
Beeta’ab u ketlamil eskooltáas ku beetik u t’aanil ich maayat’aan tu lu’umil Yucatán,21/06/2023,"Wakp’éel múuch’o’ob ti’ u méek’tankaajilo’ob noj lu’um táakpaj ti’ u keetil primaarya. Le je’ela’ jbeeta’ab tumen u mola’ayil Secretaría de Educación del Gobierno del Estado de Yucatán (Segey), ts’o’okole’ te’e ja’aba’ páayt’anta’ab xoknáalo’ob ti’ u kaajilo’ob Maxcanú, Chapab, Kanasín, Kiníl, Yalcobá yéetel Tizimín.
"
Túumben nu’ukul ti’al u mu’uukul wíinik uts u beetik ti' yóok'ol kaab,22/06/2023,"Máaxo’ob kaxtik bix ma’ u loobiltiko’ob yóok’ol kaabe’, ku kaxtiko’ob xan bix u kíimilo’ob tu jach no’ojanil ku béeytale’, ti’al ma’ u p’atiko’ob ba’alo’ob k’askúuntik lu’um tu paach.Le je’ela’, jach tukulta’ab tumen juntúul jholandesil, máax táan u beetik u kaajasil u mu’ukul máak ma’ tu beetik k’aas ti’ yóok’ol kaabi’. U ti’al u beetike’, tu k’a’abéetkunsaj micelio -u moots u wíinkilal kuuxum- yéetel u fiibrail kanyaamóo ku ts’áak ti’ jump’éel mooldée. Tu jo’oloj jump’éel p’is k’iin u xa’ak’t le ka’ap’éel ba’alo’oba’, ku chichtal ti’al u p’áatal óoli’ je’el bix jump’éel ekiipsyoil sarkoofagóo, ba’ale’ xma’ boonilli’.
Ti’al u beeta’al u kaajasil kimeno’ob suuk k-ilike’ ku ch’a’akal che’ob xaan u ka’a líik’salo’ob, ts’o’okole’ ku xáantal tu ts’úukulo’ob. Máaxo’ob péektsiltik nu’ukule’ ku ya’ako’ob le tu beeto’obo’, séeb u ts’úukul, yéetel tu jo’oloj jump’éel winal yéetel táanchúumuke’ ku tséentik lu’um.Loop Biotech u k’aaba’ le kaajaa’, ts’o’okole’ ku ya’alike’ leti’e’ ba’ax k’a’abéet u yantal ti’ wíinik ti’al u nupik u kuxtal kéen sa’atak ti’ yóok’ol kaab, ikil u kaxtiko’ob ma’ u beetiko’ob k’aas ti’ yóok’ol kaab.
"
U yantal che’obe’ ku beetik u yéemel tak 8 graadóos chokoj ooxol ku yu’ubal ,22/06/2023,"Fernando Tun Dzul, máax kaambanaja’an yóok’lal Recursos Naturales, yéetel ku meyaj tu kúuchil Centro de Investigación Científica de Yucatán (CICY), tu ya’alaje’, u k’e’exel bix u k’a’abéetkunsa’al lu’um ti’al u meyajta’al yéetel u beeta’al najo’ob ti’ k’áaxe ts’o’ok u beetik u jach u’uyal ooxol tu lu’umil Yucatán.“Ma’ táan u páajtal kseen ch’akik che’ yéetel kseen beetik najo’ob chéen beyo’, tumen le je’elo’ ba’alo’ unaj u ch’a’anukta’al ti’al u je’ets’el bix kun meyajta’al lu’um ti’al u beeta’al najo’ob; jach talam u k’exa’al ba’al kéen ts’o’okok tumen u ya’abil u bak’pachil noj kaaje’ jéechkab yanik, yaan u k’áaxil, ts’o’okole’ ba’ax ku páajtal u beeta’ale’, leti’ u cha’abal u kuxtal le k’áax je’elo’”. 
“K’áaxo’ob, che’ob yéetel xíiwo’ob yanili’ob te’e lu’umo’, jach k’a’anantako’ob ti’al ma’ u seen yu’ubal ooxol; ikil u bin u nojochkíinsa’al kaaj tu bak’pachil péeriferikoe’, táan u ye’esik bix u bin u k’a’abéetkunsa’al yaanal bixi u lu’umil k’áax, tumen ka’ache’ ku ts’áako’ob iik’ ti’ kaaj, yéetel ma’atech u jach yu’uba’al ooxol”, tu tsikbaltaj. 
Tun Dzule’ ku xak’altik jejeláas ba’alo’ob yaan ba’al u yil yéetel ba’ax k’aaba’inta’an beey Cambio Global en Ecosistemas Neotropicales, le beetik tu tsolaje’, jach k’a’anan u nu’uktal bix táan u nojochkíinsa’al kaaj, ti’al beyo’ kex ka’a beeta’ake’, u cha’abal u kuxtal k’áax.Beey túuno’, tu ya’alaje’ kex ka beeta’ak nu’ukbesajo’ob ti’al u pa’ak’al che’ob te’e kaajo’, najmal xan u je’ets’el uláak’ nojoch k’áaxo’ob ti’al u jach úuchul paak’áal, ts’o’okole’ jach chéen u ti’al; je’el bix xan u péektsilta’al ich kajnáalo’obe’ ka yanak kex junkúul che’ ti’ lalaj najo’ob yaan te’e kaajo’, tu’ux xan ka chíimpolta’ak beyka’aj u nojochil le najo’ ti’al u je’ets’el máakalmáak che’il kun pa’ak’ali’. Tu tsikbaltaje’, ichil 5 yéetel 6 graados sentiigradóos ku béeytal u p’íitkunsa’al wa ka yanak che’ob, wa ku ke’etel yéetel kúuchilo’ob tu’ux mina’ani’; je’el tak u béeytal 10 graadóss, ba’ale’ najmal ma’ u ch’a’akal che’obi’.
Yóok’lal u le’ che’ob ku báanale’ yaan k’iin ma’atech u yóota’al te’e najo’obo’, tu ya’alaj, ba’ale’ leti’e’ u k’áat ka ch’éenek u yila’al chéen beey sojole’, tumen lelo’ ku meyaj beey áabono ti’al le lu’umo’.  
"
Kúuchil wáak’ Paríse’ tu beetaj u yelel ba’al yéetel tu loobiltaj 37 máak,22/06/2023,"Jump’éel u najil xook moodáa, u k’aaba’e’ Paris American Academy, jach k’ajóolta’an tumen táanxel kajil xoknáalo’ob. Beyxan, yaan uláak’ ka’atúul máak saatal yéetel tso’ok u káajal u kaxta’alo’ob tu yáamil le ba’ax jníiko’, ti’ jump’éel múuch’kajtalil tu xno’ojil u beelil ja’ Sena, tu’ux yaan ya’abach chíikulalo’ob, je’el bix Panteón yéetel Jardín de Luxemburgo.
"
"Arrecife Maya, u ka’ap’éel asab nojoch yaan ichil tuláakal yóok’ol kaab",23/06/2023,"Ba’ax k’ajóolta’an beey Sistema Arrecifal Mesoamericano (SAM) p’el yanik tu paach Gran Barrera de Coral, tu lu’umil Australia, ts’o’okole’ le yáaxo’ k’ajóolta’an beey Arrecife Maya. U ka’ap’éel éekosistemaail, de beyo’, asab nojoch yaan ichil tuláakal yóok’ol kaab, tumen u chowakile’ ku náachtal tak maanal mil kiloometróos tu jáal ja’ilo’ob México, Belice, Guatemala y Honduras.
Te’elo’ ku béeytal u yila’al u jach jats’uts áaresifesil koral, yéetel maanal 500 u p’éel u jejeláasil kayo’ob, áako’ob yéetel teeko’ob, wa máanatis, beyxan u jejeláasil k’anxooko’ob, wa tíiburones, yéetel báayenas, je’el bix xan uláak’ u jejeláasilo’ob kuxtal yáanal ja’, je’ex chakte’ob yéetel k’áak’náabil su’uko’ob.
Arrecife Mayae’, k’aaba’inta’an beyo’ yóok’lal tu’ux yaan. K’a’anan ti’ wíinik tumen ya’abach ba’al uts ku ts’áak ti’, je’el bix u páajtalil u yantal tu’ux u ch’a’ak ba’al ti’al u jaantej, ba’ale’ beyxan ti’al u meyajtej, ba’ale’ beyxan tumen u yantale’, ku k’atik u beel k’a’amkach iiko’ob wa cháako’ob ku kóojolo’ob tak tu’ux yaan jáal ja’ob naats’ yanik ti’ wíiink.
Kex tumen nonoj ba’al kuxa’an te’elo’, láayli’ xan yaan ba’alob sajbe’entsil yanik u ch’éejelo’ob tumen táan u takikubáaj wíinik; u ya’abile’ yaan ba’al u yil kéen u meyajt ba’ax yaan u yil yéetel turiismóo, tumen ku k’ujsa’al máak tak tu’ux yaan le jats’uts ba’alo’oba’ ti’al u béeytal u cha’antal.Lalaj u yáax k’iinil junioe’ ku k’iimbesa’al Día Mundial de los Arrecifes, ti’al u k’a’ajsa’al u k’a’ananil u kaláanta’alob yéetel ma’ u seen takukibáaj máaki’ ti’al ma’ u k’askúuntalo’ob. Arrecife Mayae’ ti’ yaan Quintana Roo, tu tojil Cabo Catoche, tu xamanil le lu’umo’.Ichil ba’ax a’ala’an tumen Comisión Nacional para el Conocimiento y Uso de la Biodiversidad (Conabio), le beyka’aj SAM yaan tu noj lu’umil Méxicoe’ jatsa’an beey réegular u ts’aka’anil.
"
Xpéets'k'inil,23/06/2023,"Jatsa’an beey juntúul chan ba’alche’ “p’íit sajbe’entsil’” yanik u ch’éejel ichil u tsoolts’íibil Lista Roja beeta’an tumen Unión Internacional para la Conservación de la Naturaleza (UICN), beyxan beey “tu yila’al wa yaan u kaláanta’al”, ichil NOM059, meyajta’an tumen Secretaría de Medio Ambiente y Recursos Naturales (Semarnat).Luis Fernando Díaz Gamboa, máax jo’olbesik Red para la Conservación de Anfibios y Reptiles de Yucatán, tu ya’alaje’ u seen ch’a’akal u che’ilo’ob k’áax yéetel u seen nojochkíinsa’al noj kaaje’ ku beetik u p’áatal ich sajbe’entsil u kuxtal le chan ba’alche’a’. Kex tumen je’el u kanik kuxtal ti’ ya’abach kúuchile’, wa chéen pak’ yane’, je’elili’ u k’uchul u k’iinil u ch’éejele’, tu ya’alaj.
U boonil u paache’ jejeláas, yaane’ ch’ooj yéetel samal boox, beyxan samal boox, wa chakbok’e’en; yaan u wáawayil óol koob u boonil; tu chúumukil u ka’ap’éel u yiche’ yaan jump’éel chowak paarchei’. u kaal yéetel u wíinkilal xpéets’k’iine’ koob boox u wíinkilal. Suuka’an u yila’al Yucatán, beyxan Quintana Roo, ba’ale’ ojéela’an yaan uláak’o’ob tu chúumukil-noojol Kaanpech yéetel uláak’o’ob tu xamanil Belice. Kaja’an ti’ kaabal k’áaxo’ob yéetel naats’ ti’ áaktuno’ob wa ts’ono’oto’ob. 
"
"Ti’ lajuntúul ko’olele’, waktúul ma’ táan u meyaj ti’ éelektroonikóo nu’ukulo’ob: Inmujeres",26/06/2023,"Kex tumen éelektroonikóo nu’ukulo’ob, je’el bix kóomputadoráas, laptops yéetel taabletse’, ts’o’ok u suuktal u k’a’abéetkunsa’alo’ob ti’ u kuxtal wíinike’, ku tukulta’ale’ tu noj lu’umil Méxicoe’, ti’ lajuntúul ko’olele’, waktúule’ ma’ tu k’a’abéetkunsiko’ob (u 64.2 por siientoil), ts’o’okole’ le xokila’ k’ucha’an tak waxaktúul ti’al ko’olel kaja’an ti’ mejen kaajo’ob, beey a’alab tumen Instituto Nacional de las Mujeres (Inmujeres)
Ichil ba’ax yaan u yil yéetel xiibo’obe’, u xookil máaxo’ob ma’ tu k’a’abéetkunsiko’ob le nu’ukulo’obo’, k’ucha’an tak 58.3 por siientoil ti’ noj kaajo’ob, ka’alikil ti’ mejen kaaje’, náaka’an tak 82 por siientoil. Yóok’lal ba’ax yaan u yil yéetel séelularese’, chíikpaje’ u 22.3 por siientoil ko’olele’ ma’ táan u k’a’abéetkunsik, ka’alikil xiibe’ 21 por siientoil.  
Tu ya’alaje’, ichil ba’ax ma’ táan u cha’ak u yantal yéetel u k’a’abéetkunsa’al tumen ko’olele’, ti’ yaan tumen p’éech’ óolta’ano’ob yéetel tumen paachil yaano’ob, le beetike’ ma’ táan u táakbesa’alo’ob ti’ u nu’ukbesajilo’ob kaambal, mix xan ti’ ba’ax yaan u yil yéetel le túumben nu’ukulo’obo’, wa meyajo’ob.Ichil xaak’al beeta’ab yóok’lal ba’ax chíikpaj ti’ u xookil Instituto Nacional de Estadística y Geografía (Inegi), a’alabe’ chéen ka’atúul, ichil lajuntúul ko’olele’, (19.3 por siientoil) kaja’an ti’ noj kaaje’, ma’ táan u k’a’abéetkunsik Internet, ba’ale’ le beyka’ajo’, ku ka’atéenchajal yéetel máaxo’ob kaja’an ti’ mejen kaajo’ob, tumen k’ucha’an tak 44 por siiento.Beyxan, a’alabe’, máaxo’ob ma’ táan u jach k’a’abéetkunsiko’obe’, leti’eb’ máaxo’ob yaan 55 u ja’abil, wa maanal ti’; ka’alikil ichil le máaxo’ob yaan ichil 12 tak 24 u ja’abile’, leti’e’ máaxo’ob asab k’a’abéetkunsik le reedo’. Beyxan u 90 por siientoil ko’olel yéetel xiixo’ob ku k’a’abéetkunsik Internet sáansamale’, ku xáantal kex 4.8 ooráas sáansamal. 
U mola’ayil Inmujerese’ tu ya’alaje’, u k’a’abéetkunsa’al Internet, ichil ko’olel yéetel xiibe’, u ti’al u t’anikubáaj máak (93.8 por siiento); ti’al u kaxta’al wa ba’ax (89.9 por siiento); u yokol máak ti’ reedes sosyaales (89.8 por siiento), yéetel áantaj ti’al kaambal wa xook (83.1 por siiento). Beey túuno’, tu kúulpachile’, chéen u 12.6 por siientoil máako’ob k’a’abéetkunsike’, ku beetik ti’al koonol.
"
U glasyaarilo’ob Himalayae’ je’el u chichanchajalo’ob 80 por siientoil u piimilo’ob ti’ le siiglo yaniko’ona’ ,26/06/2023,"Glasyaaro’obe’ táan u yíibilo’ob, ts’o’oke’ jach séeba’an. Le je’elo’oba’ leti’e’ yano’ob tu t’o’ol wiitsilo’ob Hindu Kush Himalaya, téetel táan u yila’ale’, je’el u p’íitchajal tak 80 por siientoil u piimilo’ob te’e siigloa’, wa ma’ tu jach séebchajal u yéemel le beyka’aj gaases efektóo íinbernaderóo yaan, beey a’alabik ti’ jump’éel tsoolmeyaj beeta’ab.
Ti’ ts’íib meyajta’ab tumen Centro Internacional para el Desarrollo Integrado de las Montañas, tu kaajil Katmandú, a’alabe’ u jáan yantal búulkabilo’ob yéetel u báanal nyeebee’ maas je’el u yila’al u yúuchul te’e ja’abo’ob ku taala’, ts’o’okole’ je’el u talamchajal u yantal uk’be’en ja’ ti’ 2 mil miyoonesil máako’ob kuxa’ano’ob tu jáalikil 12 u p’éel wiitso’ob.
Yeelo yéetel nyeebee’ ku yantal ti’ u t’o’ol wiitso’ob Hindu Kush Himalayan, k’a’anan ti’al u yantal u ja’il le rioso’ob yaan te’elo’, ts’o’okole’ ku beetiko’ob u yantal ja’ ti’ 16 u p’éel u noj lu’umilo’ob Asia yéetel ku ts’áako’ob xan uk’be’en ja’ ti’ 240 miyoonesil máako’ob kaja’anob naats’ ti’ le wiitso’obo’, yéetel kex uláak’ mil 650 miyoonesil máak tu jáalik le rioso’. Uláak’ xak’al ts’íibo’ob beeta’ab xan jayp’éel ja’abo’ob paachile’, ts’o’ok u chíikbesiko’ob criosferae’, leti’e’ lu’umo’ob ti’ Yóok’ol Kaab pixa’an yéetel nyeebée yéetel yeelóo, jach táan u jelpajalo’ob yóok’lal u chokolil le lu’uma’. Xaak’alo’ob beeta’ane’ ku ye’esiko’obe’ u glasyaarilo’ob monte Evereste’, ts’o’ok xan u pe’ertik 2 mil ja’abo’ob ti’ le beyka’aj yeelóo yaan ti’o’, ti’ le ts’ook óoxp’éel dekaadáas ts’o’ok u máano’obo’.
"
Mu’uk’an chíikpaj México tu keetilo’ob Centroamericanos ,26/06/2023,"U múuch’il gimnasia artística k’uch tu jach ka’analil ti’ u keetil múuch’o’ob, ka tu náajalto’ob ooróo ichil XXIV Juegos Centroamericanos y del Caribe San Salvador 2023; úuchik u béeykunsiko’ob 232.95 puntóos, ti’ u súubdivisyonil 1; táakpaja’an Fabián de Luna, Rodrigo Gómez, Maximiliano Galicia, Isaac Núñez yéetel Josué Juárez.
"
U nuxi’ ch’oomil Cerro Prieto; meyajta’ab tumen aj-its’at máako’ob chíika’an Google Earth,27/06/2023,"Meyaje’ tu ch’a’aj u yóol ti’ u woojilo’ob Nazca, Perú, jbeeta’ab tumen wíinik tu siigloil, le beetik walkila’, junmúuch’ aj-its’at máako’ob meyajtik plaastikae’, tu beetaj juntúul nuxi’ ch’oom, ku béeytal u yila’al u yoochel ti’ baalo’ob je’el bix Google Earth.Wi ñill: Wa’ Shayii, u k’aaba’ meyaj beeta’ab, ts’a’aban ich cucapá t’aan, ts’o’okole’ u k’áat u ya’al Cerro Prieto: Casa del Zopilote, ich káastelan t’aan. Jbeeta’ab yéetel u tuunich k’áak’il wiits ts’o’ok u kíimil, yéetel ti’ yaan ka’ach te’e k’áax tu’ux beeta’abo’, tu kaajil Mexicali, Baja California.Xe Juan Hernández, j-its’at máax jo’olbes meyaje’, tu ya’alaj ch’oome’ u chíikulal kuxtal yéetel kíimil ich cucapá miatsil, le beetike’ yéeya’ab le ba’alche’a’ ti’al u chíimpoltik k’áak’il wiits yanchaj te’elo’.
"
ONU-DH tu k’áatik ti’ Méxicoe’ ka xak’alta’ak yéetel ka ts’a’abak u si’ipil máax bíin beet yaayaj loobilaj ,27/06/2023,"U kúuchil Oficina en México del Alto Comisionado de las Naciones Unidas para los Derechos Humanos (ONU-DH) tu páayt’antaj u noj lu’umil México, te’e k’iino’ob jmáana’, ti’al ka yanak u xak’altik yéetel u ts’áak u si’ipil máaxo’ob beetik yaayaj loobilaj, tumen ti’ le ts’ook waxakp’éel ja’abo’oba’ chéen ts’o’ok u yantal 64 u p’éel jets’ si’ipil yaan ba’al u yil yéetel.Úuchik u máan u k’iinil Día Internacional en Apoyo de las Víctimas de la Tortura, jo’oljeak 26 ti’ junioe’, u mola’ayil Naciones Unidase’ tu ya’alaje’ kex tumen tu noj lu’umil Méxicoe’ yaan ba’alo’ob táan u beeta’al ti’al ma’ u beeta’al le k’aasil ba’ala’, unaj xan u yantal uláak’ nu’ukbesajo’ob ti’al u yila’al ka ch’éenek u beeta’al ba’ax ma’ unaji’.
“U xak’alta’al yéetel u je’ets’el u si’ipil máax beetik yaayaj loobilaje’, najmal u ts’aatáanta’al tumen u páajtalil máax le ku loobilta’alo’, ts’o’okole’ noj t’aan tu táan mola’ayo’ob yéetel kaaj, tumen jump’éel ba’al ma’ unaj u yúuchuli’”, tu tsolaj le mola’ayo’. Beey túuno’, tu ch’a’achibtaj Ley General yóok’lal le je’ela’, “tu jets’aj jach ba’ax najmal u ts’aatáanta’al ti’al u ch’éenel u yaayaj loobilta’al máak”, tumen ba’ax jets’a’an tak walkila’ ichil u sisteemail justiisyáae’ “ku meyaj ti’al u ch’éenel u beeta’al”.
Ichil ba’ax chíikpaj ti’ tsoolts’íibo’ob xak’alta’ab tu winalil diciembre ti’ u ja’abil 2022 tumen Observatorio contra la Tortura, ti’ waxakp’éel ja’abe’ chéen yanchaj 64 u p’éel jets’ si’ipil tu yóok’ol máaxo’ob yaayaj loobiltik u jeel máako’ob, ti’ le je’elo’obo’ 43 a níibel féederaril. 
Ti’ le 32 u p’éel péetlu’umo’ob yaan Méxicoe’, ti’ 24 ma’ je’ets’ek mix jump’éel si’ipili’.“Tumen ma’ tu yantal si’ipile’, ku na’atale’ jump’éel ba’al ku cha’abal u beeta’al, tumen je’el beyka’aj ka beeta’ake’ ma’ tu yantal u kuuch máak”, j-a’alab tumen ONU-DH.
"
Ka’anal tu’ux ku máan México ti’ méedayeróo; 53 yaan ti’ ,27/06/2023,"U noj lu’umil Méxicoe’ p’áatal ka’ach, tak tu chúumuk k’iinil jo’oljeak lunes, tu jach ka’analil múuch’o’ob ku ketikubáajo’ob Centroamericanos. Ajbáaxalo’obe’ tu béeykunso’ob 20 medaayasil oróo; 21 de pláata yéetel 12 de bróonsee. Te’e oochela’, juntúul xkáaratekáa ka’alikil u ba’atel.
"
"Ts’o’ok u síijil u yáax mejen k’áak’náabil áako’ob ti’ u jatsk’iinil u yantalo’ob, tu petenil Cozumel",28/06/2023,"U múuch’kabil Fundación de Parques y Museos de Cozumel (FPMC) tu k’a’aytaje’ yanchaj 570 u túul u mejenil káak’náabil áak ti’ u jatsk’iinil u yantalo’ob, tu jáail jailo’ob  Campamento Tortuguero de Punta Sur, tu’ux ojéelta’abe’ k’uch e’el 292 u túul áak. Ti’ le je’elo’, 100 u túule’ u jejeláasil Caretta Caretta (caguama) yéetel 192 Chelonia mydas (sak wa ya’ax).“Táanili’ u beeta’al jejeláas meyajo’ob ti’al u kaláanta’al le ba’alche’a’, tumen sajbe’entsil yanik u ch’éejelo’ob. U beeta’al ba’ax uts u ti’ale’ jets’a’an ti’ Nuevo Acuerdo por el Bienestar y Desarrollo de Quintana Roo, péektsilta’an tumen xjala’ach, Mara Lezama Espinosa”, beey úuchik u ts’o’olol tumen máax jo’olbesik u kúuchilCentro de Conservación y Educación Ambiental (CCEA), Rafael Chacón Díaz.
Tu ya’alaje’, ts’o’ok u jach ts’aatáanta’al xíimbal-kalanil ku beeta’al lalaj áak’ab, ti’al u kaxta’al tu’ux yaan u k’u’ le áako’obo’, tumen beyo’ ku yutstal u kaláanta’al, ts’o’okole’ yóok’lal le beyka’aj ts’o’ok u yila’al yaane’, ku tukulta’ale’ chan nonoj le kun síijilo’obo’, tumen ti’ le jo’op’éel winalo’ob ku xáantal u k’iinil u ya’abtalo’obe’, óoli’ u ka’ap’éelil le ku bin u ts’o’okola’.Beey túuno’, máax p’ata’an u jo’olbes u teeknikóo meyajil Campamento Tortuguero Punta Sur, Ricardo Peralta Muñoz, tu ya’alaj te’e p’isk’iin táan u máana’, jtóop’ je’ yaan ti’ ukp’éel k’u’ob, tu’ux yanchaj 570 u túul le mejen áak. Leti’obe’ ts’o’ok u bino’ob ich ja’, ti’al u káajal u líik’ilo’ob.Tu tsikbaltaj xane’ u táakpajal aj-áantaj máako’ob ti’al u kaláanta’al u áakilo’ob FPMC, jach k’a’anan, tumen sáansamal najmal u xíimbalta’al jáal ja’ob dée áak’ab, ts’o’okole’ yaan k’iine’ ku beeta’al kéen píik’ik, tumen leti’e’ kéen e’elnako’ob.
"
Kaaxane’ tu chíikbesaj muuko’ob tu’ux jts’a’ab chíikults’íib yaan kex 300 mil ja’abo’ob u yúuchbenil ,28/06/2023,"Túumben kaaxanil yanchaje’, tu chíikbesaj hayp’éel ba’alo’ob suukchaj u beeta’al úuchben wíinik Homo naledi, tumen u kimeno’obe’ ku muka’al ka’ach yéetel jejeláas woojo’ob tu taamil áaktuno’ob tu noojolil África, wallil 300 mil ja’abo’ob.Wa tumen jaaj le je’ela’, ku p’áatal paachil ba’ax ku tukulta’al ka’ach yóok’lal bix kuxlik ka’ach le máako’oba’, beyxan bix u miatsilo’ob yéetel ba’ax u k’áat u ya’al chíikulal tu ts’áajo’obi’, chéen ba’axe’ láayli’ yaan ba’alob ma’ jach sáasil yaniko’obi’.Jxak’al xook Lee Berger, ti’ u noj najil xook Universidad del Witwatersrand, tu jo’olbesaj xaak’al beeta’ab tu yáaktunilo’ob Rising Star, tu’ux kaxta’ab tu ja’abil 2013e’, mil 500 u p’éel baakel muka’ani’. Leti’ xan meyajt u túumben tsíibilo’ob yóok’lal Homo naledi.
"
U ya’abach oksaj óol wíiniko’obe’ suunajo’b La Meca tu jo’oloj yanak pak’be’en k’oja’an,28/06/2023,"Kex ka’ap’éel miyoonesil musulmanilo’obe’ tu beetajo’ob u jach k’a’anan xíimbalil (‘hach’) suukchaj u beeta’al ja’ab man ja’ab, tu’ux ku yantal u p’áatal wa’atalil máak tak kéen t’ubuk k’iin tu k’áaxil Arafat, tu’ux ku tukulta’al tumen islámicail tuukule’, profeetáa Mahoma ts’ook t’aanaj tu ja’abil 632.
"
Kaxta’ab úuchben tolteca nu’ukul ti’ k’áax tu’ux táan u beeta’al jump’éel kúuchil koonol,29/06/2023,"U ajxaak’alilo’ob Instituto Nacional de Antropología e Historia (INAH) tu k’a’aytajo’ob “tu kaxto’ob úuchben ba’alo’ob ti’alinta’an tumen tolteca miatsil, yéetel le ku chíikpajal jayp’éel ba’alo’ob yóok’lal úuchben k’ajla’ayil” ti’ jump’éel k’áax tu’ux ku tukulta’al u líik’sa’al jump’éel kúuchil koonol tu kaajil Tula de Allende, Hidalgo.
Ichil ba’ax jts’a’ab k’ajóoltbil tumen Manuel Hernández Badillo, máax beetik u jo’olpóopil Tulae’, ba’ax kaxta’abe’ ts’o’ok u káajal u mo’olol ti’ k’áax yaan yóok’ol u bejil Pachuca-Tula, tu múuch’kajtalil El Salitre, kex 150 meetróos tu joolil u yúuchben kaajil Tula yéetel kex 300 meetróos náachil ti’ le kúuchil koonolo’. 
Tak tu káajbal u winalil junioe’, u arkeologosil INAHe’ tu láaj luk’so’ob u lu’umil ba’ax ku yila’al beey úuchben kúuchilo’ob, ts’o’okole’ bak’pachta’abij. Beey túuno’, meyajo’ob ti’al u líik’sa’al ba’ax kaxta’abe’ k’ubéenta’ab ti’ j-arkeologóo Luis Gamboa.
Tu k’iinil 22 ti’ junio ti’ u ja’abil 2022e’, j-áantropoloogóo Héctor Álvarez, máax jo’olbesik Centro INAH-Hidalgo tu ts’áaj k’ajóoltbile’, kaxta’ab wakp’éel wíinkilalo’ob ti’ jump’éel úuchben tolteca muukil, tu soolaril jump’éel naj yaan yóok’ol u bejil Oriente tu múuch’kajtalil Unidad Habitacional Pemex ti’ u kaajil Tula.
Te’e k’inako’obe’, tu tsolaj, “wíinkilalo’ob kaxta’abe’ kulukbalo’ob ka’achij; wuuts’ul u píixo’ob táanil yéetel u k’abo’obe’ tséelik u wíinkilal yaan, ts’o’okole’ yaan xan u káakach k’at nu’ukul yéetel uláak’ beeta’an ti’ tuunich”, a’alabij. 
Álvarez tu ya’alaje’ u kaxta’al úuchben muuko’obe’ óol suuka’an te’e baantao’, tumen ojéela’an jayp’éel ja’abo’ob paachile’, j-arkeologóo Eduardo Matos Moctezuma tu kaxtaj xan ba’alo’ob je’el bix le je’elo’obo’. 
"
Chíimpolta’ab u meyajil k’am paal beey Patrimonio Cultural Intangible de Yucatán,29/06/2023,"Tu jo’oloj ukp’éel winalo’ob yanak u yáax tuukulil u chíimpolta’al u meyajil k’am paale’ ku beeta’al Yucatán beey Patrimonio Cultural Intangible del Estado de Yucatán, le 24 ti’ junio máanika’, u Congresoil le noj lu’uma’ tu éejentaj ka chíimpolta’ak. 
Xdíiputadáa Fabiola Loeza Novelo yáax péektsilt ka éejenta’ak u chíimpolta’al le noj meyajo’ tu k’iinil 16 ti’ noviembre ti’ u ja’abil 2022. Leti’e’ tu ya’alaje’ u je’ets’ele’ ku beetik xan u k’a’anantal tu táan uláak’ máako’ob táan u bin u líik’la’ajalo’ob walkila’. “Kch’i’ibale’ chíikan yóok’lal maaya t’aan, beyxan yóok’lal úuchben kaajo’ob líik’sa’abo’ob yéetel tuláakal ba’ax yaan te’e péetlu’umo’”. 
Uláak’ ba’al tu ya’alaj yóok’lal chíimpolal kun beetbil ti’ maaya xk’am paale’, leti’e’ u noj ba’alil u kaláanta’al ba’ax u yojelo’ob yóok’lal le meyaja’.
“Le je’ela’ yaan u ts’áak u páajtalil u takumk’ta’al u meyajil xk’am paal tumen u mola’ayilo’ob miatsil le lu’uma’, tumen jaaj k’a’abéet u kaláanta’al, ba’ale’ najmal u jach mu’uk’ankúunsa’al yéetel nu’ukbesajo’ob yaan ba’al u yil yéetel miatsil”, tu ya’alaj. 
Ba’ax éejenta’abe’, tu ya’alaj, ma’ chéen ti’al ka chíimpolta’ak beey Patrimonio Cultural Intangiblei’, u ba’alile’ leti’ ka béeyak u ts’aatáanta’al maaya miatsil yéetel u noj ba’alkúunsa’al ba’ax u yojel ko’olel ti’al u kaláanta’al yo’om ko’olel, beyxan kéen yanak u chaam paalo’obi’.
Tu ya’alaje’, u meyajil xk’am paale’ jump’éel ba’al jach nuupul yéetel u yóol ko’olel wíinik, beyxan yéetel maaya ts’aak yéetel u muuk’il ko’olel; “jump’éel ba’al kuxa’an kex beyka’aj ja’abo’ob ts’o’ok u máan, tumen tak walkila’ jach nuupul yéetel u kuxtal wíinik, le beetik ma’ unaj u sa’atali’”. 
“Xaak’alo’ob beeta’an yóok’lale’ ku ya’aliko’ob u meyajil xk’am paale’ ku noj ba’alkúunsik xan u béeytal u ts’áak kuxtal ko’olel; ts’o’okole’ ku mu’uk’ankúunsik xan láak’tsil”, tu ya’alaj Loeza Novelo. 
U meyajil xk’am paale’ ku yáantaj xan ti’al u chan ch’éenel u loobilta’al ko’olel tu najil ts’ak yaj kéen yanak u cham paalo’ob, beyxan ti’al ma’ u kíimil mix u ko’olelil, mix u neene’ilo’ob, tu ya’alaj. 
Xk’am paale’ ku láak’intiko’ob ko’olel kéen yanak u cham paalil, ba’ale’ beyxan leti’ob nu’uktik u láak’o’ob ti’al u yojéelta’al ba’ax k’a’abéet u beeta’al, “u meyajo’obe’ ma’ chéen ti’al ts’aakáankili’, ti’al xan u mu’uk’ankúunsa’al láak’tsilil; ku táakbesa’alo’ob ichil le baatsil ku kaláantiko’obo’”, tu ts’ook a’alaj. 
"
Alexa Morenoe’ u jach táaj no’ojanil síit ti’ kabayóo ,29/06/2023,"Xjimnaastae’ k’uch tu jach ka’anal kúuchil ichil Juegos Centroamericanos y del Caribe San Salvador 2023, úuchik u náajaltik ooróo. Ti’al u keetil Mundial de Suttgart, beeta’ab tu ja’abil 2019e’, jp’áat tu yóox kúuchil, láayli’ ti’ le nu’ukula’, yéetel ti’al Tokio 2020e’, k’uch tu kamp’éelil.
"
U ya’abtal sáasil k’askúuntik yóok’ol kaabe’ táan u p’atik ich sajbe’entsil u kuxtal kóokayo’ob,30/06/2023,"U seen ya’abtal sáasilo’ob k’askúuntik yóok’ol kaabe’, je’el u beetik u ch’éejel kóokayo’ob, tumen leelem u xch’uupulile’ ku sa’atal ichil sáasil yaan ti’ kaaj, ts’o’okole’ u joojopáankile’ ku k’a’abéetkunsik ti’al u t’anik u xiibil ba’alche’ ti’al ka yanak u mejenil.
U yantal k’aak’as sáasil, wa kóontaminasyoon lumiinikáa, ma’ tu beetik uts ti’ uláak’ ya’abach ba’alche’ob, tumen yóok’lale’ k’éex jayp’éel ba’alo’ob, je’el bix beyka’aj súutukil ku máan chukbil ba’alche’ob tak u xóot’ol u beel uláak’ ba’alche’ob ku yantal u bin ti’ uláak’ lu’umo’ob. U xch’upul kóokayil (Lampyris noctiluca) ya’ax leelem ku beetik. U sáasile’ ti’ yaan tu nak’, yéetel ti’al u t’anik u xiibile’ ku jojopáankil, ba’ale’ ma’ tu tsa’ayalo’ob xik’nal ti’ túumben k’áaxo’ob ti’al u náachtalo’ob ti’ le seenkech sáasilo’obo’. 
Le beetike’, Estelle Moubarak, Sofia Fernandes, Alan Stewart yéetel Jeremy Niven, ti’ u noj najil xook Universidad de Sussex (Reino Unido), káaj u xak’altiko’ob ba’ax seen talamilo’ob ku máansik u xiibil kóokay ti’al u kaxtik u núup ti’ lu’umo’ob tu’ux jach sáasilkúunsa’an. Le túune’, tu yilajo’obe’, sak sáasile’ ku talamikúunsik ti’ u xiibil kóokay u kaxtik u leelem xch’uupil, ts’o’okole’ lelo’ jump’éel ba’al jach je’el u k’askúuntik ba’al ichil tuláakal kóokayo’ob yaan yóok’ol kaab. Ba’ax kaxta’abe’ jts’a’ab k’ajóoltbil tu pikil ju’unil Journal of Experimental Biology.  
Tu jo’oloj máanak molbil jaytúul kóokayo’obe’ ti’ jump’éel áak’ab tu k’áaxil South Downs (Reino Unido), Moubarake’ tu biinsaj tak tu láaboratoryo ti’al u jupik u xiibil kóokay ichil jump’éel “láaberintóo” yaan u foormail “Y” ba’ale’ tu’ux mina’an u jeel sáasili’.Múuch’ meyaje’, tu ts’áaj u xiibil kóokay tu kaabalil u woojil Y, tu’ux xan jts’a’ab jump’éel ya’ax LED óoli’ je’ex le u ti’al u xch’uupulil, ba’ale’ lelo’ tak tu ka’analile’, ti’al u yila’al wa ku k’uchul u xiibili’.
Tu jo’oloje’, jts’a’ab jump’éel sak sáasil tu ka’analil le láaberintóo, yaan u muuk’ ichil 25 Lux (25 u téenal maas jach sáasil ti’ u sáasil uj), yéetel 145 Luz (je’ex le yaan ti’ jump’éel faroláa). Ka’alikile’ tuláakal kóokaye’ tu kaxtaj LED wa éek’jolch’e’ene’, chéen u 70 por siientoil béeychaj u beetik wa ma’ jach sáasil u joojopáankil sak sáasil, yéetel chéen 21 por siientoil ik’elo’obe’ tu kaxtajo’ob núup wa maas k’a’am u sáasili’.U sáasil le láaberintoo’ tu beetaj u xáantal u xibil kóokay tu yáanalil; ma’ péeknaj u kaxt u xch’uupulil. Ba’ale’ wa éek’jolch’e’ene’, péeknajo’ob tu jo’oloj 32 segundóos.  
"
"Ch’ooj kay, juntúul u jats’uts kajnáalil Caribe k’áak’nabil  ",30/06/2023,"U sientiifikoil k’aaba’e’, Acanthurus coeruleus), ts’o’okole’ ich káastelan t’aane’ k’aaba’inta’an pez cirujano, ba’ale’ beyxan barbero azul, navajón azul yéetel sangrador azul; kay je’el bix le je’ela’ ku béeytal u k’ajóolta’ab ti’ náaysaj óol ku beeta’al tu jáal ja’il Quintana Roo. Le ch’ooj kaya’ ku béeytal u jelbesik u boonil ti’al u p’áatal maas chan sáasil wa maas boox.
U taamil u yantalo’obe’ ichil ka’ap’éel meetróos tak 40, ichil u ja’ilo’ob Caribe Mexicano, ba’ale’ maas ya’ab u yila’al Puerto Morelos, tu áaresifeilo’ob Playa del Carmen yéetel tak Belice. U wíinkilale’ túuts’ yéetel ka’anal. U chi’e’ chichan yéetel tiich’il. Tu kama’ache’ yaan 18 u p’éel u kojo’ob tu ka’anal t’o’olil yéetel 20 ti’ le yaan kaabalo’, ts’o’okole’ yaan xan 14 u p’éel u brankiiespinasil.
Ku p’isiko’ob tak 36 sentiimetróos u chowakil, ba’ale’ yaan uláak’ u maas nojochilo’ob, yéetel kex yaan ku k’a’alal ti’al u tséenta’ale’, ma’ tu píitmáansik 20 sentiimetróos u chowakil, ts’o’okole’ je’el u kuxtal kex 22 ja’abo’ob. Je’el bix u bin u xuultale’, ku bin u k’éexel xan u boonil.  
"
Tu nojochil jump’éel u kaampoil fuutbol lalaj 5 segundóos u séebil úuchik u ch’éejel k’áax ti’ Yóok’ol Kaab tu ja’abil 2022,03/07/2023,"Ti’ Yóok’ol Kaabe’ jsa’at tu ja’abil 2022e’, lalaj 5 seguundose’, k’áax tu’ux mix juntéen okok wíinik, tu nojochil jump’éel u kaampoil u báaxta’al fuutbol, ts’o’okole’ maanal ti’ u chúumukil ti’ le k’aschajo’, ti’ j-úuch tu lu’umil Brasil yéetel Bolivia, beey chíikpaj ti’ jump’éel xaak’al jts’a’ab k’ajóoltbil te’e k’iino’oba jmáana’.Maanal 41 mil kilometróos kuadraadóos le beyka’aj k’áax tóoka’ab wa ch’aka’abij, le je’ela’ óoli’ beyka’aj u nojochil noj lu’umo’ob je’el bix Suiza o Países Bajos.U mola’ayil Instituto de Recursos Mundiales (WRI, yóok’lal bix u k’aaba’ ich inglés t’aan) tu ya’alaje’ che’ob ch’aka’ab wa tóoka’abe’ úuchbentako’ob, ts’o’okole’ le beyka’aj ku tukulta’ab k’aschajo’, ku chíikbesik maanal u 10 por siientoil ti’ le beyka’aj yanchaj ti’ le ja’ab máaniko’.
Xaak’ale’ jbeeta’ab yéetel u yáantajil sáatelital oochelo’ob, ts’o’okole’ ku chíikbesik bix yanik áamazonikail k’áax. Le beyka’aj k’aschaj Brasile’ tu chíibkesaj u 43% , yéetel le jsa’at Boliviae’ u 9%. Beey túuno’, República Democrática del Congo k’aschaj 13%. Ti’ k’áax k’aschaj Brasile’, ya’abchaj 15% tu ja’abil 2022 keetel yéetel le ja’ab máaniko’.Le beyka’aj k’áax k’aschaj le ja’ab máaniko’, tu beetaj u cha’ak’ajal 2 mil 700 miyoones u tóoneladasil dióxido de carbono ti’ yiik’alil yóok’ol kaab, le je’ela’ leti’e’ beyka’aj kóombustiibles foosilées ku jóok’sik India, lu’um tu’ux asab ya’ab kajnáalo’ob yaan ichil le yano’ob lu’umkabil, j-a’alab tumen GFW.Le je’ab máaniko’, u kamp’éel ja’abil úuchik u jach ila’ak k’aschaj k’áax ichil u ts’ook ka’ap’éel dekaadáasa’.Ichil tuláakal yóok’ol kaabe’, k’áax yéetel lu’ume’ u ts’u’uts’maj kex u 30% k’aak’as iik’ ku yantal yóok’lal dióxido de carbono lik’ul u ja’abil 1960, ba’ale’ le je’elo’oba’ ts’o’ok xan u ya’abtal tu chúumukil ti’ le beyka’aj yaan ka’acho’.
"
K’a’aytab tumen SEP u tsolk’iinil kaambal ti’al u ja’abil xook 2023-2024,03/07/2023,"U mola’ayil Secretaría de Educación Pública (SEP) tu ts’áaj k’ajóoltbil u tsolk’iinil kaambal, tu’ux jets’a’ab 190 u p’éel u k’iinilo’ob xook ti’al u ja’abil 2023-2024, ts’o’okole’ leti’e’ kun k’a’abéetkunsbil tu xookil préeskolaar, primaryaa yéetel séekundaryaa ti’al kaaj, beyxan le pribaadaso’ob yaan ichil tuláakal u noj lu’umil México, tu’ux ku kaambal maanal 24 miyoonesil xoknáalo’ob.U káajbal xooke’ yaan u yúuchul 28 ti’ agosto, yéetel tukulta’an u ts’o’okol 16 ti’ julio ti’ u ja’abil 2024, tu’ux jóok’sa’an waxakp’éel k’iino’ob ti’al u meyajta’al konseejo teeknikóo eskoláar tumen ajka’ansajo’ob yéetel u jo’olpóopilo’ob najil xook, tu’ux ku mina’antal xook ba’ale’ chéen ti’ paalal.
Beey túuno’, tsolk’iine’ tu beetaj u k’as k’uuxil ajka’ansajo’ob tumen ku ya’aliko’ob SEPe’ ma’ táan u ch’a’anuktik leti’obe’ ts’o’ok ka’analo’ob; yéetel ku tsa’ayal tak síndrome de burnout, ku chíikpajal kéen jach ka’anak u yóol máak yéetel ku p’áatal ma’ ki’imak u yóol kéen meyajnak ikil u seen yantal ba’al u beeta’al. Lela’ ku yu’ubiko’ob yóok’lal le seen ju’uno’ob ku yantal u na’aksal ti’ Internet, u yantal u yu’ubal u taatatsil xoknáalo’ob, tumen “ku taasa’al paalal ma’ jach uts u yóoli’, tumen u yuumo’obe’ ma’ tu jach e’esiko’ob yaabilaj wa ma’ no’oja’anob ti’al u líik’siko’ob juntúul paal”.Uláak’ ba’ale’, ti’ le túmben ja’abil xook kun káajalo’, ma’ tun jach yantal u k’iinilo’ob tu’ux ku xóot’ol xooki’. Le yáaxo’, ti’al u k’iinil 15 ti’ septiembre, tumen ku k’iimbesa’al Independencia de México. U ka’atéenil u xóot’ol xooke’, yaan u yúuchul le lunes 20 ti’ noviembre ku taala’, ba’ale’ láayli’ te’e k’iino’obo’ yaan xan u beeta’al kóonsejo teknikóo ti’al viernes 24 láayli’ ti’ le winalo’. 2 ti’ novimebree’ mina’an xook, ba’ale’ chéen ti’al jueves, tumen u k’iinil Finadóos. U yóoxp’éelile’ yaan u yúuchul ti’al 5 ti’ febrero ti’ u ja’abil 2024, yóok’lal Promulgación de la Constitución mexicana. Ka’alikil u kamp’éelile’ ti’al 18 ti’ marzo; ti’al mayoe’ ma’ tu xóot’ol xook tumen u yáax k’iinile’ ku lúubul miércoles yéetel 15e’ beyxan.  
Ku chíikpajal xan te’e tsolk’iino’, jets’a’an 1 tak 15 ti’ febrero ti’ le ja’ab ku taalo’, u k’iinil ti’al u yáax k’u’ubul u k’aaba’ paalal ti’al ka oojko’ob kaambal.
"
U kéet pakat xiib yéetel ko’olele’ unaj chíika’an ichil justiisyáa: Zulema Mosri,03/07/2023,"Tu lu’umil Méxicoe’, ko’olele’ ma’ kéet yanik wa p’ata’an paachil wa ku ke’etel yéetel bix yanik xiibi’, “lela’ ku k’atik u beel wa ma’ tu cha’ak u ch’a’anukta’al u páajtalilo’ob je’ex unaje’, tu ya’alaj xmáajistradáa.
"
"Kaxta’ab u nu’ukulil k’at ets’kúunta’ab tu yáamil Estela 18 tu yúuchben kaajil Uxmal, Yucatán",04/07/2023,"Ti’ ba’ax kaxta’abe’ yaan jump’éel u nu’ukulil u yúuchul k’uut yaan óoxp’éel u yook, yéetel kamp’éel p’úulo’ob. Ti’ yano’ob ka’ach tu yúuchben kaajil Uxmal, Yucatán, tu taamil metro y medio, yáanal tu’ux kaxta’ab Estela 18 walkil jayp’éel winalo’ob paachil.Ku tukulta’ale’, ma’ xaan wa nu’ukulo’ob k’ate’ k’uba’ab ka’ach táan u yáalkab u jaatsk’iinil Clásico Tardío (750-900 d.C.), ka’alikil u páayt’anta’al Xunáan Chak Chel yéetel le pata’ab u k’aaba’ beey Caminante del Inframundo.
U k’a’aytajil kaaxane’ jbeeta’ab tumen máax jo’olbesik Instituto Nacional de Antropología e Historia (INAH), Diego Prieto Hernández, óoli’ walkil jump’éel winal paachil, tu’ux xan tu tsikbajtaj ba’ax meyajilo’ob táan u beeta’al ti’al u kaláanta’al úuchben nu’ukulo’ob, beyxan bix táan u meyaj u mola’ayil Secretaría de Cultura ti’ u noj lu’umil México yéetel u nu’ukbesajil Programa de Mejoramiento de Zonas Arqueológicas (Promeza), tu jaatsil 3 ti’ Tren Maya, ku yáalkab Calkiní (Kaanpech) tak Izamal (Yucatán).
Beyxan, Prieto Hernándeze’ tu tsikbaltaj nu’ukulo’obe’, kaxta’abo’ob tumen u yéet meyajo’ob máax jo’olbesik le úuchben kaajo’ob, José Huchim Herrera, te’e tu’ux yaan Estructura 26 ichil jun jaats multuno’ob k’ajóolta’an beey El Palomar, tu’ux beeta’ab xaak’alo’ob yéetel ts’aatáanta’ab ba’ax yani’, yéetel taak’in jok’a’an ti’ u nu’ukbesajil Promeza.Tu ya’alaj xane’ yóok’lal bix tsola’anil le kamp’éel p’úulo’obo’, ku tukuta’ale’ táan u k’ajsa’al u kantsi’itsil yóok’ol kaab, ts’o’okole’ t’oja’an kili’ich ja’ ti’al u tséenta’al yuumtsilo’ob. Ti’ k’utub óoxts’íit u yooke’ yaan jump’éel u xchikil (ku k’a’abéetkunsa’al ka’ach ti’al janal), láayli’ chíika’an u boonil, yéetel ku tukula’ale’ yóok’ol kaab ku chíikbesik.
"
"Maanal u 30 por siientoil ti’ máaxo’ob ku beeta’al wa ba’ax loobilaj tu noj lu’umil Méxicoe’, ko’olel: SESNSP",04/07/2023,"Eduardo Murillo
U yóox jaats máax ti’ ku beeta’al wa ba’ax loobilaj, wa delito, ichil tuláakal u noj lu’umil Méxicoe’, ko’olel, beey chíikpaj ti’ xaak’al meyajta’ab tumen Secretariado Ejecutivo del Sistema Nacional de Seguridad Pública (SESNSP).
Tu ts’íibil Información sobre violencia contra las mujeres, ku tso’olole’ tu yáax jo’op’éel winalilo’ob le ja’aba’ ts’o’ok u yantal 157 mil 285 u túul máax ti’ beeta’ab wa ba’ax loobilaj ba’al, wa delito, ichil tuláakal u noj lu’umil México, ts’o’okole’ ti’ le je’elo’obo’ 52 mil 432 u túulale’, ko’olel. U 51 por siientoile’ xiib yéetel 11.5 por siientoile’ ma’ ojéela’an máakalmáaki’.Te’e xaak’alo’ táakbesa’an máakalmáak le deliitoso’ob jach jóok’sa’an u yuumil wa máax ti’ kun beetbil, je’el bix u kíinsa’al máak, u kíinsa’al ko’olel, u yokla’al máak ti’al k’albil, u yoksa’al saajkil ti’ máak, u loobilta’al wíinik, u ko’onal paalal yéetel máak, u beeta’al ba’alo’ob ma’ no’ojan ti’ paalal yéetel tuláakal ba’ax k’askúuntik wa tselik jáalk’ab kuxtal wa u yóol kaaj. 
Chíikpaje’, delitóo ku jach beeta’al ti’ ko’olele’ leti’e’ k’aaba’inta’an beey lesiones dolosas, tumen yanchaj 28 mil 942 u túul ko’olel; tu paache’, lesiones culposas, tu’ux yanchaj 9 mil 689.Ichil enero tak mayo ti’ le ja’ab yaniko’ona’, u mola’ayilo’ob u kaláanta’al kaaj yéetel fíiskaliase’ ts’o’ok u ts’áak u yojéelt SESNSPe’ yaan 344 ko’olel kíinsa’an, ba’ale’ ku chíikpajale’ tu bin u yéemel le jaytúul ku yantal lalaj winal, tumen ka’aj káaje’, tu winalil eneroe’ yanchaj 69 u túul ko’olel kíinsa’abij, ti’al febreroe’ 75, tu winalil marzoe’ 77, abrile’ yanchaj 63 yéetel mayoe’ 60 u túulal.Ichil le beyka’aj ts’o’ok u yáalkab ti’ le 2023a’, ts’o’ok u yila’al Estado de Méxicoe’ leti’e’ tu’ux asab ya’ab kíinsa’an ko’oleli’, tumen k’ucha’an tak 42 u túulali’; tu paache’ ti’ yaan Nuevo León, tu’ux náaka’an 29; Veracruze’ xoka’an 28; Oaxacae’ yaan 26i’ yéetel Ciudad de Méxicoe’, 21.
"
James Webbe’ tu ch’a’aj u yoochel u leelem wóoliso’ob bak’pachtik Saturno ,04/07/2023,"Éespasyal nu’ukul meyajta’an tumen NASAe’ béeychaj u chíikbesik u ka’ap’éel asab nojoch pláanetail yaan ichil nuxi’ ka’ane’, ka’alikil u metaanoil le atmoosferao’ táan u ch’a’ak u sáasil k’iin; te’elo’ ku chíikpajal xan óoxp’éel ti’ le ya’abach ujo’ob yaan ti’ le nukuch eek’o’.
"
"Xibalbanus tulumensis, leti’e’ yáax krustaaseo k’ajóolta’an ku chi’ibal yéetel ku yets’ik k’aak’as ts’aak",05/07/2023,"Chichan u wíinkilal, 2 sentiimetróos u chowakil ba’ale’ Xibalbanus tulumensise’ ma’ sajbe’entsil ti’al wíiniki’, ba’ale’’ ichil le 70 mil u p’éel u jejeláas krustaaseos yane’, chéen leti’ ojéela’an kéen chi’ibanake’ ku jóok’sik toxinas beyxan ensimáas.
Le cha’an ba’alche’a’ suuk u yantal tu Petenil Yucatán yéetel yáax ila’ab ichil jump’éel áaktun tu kaajil Puerto Morelos yéetel Tulum, tu péetlu’umil Quintana Roo, tu ja’abil 1987, ba’ale’ te’e k’inako’obe’ ma’ ojéela’an wa ku chi’ibali’.
Tak tu ja’abil 2013e’, juntúul j-alemán xak’al xook, Bjorn von Reumont, ku meyaj Museo Británico, yéetel jmexikoil Fernando Álvarez, ku meyaj ti’ u mola’ayil Instituto de la Biología de la UNAM, tu kaxto’ob le chan ba’alche’a’ u ch’a’amaj u ch’i’ibal ti’ remipedios baatsil. 
Xibalbanus tulumensis kaja’an tu yéek’jolch’e’enil ts’ono’oto’ob, kex 12 meetróos u taamil; chéen ku béeytal u yila’al tumen máaxo’ob ku bulkubáajo’ob ich ja’, ba’ale’ ma’ táan u beeta’al k’aas ti’ wíiniki’, tumen le beyka’aj ts’aak ku yets’ik kéen chi’ibanake’ ma’ tu chukik ti’al u beetik k’aas.Tu k’amaj u chíimpolalil Récord Guinnesse’ tumen leti’e’ yáax krustaaseo k’ajóolta’an ku chi’ibal.
"
Talamo’ob yanchaj ti’ kaambale’ ma’ jxu’ulo’ob je’el bix ts’o’okik pak’be’en k’oja’an: Ajxak’al xooko’ob,05/07/2023,"Ichil u táayeril Educación en los primeros años de vida, las bases para el futuro, ajxak’al xooko’obe’ tu ts’áajo’ob k’ajóoltbile’ talamo’ob yanchaj úuchik u yantal pak’be’en k’oja’ane’ ma’ jxu’ulo’ob je’el bix úuchik u tse’elel p’iiso’ob jts’a’ab ka’ach yóok’lal le k’oja’ano’.  Máax jo’olbesik meyaj ichil Coordinadora de Educación del Instituto Mexicano para la Competitividad (IMCO), Fernanda Domínguez, tu ts’áaj k’ajóoltbil jayp’éel ba’alo’ob xak’alta’an tumen le mola’ayo’. Tu ya’alaje’, tu noj lu’umil Méxicoe’ láayli’ chíika’an bix úuchik u jaats’ pak’be’en k’oja’an ti’ ba’ax yaan u yil yéetel kaambal, kex tumen ts’o’ok u máan u jach k’aasil le k’oja’ano’.  Tu tsikbaltaje’, yaan 6 miyoonesil paalal yéetel táankelemo’ob ma’ k’uba’ano’ob ti’ najil xooki’; u ya’abil ti’ leti’obe’, leti’e’ mejen paalal unaj u bino’ob préeskolaar, tumen chéen ti’ le jaatsil xooko’, xoka’an 1.48 miyoonesil paalal. Ti’ 100 u túul xoknáalo’ob ku yokol primaaryae’, 92e’ ku béeytal u xokik u séekundarya, 81e’ ku k’uchul tak báachiyeratóo, 39 ku káajsik u líisensiaturáa, ba’ale’ chéen 26 xoknáalo’ob ku béeytal u ts’o’oksik, a’alabij. 
“Xooke’ jach k’a’anan ti’al u béeytal u ketikubáaj yéetel uláak’o’ob, ts’o’okole’ u bejil ti’al u kanik máak u jeel ba’alo’ob k’a’abéet ti’al u kaxtik meyaj. Ti’ le ts’ook kamp’éel ja’abo’ob máanja’ano’oba’, tu péetlu’umil Yucatáne’, ema’an ba’ax k’aaba’inta’an beey kóompetitibidaad; ba’ale’ ma’ jump’éelili’ bix ema’ani’, tumen noojole’ leti’e’ maas jach tu’ux chíika’an ts’o’ok u yéemel, ba’ale’ ti’al u k’éexele’ najmal u ts’aatáanta’al ba’ax táan u yúuchul yéetel poliitikáas publikáas ti’al beyo’ u káajal u táakmuk’ta’al u máakilo’ob noojol tu’ux ka chíikpajak no’ojano’ob ti’al jejeláas ba’al”, tu ya’alaj. Ti’ lajuntúul xoknáalo’obe’, kantúule’ ku p’atik xook tumen ku nákal u yóol ti’, le je’ela’ ku chíikbesik u 38 por siientoil; ts’o’okole’ u 27 por siientoil xoknáalo’obe’ ku p’atiko’ob xook tumen mina’an u taak’inil.Beey túuno’, ichil ba’ax yaan u yil yéetel bix yanik u yóol u xoknáalilo’ob séekundarya yéetel medya súuperiore’ a’alabe’ u 30 por siientoil táankelemo’obe’ ku chi’ichnaktalo’ob kéen jo’op’ok u bino’ob xook, ts’o’okole’ lelo’ ku jelbesik xan bix u na’ato’ob, bix u tuukulo’ob yéetel bix u ch’a’anuktiko’ob k’eexilo’ob, ichil uláak’ ba’alo’ob, le beetik xane’ ma’ jach séeb je’el u t’a’analo’ob meyaje’. 
"
Káaj u wáak’al u k’áak’il wiits Ubinas,05/07/2023,"Le je’ela’ ti’ yaan tu noojolil Perú, ba’ale’ tu taal u píik’il le martes máanika’, ka’aj káaj u wáak’al ts’o’okole’ káaj xan u tuul, ka tu líik’saj ba’al k’uch maanal 5 kiloometróss u ka’analil, yéetel u ta’anile’ k’i’itpaj ti’ iik’ ti’al u yáalkab tu noojolil yéetel tu noojol lak’inil le nuxi’ k’áak’ ba’alo’, beey jts’a’ab k’ajóoltbil tumen Instituto Geofísico del Perú (IGP).
"
Yaan 500 mil u túul táankelemo’ob ku ts’u’uts’iko’ob éelektrooniko chaamal: Ensanut,06/07/2023,"Kex tumen u taasa’al, u ko’onol yéetel u k’i’itbesa’al ma’ cha’aban tu noj lu’umil Méxicoe’, yaan kex 500 mil táankelemo’ob yéetel kex 1.3 miyoonesil nojoch máako’ob k’a’abéetkunsik éelektrooniko chaamal te’e noj lu’umo’, beey chíikpaj ichil u xookil Encuesta Nacional de Salud y Nutrición Continua 2022 (Ensanut), meyajta’an tumen Instituto Nacional de Salud Pública (INSP).Ichil ba’ax chíikpaj ti’ xook beeta’abe’, yaan kex 200 mil u túul xch’úupalal yéetel xlo’obayeno’ob, beyxan 300 mil u túul xi’ipalal ma’ u chuk 18 u ja’abile’, máaxo’ob k’a’abéetkunsik éelektrooniko chaamal yéetel uláak’ ba’ax jóok’sa’an ti’ kuuts’ chokokíinsa’an. Tu ya’alaje’, u ts’u’uts’ik máake’ “nuupul yéetel ya’abach k’oja’anilo’ob tu wíinkilal yéetel tu tuukul, ts’o’okole’ ku mu’uk’ankúunsik xan u yóol máak ti’al u túuntik yéetel u ts’u’uts’ik k’uuts” le beetike’ u ch’a’ak máake’ “sabe’entsil ti’al u toj óolal”.Xookil beeta’abe’ ku ye’esik u noj lu’umil Méxicoe’, mola’ayob meyajtik chaamale’ “tu beeto’ob uláak’ chaamal yéetel jejeláas kaapsuláas” ti’al u aktáantiko’ob a’almajt’aan ts’áak u p’iis chaamal, ba’ale’ le’ túumben ba’alo’ob walkila’, “jach k’ama’an tumen u jmexikoilo’ob ts’u’uts’iko’ob chamal, tumen óoli’ u táanchúumukil ti’ leti’ob k’a’abéetkunsik”.
Ts’o’okole’, ts’o’ok xan u k’éexel bix u meyajta’al yéetel bix u beeta’al chaamal tumen “ts’o’ok u béeykunsa’al u túumbenkúunsa’al -éelektronikóo chaamal yéetel k’uuts chokokíinsa’an-, le beetike’ séeba’an u kóolik táankelemo’ob”, chíikpaji. Ensanut 2022 tu ye’esaje’, nojoch máak k’a’abéetkunsik éelektrooniko chaamale’ k’ucha’an 1.5 po siiento, ba’ale’ ichil máaxo’ob táankelemo’obe’ k’ucha’an tak 2.6 por siiento. Beyxan ku yila’ale’, maas ya’ab u ts’u’uts’a’al tumen xiib, tumen ichil máaxx ts’o’ok 18 u ja’abile’ yaan u 3 por siientoil, yéetel ti’al táankelemo’obe’ 2 por siiento.“Ku tukulta’ale’ ku k’a’abéetkunsa’al tumen táankelemo’ob tumen kex le ba’alo’ob beya’ ku k’a’ayta’al u ti’al nojoch máako’obe’, yaan xaak’alo’ob e’esike’ u guustoil yéetel bix beeta’anile’, ki’ tu chi’ le paalalo’obo’”, ku xo’okol te’e ts’íibo’. Le beetike’, k’a’anan bin u ts’a’abal ojéeltbile’ “je’el u taasik noj talamilo’ob tu kuxtal máak” u k’a’abéetkunsa’al éelektrooniko chaamal tumen “ku nonojchajal u ts’u’uts’a’al kéen maas nojoch máakchajak máak”.
"
Pterosauriose’ xik’náalnajo’ob yóok’ol Australia walkil 107 miyoonesil ja’abo’ob: xaak’al,06/07/2023,"U baakel juntúul pterosaurio kuxlaj kex 107 miyoonesil ja’abo’ob paachile’, kaxta’ab walkil 30 ja’abo’obe’, leti’e’ asab úuchben kaxta’an ti’ le jejeláasil ba’alche’a’ tu lu’umil Australia, beey chíikpaj ti’ túumben xaak’al beeta’ab.
Ba’ax ila’abe’, jts’a’ab k’ajóoltbil tu pikil ju’unil Historical Biology, múul meyajta’ab yéetel Museos de Victoria, tu’ux xak’alta’ab jump’éel u baakel u t’e’et’ le nuxi’ ba’alche’o’, yéetel xan jump’éel u chan baakel u xiik’ kaxta’ab tumen junmúuch’ máako’ob jo’olbesa’ano’ob tumen Tom Rich, máax ku meyaj tu mola’ayil Instituto de Investigación ti’ u kúuchil Museos de Victoria, beyxan tumen Pat Vickers-Rich tu  kúuchil Dinosaur Cove (Victoria, Australia) ti’al u ts’o’okbal u ja’abilo’ob 1980.U múuch’il meyaje’ tu yilaj baako’obe’ u ti’al ka’ach ka’atúul pterosaurios ma’ íigualtako’obi’. U xéet’ baakel t’e’ete’ ti’al ka’ach juntúul pterosaurio maanal ka’ap’éel meetróo kéen u xit u xiik’, yéetel chan baak jóok’sa’al ti’ xiik’e’ u ti’al ka’ach juntúul táankelem pterosaurio, leti’e’ yáax ojéela’an yanchaj Australia.
"
K’aak’as k’iin tu noj lu’umil México yóok’lal loobilajo’ob yóok’ol bej,06/07/2023,"Úuchik u jéentantikubáaj yéetel u jóopol k’áak’ ichil kis buuts’o’ob biinsik kuuche’, yanchaj waxaktúul máak loobilta’an yéetel k’aschaj jejeláas ba’alo’ob, le miércoles máanika’, yóok’ol u bejil México-Querétaro, tu tojil San Juan del Río. Uláak’ jump’éele’ úuch Oaxaca ka’aj lúub kaamyon táan ka’ach u biinsik máak tu’ux yanchaj 29 kimeno’ob yéetel 17 máak loobilta’an. 
"
Baj,07/07/2023,"Ichil tuláakal u jejeláasil baj yaan tu lu’umil Méxicoe’, le ku yantal tu Petenil Yucatán (Orthogeomys hispidus) óol jala’an ti’ u jeelo’obo’ yóok’lal ba’alo’ob je’el bix tu’ux ku yantalo’ob, tumen u ya’abile’, ku béeytal u yila’al Tamaulipas tak Centroamérica. Chéen ba’axe’ ti’al le ku yantalo’ob Yucataáne’, wíinike’ tu kanaj bix u jaantik ti’al u tséentikubáaj.Baje’ u láak’mubáaj yéetel ch’o’ob, ba’ale’ leti’e’ óol “poloktak” yéetel kaja’an yáanl lu’um; ku aaltal tak 500 graamóos yéetel ku p’isik maanal 30 sentimeetróos.
U ch’a’amaj u moots ichil Geomide baatsil. Ichil tuláakal u noj lu’umil Méxicoe’ yaan kex 15 u p’éel u jejeláasil.
Tumen suuk u máan yanal lu’ume’, u tso’otsele’ chéen jump’éelili’ u boonil, le beetike’ maases chéen koobtako’ob wa óol k’aank’antako’ob. Tu neje’ mina’an u tso’otsel ts’o’okole’ chichan, ma’ je’ex u ti’al nukuch ch’o’ob. 
Ma’ jach táaj uts u lúubul ti’ wíiniki’ tumen ku jaantik u paak’áalil kool, ts’o’okole’ ja’ ku yuk’ik’o’obe’ ku ch’a’ako’ob kéen u jaanto’ob u jejeláasil moosto’ob. Ba’ale’ u jaajile’, ma’ ti’ leti’ob yaan u k’aasili’; u ti’al wíinik tumen to’on tluk’saj k’áax tu’ux yaan ka’achij, ts’o’okole’ to’on kts’áak u yo’och ti’al u tséentikubáaj, ba’ale’ kéen ts’o’okoke’ k-k’áat ka luk’uko’obi’”, tu ya’alaj jbiologóo Roberto Rojo, máax beetik jejeláas xaak’alo’ob tu péetlu’umil Yucatán.
"
"Tu najil k’uj Kimeno’obe’, yaan tu lu’umil Italiae’, ku béeytal u cha’antal wíinkilalo’ob tu beel ts’aka’antak",07/07/2023,"Kex tumen ts’o’ok u chan máan k’iino’ob kíimko’obe’, yaan 18 u p’éel wíinkilalo’ob ts’aka’antako’ob jach tu beel, tu kúuchil Chiesa dei Morti, (u najil k’uj Kimeno’ob), yaan tu kaajil Urbania, Italia. Te’elo’ yaan jun jaats k’ajóolta’an beey Cementerio de las Momias, tu’ux líik’sa’ab, tu ja’abil 1833, u wíinkilal le kimen máako’oba’.U xíimbalta’al le kúuchila’, ku béeytal u beeta’al ich 10 minutóos, ka’alikil u tsikbalta’al tumen Giovanni Maestrini, máax xan kaláantik le najil k’ujo’, yóok’lal máax ti’alintik ka’ach le wíinkilalo’obo’.Ichilo’obe’ ti’ yaan u wíinkilal juntúul xlo’bayen chúupal máax yaan ti’ ka’ach siindormée de Down, beyxan juntúul ko’olel jkíim ka’alikil táan u yantal u chaam paalil yéetel juntúul máak kuxa’an ka’aj mu’ukij.
U najil k’uj Kimeno’obe’ yanchaj yóok’lal Cofradía de la Buena Muerte, junmúuch’il áantaj tu’ux táakpaj 120 u túul máako’ob, máaxo’ob, ti’al u ja’abil 1567e’ tu jets’aj u káajsik u meyajtiko’ob jejeláas ba’al yaan u yil yéetel u mu’ukul kimeno’ob, beyxan u yáantiko’ob máak mina’an u taanaj, u jatsiko’ob áantaj ku ts’a’abal ti’al óotsil máako’ob, yéetel u beetiko’ob u tsolts’íibil máaxo’ob ku kíimilo’ob te’e noj kaajo’.Tu jo’oloj máanak molbil wíinkilalo’ob jach ts’aka’antak tu beel yóok’lal u kuuxumil Hipha bombicina pers, u múuch’il máako’obe’ tu jets’o’ob ti’al u ja’abil 1831e’ u beetiko’ob u jaatsil najil k’uj tu’ux ku líiksa’al wíinkilalo’ob, yéetel tu’ux ku ts’a’abal e’esbil.Beey túuno’, kuuxume’ ma’ táan u cha’ik u ts’úukul mix u tu’ubtal wíinkilalo’ob, le beetik jach tu beel ts’aka’antako’ob. U kúuchil Cementerio de las Momias ti’ yaan ti’ jump’éel u tséelikilo’ob U najil k’uj Kimeno’ob, le beetike’ láayli’ yaan xan boono’ob yéetel kili’ich wooj wíinkilalo’ob k’a’anantak ti’al u kajnáalilo’ob Urbania. 
"
"K’a’ayta’ab u beeta’al U Cha’anil u Jejeláasil Guustos ti’ u lu’umil Yucatán, u ka’atéenil u yantal te’e lu’umo’",10/07/2023,"Te’e k’iino’ob jmáana’ k’a’ayta’ab Segunda Edición del Festival Sabores de Yucatán, yaan u beeta’al ichil u k’iinil 16 tak 20 ti’ noviembre ti’ le noj lu’umo’. Michelle Fridman Hirsch, máax jo’olbesik Secretaría de Fomento Turístico (Sefotur) tu lu’umil Yucatán, tu ya’alaj te’e ja’aba’ yaan u beeta’al kamp’éel noj ebeentóos chéen ti’ jump’éel, tumen ti’ le meyaj k’a’ayta’abo’, táakbesa’an xan Barra México, Concurso Mundial de Bruselas —yáax juntéen u beeta’al ti’ jump’éel péetlu’um tu’ux ma’ tu meyata’al binóo—, Best Chefs Awards —yáax juntéen u beeta’al táanxel tu’ux ti’  Europa—, yéetel le ku kaxta’al u ye’esa’al ba’ax mixolojyáa yéetel biinóos.Tu k’a’ajsa’aje’, ka’aj yáax beeta’ab u cha’anil Festival de Sabores de Yucatán k’ama’ab maanal 12 mil u túul máak, 58 próoduktorées, yanchaj 19 táayeres yéetel 10 u p’éel tsikbalo’ob beyxan tse’eko’ob. 
Te’e súutuk beeta’ab le k’a’aytajilo’, tsikbalta’ab xan uláak’ ba’alo’ob yóok’lal kaajo’ob túumben chíimpolta’anob beey Pueblos Mágicos, tu’ux yaan Espita, Motul yéetel Tekax; tu ya’alaje’ u k’aaba’inta’alob beyo’ ku taasik uláak’ ba’alo’ob je’el bix wu’ulabo’ob, ba’ale’ beyxan u yantal u beeta’al u jeel meyajo’ob wa nu’ubkesajo’ob. Baudoin Havaux, máax jo’olbesik u keetil Concurso Mundial de Bruselas, tu ya’alaje’ u tuukulil le meyaja’, leti’ u kaláanta’al ka ts’aatáanta’ak u túunta’al u jach ma’alobil biinóo, ti’al xan u bin u k’ajóolta’al uláak’ ba’alo’ob yóok’lal.Tu ya’alaje’, yéeya’ab Yucatán ti’al u beeta’al tumen k’a’abéet ka yanak máako’ob u kan u túunt le ba’alo’oba’.  U 90 por sientoil biinóo ku yu’uk’ule’ ku beeta’al kéen janak máak, ts’o’okole’ lela’, yáax juntéen u beeta’al ichil cha’an tu’ux ku ch’a’abal janal beey u nooyil.Carlos Borboa, máax jo’olbesik u jaatsil Latinoamérica y Norteamérica ti’ le keetilo’ , tu ya’alaje’ Concurso Mundial de Bruselas “chéen u t’aanil ti’al u k’ajóolta’al le noj lu’umo’”.
"
"''U kúuchil u ts’a’akal'' ts’unu’une’ ku kaláantik le chan ch’íich’ wa loobilta’ane’, ts’o’oke’ ku cha’ak’abtik, tu kaajil CDMX",10/07/2023,"Tu yotoche’ ku kóojol ts’unu’un, yaan k’iine’ loobilta’an wa óol talam yanik ikil u k’askúunta’al tu’ux ku yantalo’ob; ku ts’a’akal yéetel ku ka’a líik’sa’alo’ob tumen Catia yéetel tumen Cecilia, máax áantik tu yotoch. Ku ch’a’ak’abta’al ts’unu’un tak kéen u yilo’ob ku yutstal u xik’nal tu juunal. Ba’ale’, te’e najo’ ku k’uchul uláak’ ch’íich’o’ob ma’ tu béeytal u xik’nalo’ob. U ti’alo’obe’, Catiae’ tu ts’áaj jump’éel kúuchil ti’al u yantalo’ob yéetel ti’al u yáantiko’ob le beyka’aj ku páajtal tak kéen kíimiko’ob.Catia ku tiskbaltike’ káaj u kaláantik ts’unu’un ka’ach jach táan oka’an tu wíinkilal u k’oja’anil ts’unu’us; leti’ ku máan u k’iin ka’aj k’uch Gucci, juntúul u mejenil ts’unu’un kaxta’ab yóok’ol bej tumen juntúul ko’olel, ba’ale’ jujump’íitil úuchik u na’atik ba’ax unaj u beetik ti’al u kaláantiko’ob.Kex ma’ u yojel mix ba’al yóok’lal ts’unu’une’, tu t’anaj juntúul u áamigo béeterinaaryóo ti’al u tso’olol ti’ ba’ax k’a’abéet ti’al u yáantik, beyxan ba’ax ts’aako’ob k’a’abéet ti’, u yo’och yéetel u jeel ba’alo’ob.
"
Ts’o’ok u k’ujsa’al tak tu kaajil Cancún uláak’ óoxp’éel u kóokotsaj Tren Maya,10/07/2023,"Yéetel le jejeláas ba’ax taasa’ab le sábado máaniko’, yaan u chúukbesa’al u yáax jaatsil tsíimin k’áak’ táan u meyajta’al.
"
UNAMe’ tu beetaj u jejeláasil k’an ixi’im ti’al ma’ u k’a’abéetkunsa’al le jelbesa’ano’obo’,11/07/2023,"Kex tumen k’an ixi’ime’ ma’ jach leti’e’ asab ya’ab u k’a’abéetkunsa’al tu noj lu’umil Méxicoe’, ya’ab u k’a’abéetkunsa’al, le beetike’ ku yantal u k’áata’al manbil ti’ uláak’ lu’umo’ob, ba’ale’ yaan k’iine’ leti’e’ jelbesa’antak ku beeta’al Estados Unidos. Ti’al túun u ts’aatáanta’al le je’ela’, u ajxak’al xookilo’ob UNAMe’ tu patjo’olob óoxp’éel u túumben jejeláasil ixi’im ts’o’ok u káajal u ko’onol.X-xak’al xooko’ob Margarita Tadeo Robledo yéetel Consuelo López López tu beeto’ob ixi’im tu k’aaba’into’ob: Kuautli Puma, Mistli Puma yéetel Coztli Puma, ti’al u yila’al ma’ u yantal u ma’anal ti’ uláak’ lu’umo’ob, ba’ale’ ti’al ma’ xan u xóot’ol u k’a’abéetkunsa’al ixi’im jelbesa’antak, tumen lelo’ ku beetik k’aas ti’ u toj óolal wíinik.Ixi’im beeta’ab tumen x-xak’al xookilo’ob UNAMe’ ts’o’ok u ts’a’abal u rejiistróo yéetel u liseensyail ti’al u ko’onol, le beetike’ ku béeytal u k’a’abéetkunsa’al tumen máaxo’ob meyajtik kool.  
“Nonoj u pa’ak’al tu noj lu’umil México sak ixi’im ti’al u beeta’al waaj, ba’ale’ k’an ixi’ime’ ya’ab u ma’anal ti’ táanxel lu’umo’ob, ti’al u tséenta’al ba’alche’ob, ts’o’okole’ ku k’a’abéetklunsa’al ti’al jaantbil tumen wíinik, kex tumen ma’ jach paatali’. Le beetik k’a’anan ba’ax táan u meyajta’al tumen le noj najil xooka’, tumen ya’abach máak je’el u k’exik ba’ax ku meyaj ti’”, tu tsikbaltaj Margarita Tadeo Robledo, u x-xak’al xookil Facultad de Estudios Superiores Cuautitlán (FES-C) yéetel máax jo’olbesik u nu’ukbesajil ti’al u yutsil meyajta’al u ch’i’ibal ixi’im.I’inaj beeta’abe’, ku béeytal u pa’ak’al ti’ jejeláas k’áaxo’ob ti’ u noj lu’umil Mëxico, ti’al u yantal kex 17 miyoonesil tóoneladáas k’a’abéet ti’ kaaj, tumen leti’e’ beyka’aj k’an ixi’im ku k’áata’al tu noj lu’umil México. Tumen ti’ jump’éel ja’abe’ ku k’a’abéetkunsa’al 20 miyoonesil tóoneladáas, ba’ale’ chéen 3.3 miyoonesil tóoneladáas ku beeta’al.Ti’ le beyka’ajo’, u 95 por siientoile’ ku ma’anal Estados Unidos, tu’ux ku pa’ak’al xi’im jelbesa’an, ts’o’okole’ lelo’ ku beetik k’aas ti’ u toj óolal wíinik, ti’ lu’um yéetel ku k’askúuntik xan u yixi’imal u noj lu’umil México.  
"
Méxicoe’ tu náajaltaj ketlam ti’al u béeytal u k’aaba’intik jump’éel eek’ yéetel uláak’o’ob bak’pachtik ich zoque t’aan,11/07/2023,"Ka’ap’éel t’aan ich zoque t’aan: Matza yéetel Najsakopajk, leti’e’ túumben k’aaba’ jts’a’ab ti’ jump’éel eek’ yéetel jump’éel éexoplanetáa yaan ti’ u ka’anil Centauro, tumen u noj lu’umil Méxicoe’ béeychaj u máan tu jach táanil ichil jump’éel ketlam beeta’aab yéetel uláak’ táanxel lu’umo’ob, ti’al u yéeya’al ba’ax k’aaba’il kun ts’a’abil ti’ le eek’o’oba’. U múuch’kabil Unión Astronómica Internacional (IAU, yóok’lal bix u k’aaba’ ich inglés t’aane’) tu k’a’aytaj máaxo’ob náajalt u cha’abal u ts’áako’ob u k’aaba’ 20 u p’éel eek’o’ob yéetel le uláak’ bak’pactiko’obo’.
Ti’ le 91 u p’éel noj lu’umo’ob táakpaje’, Méxicoe’ béeychaj u náajali’, le beetike’ leti’ ts’áaj u k’aaba’ jump’éel eek’ yaan tu ka’anil Centauro, yéetel uláak’ bak’pachtik. Beey túuno’, walkila’ te’e ka’ano’, táan u jojopáankil Matza, u k’áat u ya’al eek’ ich zoque t’aan, yéetel Najsakopajk, u k’áat u ya’al Madre Tierra. Ichil ba’ax jts’a’ab k’ajóoltbil tumen IAU, u k’aaba’ le t’aano’ob ku yu’ubal tu kaajil Chiapase’, yaan ba’al u yil yéetel u yutsil yantal ba’al, ich jets’ óolal yéetel ki’iki’ óol, beyxan yéetel bix u na’atal kuxtal tumen le miatsilo’. 
"
Búulkabile’ táan u p’atik ''ich sahbe’entsil kuxtal'' Nueva York ,11/07/2023,"U xaman-lak’inil Estados Unidose’ táan u xak’altik, le lunes máanika’, ba’ax seen k’aschaj yóok’lal le seen k’a’amkach cháak k’áax le domingoa’. Yanchaj kúuchilo’ob jats’a’abo’ob tumen yéetel kíim kex juntúul máaki’.
"
"Yóok’lal noj meyaj ku beeta’ale’, jáalk’abta’ab kex 2 miyoonesil áastronoomikóo ba’alo’ob",12/07/2023,"Te’e k’iino’oba’, máaxo’ob beetik jejeláas sientiifikoil meyajo’obe’ yaan u béeytal u xak’altiko’ob ba’ax much’a’ab ichil u ja’abil 2020 yéetel 2021 tumen ba’ax k’aab’ainta’an beey Instrumento Espectroscópico de Energía Oscura (DESI, yóok’lal bix u k’aaba’ ich inglés t’aan), jump’éel nu’ukbesaj ku beeta’al tumen jejeláas noj lu’umo’ob, tu’ux ku táakpajal u ajxak’al xookilo’ob Universidad Nacional Autónoma de México (UNAM), yéetel le ku béeytal xan u k’ajóolta’ab jejeláas ba’alo’ob yóok’lal óoli’ 2 miyoonesil áastronoomikóo ba’alo’ob.“U cha’ak’abta’al le daatoso’, noj xáak’ab ba’ale’ kéen ts’o’okok u beeta’al xaak’al ku meyajta’ale’ yaan u jelbesik bix u na’ata’al éenerjiyáa oskuuráa”, tu ya’alaj Mariana Vargas Magaña, u x-xak’al xookil Instituto de Física (IF).
Je’el bix u bin u jáayal u ka’anil yóok’ol kaabe’, u kóochil sáasil ku jóok’ol tumen galaxiase’ láayli’ u bin u nojochtal xan; le ke’ela’ k’ajóolta’an beey corrimiento al rojo. U meyaj DESIe’ leti’ u much’láantik ba’ax ku bin u yojéelta’al ti’ miyoonesil galaxias, ts’o’okole’ ku béeytal u k’a’abéetkunsa’al ti’al u k’as na’ata’al jayp’éel k’a’anan ba’alob ma’ ojéelta’ani’, je’el bix éenerjiyáa oskuurá.Le beetike’, ti’al u meyajta’ale’ k’a’abéetkunsa’ab 5 mil u p’éel fiibráas ooptikáas, jach táaj p’aayachil tsola’ab yéetel m5 mil roboto’ob, yéetel le kaxta’ab u séeba’an mu’uch’ul u sáasil galaaxias maas jach táaj náach yaniko’ob. 
Kéen ila’ak jach ma’alob yanik ba’al ti’al u meyaje’, ku béeytal u ch’a’abal tak 5 mil jejeláas oochelo’ob, ts’o’okole’ k’a’abéet u xáantal kex 20 minutóos, le beetike’ ts’o’ok u béeytal u beeta’al jump’éel maapáa 3D tu’ux yaan 700 mil u p’éel nu’ukulo’ob, ba’ale’ lelo’ chéen ku ye’esik uno por siientoil ti’ le beyka’aj kun xak’altbil yéetel le nu’ukulo’.
"
"Formal pay wakax Yucatáne’ óol jelekbal, ba’ale’ ma’ cha’an ku beeta’al ti’ kaajo’obi’: El Chamaco Balam",12/07/2023,"Leonardo Páez
“K’áaxil ba’al ka wa’alal –tu ts’íibtaj Jaime Sabines– tumen chéen k’ajóolta’an tu’ux yaan jats’uts paak’áalo’obi’, ma’ k’áaxi’”. Ts’o’okole’ beey, ku tukulta’ale’ ti’al u beetik máak u jpay wakaxil, wa torero, k’a’abéet a yáax ila’al beey juntúule’, je’el bix tukulta’ab tumen Rodolfo Gaona, máax jach k’ajóolta’ab ichil u yits’atil wakax, chéen ba’axe’ ma’ jach beey u yúuchul yéetel jyukatekoil pay wakax (Valladolid, 1973) Víctor Balam, pata’an u k’aaba’ beey El Chamaco. 14 u ja’abil ka’aj káaj u wa’atal tu táan wakax, ti’ cha’ano’ob úuch káajak u beeta’al tu péetlu’umilo’ob Yucatán, Campeche yéetel Quintana Roo. “Kin t’a’anal xan ti’al u bin paay tak Tabasco yéetel Oaxaca”, ku ya’alik yéetel ki’imak óolal.Ku ya’alike’, ku béeytal u much’ik máak cha’an tu jo’oloj 34 ja’abo’ob káajak u máan jpaay -yéetel 20 jach je’ex le máax cho’obakúunsik jpaay- tumen yaan máax jach uts tu yich u cha’antik, bix u payik wakax kéen okok yiknal, tumen leti’e’ oka’an tu pool jpay wakax u beelal. Chéen jump’éel meetróo yétel 55 sentiimetróos u ka’analil. Ku búukintik u cháalekoil jpay waxak, ba’ale’ kéen paaynake’ ku pitik tumen jach ooxol u yu’ubik. Chamacoe’ ku t’a’anal jpaay tumen jo’olpóopo’ob, ba’ale’ beyxan tumen u yuumilo’ob mola’ay yéetel tak tumen jk’iino’ob, ti’al u noj ba’alkúunsa’al cha’an ku beeta’al te’e kaajo’obo’. K’ucha’an ruedóo tak yóok’ol káalesáa, beyxan ti’ limuusináa, xíimbalil wa ti’ tsíimin; leti’e’ chéen u k’áat u ye’es jats’uts cha’an, tumen máax cha’antike’ uts tu yich.Ti’ cha’an ku beeta’al te’e kaajo’obo’, ku táakpajal ya’abach máaki’; yaane’ ku beetik u táabladóo, uláak’o’obe’ ku bo’olo’ob ti’al u yoksa’al wakax tumen promesáa, ichil uláak’ ba’alo’ob. Yaan k’iine’ u cha’anta’al kóorridae’ ku ts’o’okol tak chúumuk áak’ab. Ku k’a’aytal kex 12 wa 14 u túul wakaxo’ob, ba’ale’ jujump’íitil u bin u k’uchul u jeelo’ob tak kéen náakak 60 u túulal. Ma’atech u kíinsa’alo’ob, tumen ku máano’ob le’ebil tumen máaxo’ob nat’ik tsíimik, chéen tumen uts tu yich u beetiko’ob.Líik’en yéetel uláak’ paalal tu yóotajo’ob ka’ach u kano’ob pay wakax, ba’ale’ ku náakal u yóolo’ob tumen ma’ tu tsa’ayalo’ob kéen u yilo’ob u talamil ti’al u beeta’al. Mix bik’in in tu’ubs Mariano Canto, juntúul jpay wakax ts’o’ok u ch’íijil, ka tu tokubáaj ti’ u k’óoch juntúul cebú 500 kilóos u aalil yéetel u jach utsul paayil. Le je’elo’ tu jach péeksaj in wóol, yéetel leti’ beet in jet’sik leti’ taak xan in kanik in beetej. Ka’aj káajene’ chéen ti’al in chupik cha’an, ts’o’okole’ káaj in wokol tu jeel uláak’o’ob, tak ka’aj káaj in k’ajóolta’al yéetel in kanik bix in payik ts’íiktak wakax. Tak walkila’, ts’o’ok 11 u téenal in k’óocha’al yéetel jo’otéen ts’o’ok u káachal in baak; yaane’ maanal jump’éel ja’ab táan in wutstal ti’. U pa’ayal wakax de formal tu  lu’umil Yucatáne’ óol jelekbal, ba’ale’ ma’ cha’an ku beeta’al ti’ kaajo’obi’, tumen le je’elo’ mix máak je’elsik, tu ts’ook a’alaj El Chamaco Balam.
"
Méxicoe’ tu náajaltaj oro ichil u keetil Olimpiada Internacional de Matemáticas,12/07/2023,"U jo’otéenil u táakapajl noj lu’um ti’ le keetilo’, tu’ux tu béeykunsaj xan uláak’ óoxp’éel medaayasil plaatáa yéetel ka’ap’éel broonsée. U k’aaba’ máaxo’ob náajltej leti’ le je’elo’oba’: Rogelio Guerrero Reyes, Aguascalientes; Omar Farid, Guerrero; Víctor Bernal, Sinaloa; Eric Ransom, Nuevo León; Luis Martínez, Nuevo León yéetel Mateo, Ciudad de México.
"
Junoe’ táan u kaxtik u chukik u juul sáasil Júpiter  ,13/07/2023,"Ti’ jump’éel u jach ka’anal moson yaan tu polo noorteil Júpitere’, béeychaj u yila’al tumen u misyonil Juno, ts’a’aban meyaj tumen NASAe’, u sáasil u jaats’ cháak.Wey Yóok’ol Kaabe’, jaats’e’ ku síijil ti’ u múuyalilo’ob cháak, ts’o’okole’ mantats’ u yila’alo’ob naats’ ti’ le éekuadoro’, ba’ale’ ku tukulta’ale’ jaats’ ku yila’al Júpitere’ láayli’ u taal ti’ múuyalo’ob, ba’ale’ le je’elo’obo’ chuup yéetel áaminiakóo beyxan ja’, yéetel mantats’ u yila’al naats’ ti’ u poolosil le noj lu’umo’.Ti’ le winal ku taalo’oba’, u oorbitasil Junoe’ yaan u babal máansik naats’ Júpiter, kéen máanak naabée espaasyial yóok’ol u yáak’abil le nukuch pláanetao’, le beetike’ je’elili’ u yantal uláak’ u páajtalil u ch’a’abal u yoochel kéen jaats’nak ka’an tumen u sientiifikoil nu’ukulo’ob yéetel le ku meyaj Juno, a’alab tumen NASA.
Beey túuno’, Junoe’ tu ch’a’aj u yoochel ka’aj náats’ Júpiter ti’al u k’iinil 30 ti’ diciembre ti’ u ja’abil 2020. Tu ja’abil 2022, jsientiifikoil Kevin M. Gill tu meyajtaj oochel jch’a’ab tumen nu’ukul k’aaba’inta’an beey JunoCam na’aksa’an ti’ jump’éel naabée espasyial. Tu súutukil ka’aj ch’a’ab oochele’, Junoe’ ti’ yaan kex 32 mil kiloometróos yóok’ol u múuyalilo’ob Júpiter. 
"
"Ichil lajuntúul maanal 53 u ja’abile’, óoxtúul ku máansik talamil ti’al u manik ts’aay yéetel janal: Inegi",13/07/2023,"Clara Zepeda
Tu noj lu’umil Méxicoe’, ichil lajuntúul máak 53 u ja’abil wa maanal ti’e’, óoxtúule’ tu máansaj talamil yaan ba’al u yil yéetel taak’in, yóok’lal u pak’be’en k’oja’anil Covid- 19, beey úuchik u chíikpajal ichil u xookil Encuesta Nacional sobre Salud y Envejecimiento en México (Enasem) 2021.Ichil ba’ax chíikpaj ti’ xook beeta’ab tu waktéenil tumen Instituto Nacional de Estadística y Geografía (Inegi) yéetel Universidad de Texas Medical Branch, talamilo’ob yanchaj ti’ 25.9 miyoonesil máako’ob yaan 53 u ja’abil, wa maanal ti’e’, yanchaj tumen mina’anchaj u taak’inil u maniko’ob ts’aak, úuchik u chíikpajal 54.3 por siientoil ti’ tuláakal talamo’ob ila’abij, ka’akil le yaan ba’al u yil ti’al u ma’anal janale’, chíikpaj 54.2 por siiento.Pak’be’en k’oja’ane’ tu beetaj u yantal u jejeláasil talamo’ob yaan ba’al u yil yéetel taak’in, je’el bix u manik máak ts’aak, u manik u yo’och, u beetik bo’olob, ichil uláak’ ba’alo’ob.
Xooke’ tu ye’esaj yaan 2.9 miyoonesil nojoch máak, yaan u ja’abil je’ex le máaxo’ob k’áatchibta’abo’obo’ (15.8 por siiento) ma’ jbini’ wa tu xánachaj tak ka’aj bin tu siitáa, tumen ma’ béeychaj u jóok’sik jump’éel siitai’, (80.9 por siiento); tumen tu tukultaje’ talam wa yaj ku yu’ubike’ je’el u páa’taje’ (12.3 por siiento), wa ma’ tu chúukpajal u tojol ti’ (3.1 por siiento).“Ojéela’an bajux ku xu’upul ti’ ba’ax k’aaba’inta’an beey gasto de bolsillo, lela’ leti’e’ kéen yanak u bo’ota’al jejeláas ba’ax k’a’abéet ti’al u toj óolal jump’éel baatsil, je’el bix ti’al u bo’ota’al kóonsultáa wa u bin máak yiknal ts’akyaj yano’ob ti’ farmaasyáas. K’áatchi’ beeta’abe’ ma’ tu xak’altaj ba’alo’ob yaan ba’al u yil yéetel beyka’aj taak’in ku xu’upuli’, ba’ale’ ku béeytal u nupa’al yéetel u xuupil gasto de bolsillo. Ti’ le máaxo’ob ma’ béeychaj u jóok’sik u siitaobe’, míin yanchaj u bo’otiko’ob kóonsultáa ti’ pribaadó najil ts’akyaj, wa leti’e’ 3 por sientoil mina’anchaj taak’in ti’al u beetik u gastoil bolsillo tumen ma’ yanchaj u taak’inili’, tu ya’alaj Mauricio Rodríguez”, máax jo’olbesik u jaats meyajil estadísticas sociodemográficas ti’ u mola’ayil Inegi.Ichil ba’ax chíikbesa’ab tumen Enaseme’, kaaj ku meyaj yéetel náajaltik taak’ine’ ku chukik 27.5 por siento ko’olel yéetel xiibe’ 65.7 por siento. Ti’ le 25.9 miyoonesil máaxo’ob yaan  53 u ja’abil wa maanal ti’, tu noj lu’umil Méxicoe’, 14.1 myoonese’ ko’olel yéetel 11.8 miyoonese’ xiib.
"
Kíim jts’íib Milan Kundera; 94 u ja’abil ka’achij ,13/07/2023,"Jchecoil ts’íibe’, máax k’ama’ab xan beey francés kajnáale’, k’ajóolta’ab yóok’lal u chowak ts’íibilo’ob La broma yéetel La insoportable levedad del ser. U meyaje’ mantats’ ch’a’achibta’ab ti’al u chíimpolta’al beey Premio Nobel de Literatura, ba’ale’ leti’e’ mix juntéen tu éejentaj, k’a’ayta’ab tumen kúuchil k’a’aytik péektsil Ceska televize.
"
Juntúul jch’a’a oochele’ tu tsikbaltaj bix úuchik u béeytal u cha’antik juntúul ketsal tu lu’umil Chiapas,14/07/2023,"Erik Ruiz, juntúul máak ku ch’a’ak oochelo’obe’, xáanchaj maanal kamp’éel k’iin táan u xíimbaltik u k’áaxilo’ob Chiapas, ti’al u béeytal u ch’a’ak u yoochel juntúul ketsal; jach ta’aytak u luk’ul te’elo’ ka’aj béeychaj u beetik.Leti’e’ tu tsikbaltaje’, tu máansaj ya’abach ba’alo’ob ka’aj k’uch tu péetlu’umil Chiapas, tumen yanchaj u náachtal ti’ u xíimbal, yéetel ma’ jach páatchaj u jach wenel tu beel, ts’o’okole’ jach ooxol te’e k’iinako’obe’.Ichil ba’ax tu ya’alaj jch’a’a oochele’, jach ma’ tu tuklaj wa je’el u béeytal u yilik le ch’íich’o’ tumen kex jo’op’éel oorasil náach yaan ti’ k’áax tu’ux ku xik’nal, chéen ba’axe’ u kúuchil u jáayal péepen k’áak’e’ ti’ yaan kex óoxp’éel ooras náach ti’ le tu’ux ku yantalo’; kex beyo’, tu ts’ook súutukile’, juntúul ketsal jnáats’ te’e tu’ux táan ka’ach u xíimbal múuch’ yéetel le ku máano’.
“Tin óol náachkunsimbáaj ti’ le múuch’o’, chéen ka tin wu’uyaj u ya’alal “¡táan u taal le ketsalo’!’. In k’aabo’obe’ káaj u kikiuláantik, ka’aj náats’en yiknalo’ob ba’ale’ mix ba’al tin wilaj, mix ba’al tin wu’uyaj; tin paakat ti’ tuláakal in bak’pachil, ba’ale’ mix máak ilik. Máax beelkunso’one’, náats’ tak tu’ux yaan le che’obo’ ka tu ya’alaj ‘¡je’el yaan te’elo’!’, ka’aj káaj u kikiláankil in wook. Séebchaj in ch’a’ak in wiik’, yéetel tin k’abe’ óoli’ beey káaj u na’akal mejen síinik. Tu ts’u’ k’áax, óol k’as náach ti’ to’on, ma’ jach chíika’ani’”, tu tsikbaltaj Erik.
Jach ma’ xáanchaje’, ka’aj náats’ ketsal tak tu’ux yaan leti’. Ruize’ tu ya’alaje’ u béeytal u ch’a’ak le oochelo’oba’, óol je’ex bix ka’aj béeychaj u ch’a’ak u yoochel k’áak’ wiits, wa ka’aj béeychaj u cha’antik u ki’ichkelem sáasilo’ob ka’an.
“T’úuch’ tin táan, tak ilekbáaj, mix táan ka’ach u béeytal in líik’sik in kaamaráa, mix taak ka’ach in péeki’, ma’ in k’áat ka xi’iki’, ka tak ka’a paktekbáaj, ti’ lelo’, béeychaj in ch’úuyik in kaamaráa; jach táan utschaj tin wich, ki’ichkelem ba’al, je’el bix ka tin wilaj u wáak’al k’áak’il wiits. K’áal in kaal, ka je’el yóok’ol kaab”, tu ts’íibtaj Erik.
"
K’i’ix am,14/07/2023,"Micrathena sexpinosa u sientifiikoil k’aaba’ chan am óol suuk u yila’al yéetel ma’ tu chi’ibal (je’el bix u ya’abil), chéen ba’axe’ je’el u beetik u sajaktal máak yóok’lal u boonil yéetel u k’i’ixel, ba’ale’ k’a’anan yéetel uts ti’al wíinik tumen ku chikik xya’axkacho’ob, bexyan k’oxolo’ob, ichil uláak’o’ob, beey tu ts’áaj k’ajóoltbil César Raciel Lucio Palacio, jteeknikóo áakademikóo ti’ u najil xook Colegio de la Frontera Sur unidad Chetumal.Tu ya’alaje’ le chan ama ku yila’al ti’ óoli’ tuláakal u noj lu’umil México, je’el bix xan áamerikanoil kóontinentée, Estados Unidos tak Brasil.Tu lu’umil Méxicoe’ yaan kex 18 wa 19 u jejeláasil am ti’ u jaatsil Micrathena, kex yaan uláak’o’ob óol beyo’ob yaan xan u k’i’ixel tu nak’.
"
Béeychaj u na’ata’al jump’íit bix u p’éelilchajal xloot boox joolo’ob ti’ galaxyáas je’el bix le tu’ux yano’ona’,17/07/2023,"Junmúuch’ ajxak’al xooko’ob ti’ u noj najil xook Universidad de Ginebra (UNIGE), tu noj lu’umil Suiza, beyxan Northwestern University yéetel Universidad de Florida, tu noj lu’umil Estados Unidos, tu sáasilkunsajo’ob yéetel u nu’ukulilo’ob síimulasyoone’, bix u xa’akpajal boox joolo’ob ti’ galaaxyáas je’el bix Vía Láctea, ts’o’okole’ tu k’as ts’áaj na’atbil óoli’ bix úuchik u yantal, beey jts’a’ab k’ajóoltbil tu pikil ju’unil Nature Astronomy. 
Boox jo’olobe’ jach mu’uk’a’an u kóoliko’ob ba’al, mix sáasil ku béeytal u púuts’ul ti’ob Beey túuno’, tu ja’abil 2015 ka’aj yáax ila’ab ondas gravitacionales, je’epaj uláak’ joolnajo’ob ti’al u na’ata’al bix yanik úunibersóo.
Yóok’lal túumben ba’ax ts’o’ok u yantal ti’ koodigóo POSYDON ti’ u síimulaasyóonil xloot eek’o’obe’, ajxak’al xooko’obe’ ts’o’ok u yáax a’aliko’ob yaan xan xloot boox joolo’ob kex 30 téenal u nojochil k’iin, ti’ uláak’ galaxyáas je’el bix Vía Láctea, ts’o’okole’ lelo’ ku óol k’áat t’antik uláak’ tuukulo’ob ts’o’okili’ u yáax je’ets’el yóok’lal.
U boox joolilo’ob masa estelare’, nu’ukulo’ob ku jóok’ol kéen báanak eek’o’ob yaan kex siien veces u nojochilo’ob je’ex K’iin k-ilik to’on. Ts’o’okole’, u kampóoil gráabitatoryoe’ jach mu’uk’a’an yanik, le beetike’ mix materyáa mix ráadiasyoon ku páajtal u puuts’ul ti’, le óok’lal jach talam u yila’al. Le beetike’, ka’aj ila’ab tumen Observatorio de Ondas Gravitacionales del Interferómetro Láser (LIGO), tu ja’abil 2015, le mejen wóowol ba’al yaan espaciotiempo beeta’an u yantal ikil u p’éelilchajal ka’ap’éel boox joolo’ob, k’a’anan ti’al u na’atal uláak’ ba’al.
Ichil ba’ax a’alab tumen áastrofiisikose’, le ka’ap’éel boox jo’olo’ob tu p’éelilkunsubajo’ob tu ts’áajo’ob u chíikul yaan kex 30 u téenal u wíinkilal k’iine’, yéetel u náachilo’obe’ kex mil 500 miyoonesil ja’abo’ob sáasil.
“Beey ma’ tu béeytal u yila’al jach jumpuul bix u yantal le xloot boox joolo’obo’ kéen p’éelilchajako’obe’, k’a’abéet túun u beeta’al síimulasyoones ti’al u beeta’al óoli’ bix u yúuchul ba’al tu’ux ka béeyak u yila’al bix yanik. Le beetik túune’, beeta’ab u síimulasyoonil xan xloot eek’o’ob kéen síijiko’ob, tak kéen yanak túun le xloot boox joolo’obo’”, tu tsolaj explica Simone Bavera, u x-xak’al xookil Departamento de Astronomía ti’ u noj najil xook Facultad de Ciencias, UNIGE yéetel máax jo’olbesik xaak’al xook beeta’abij.  
"
U noj lu’umil Yucatáne tu k’ubaj u yáax ju’unil k’aaba’ ts’íibta’an ich maaya t’aan,17/07/2023,"Yucatáne’ ts’o’ok u k’ubik yáax aaktáasil náasimientóo ts’íibta’an ich maayat’aan ti’ kajnáalo’ob náach yaniko’ob ti’ noj kaaj. Le je’ela’ noj xáak’ab ti’al u táakmuk’ta’al u miatsil máasewal kaajo’ob tu noj lu’umil México.
Walkila’, u mola’ayil Registro Civil ti’ u lu’umil Yucatáne’ ku k’ubik le ju’una’, ich káastelan yéetel maaya t’aan, ba’ale’ ti’al u béeytale’ leti’e’ jk’iino’ob ku yáantajo’ob ti’al u beeta’al le sutt’aano’.
“Káaj k-k’ubik u ju’unil u k’aaba’ máak ich máasewal t’aano’ob, ti’ kaajo’ob tu’ux tak ilaj, yéetel jetes’a’an tumen Instituto Nacional de Estadística y Geografía (Inegi), yaan máaxo’ob t’anik maaya”, tu tsikbaltaj máax jo’olbesik Registro Civil ti’ u péetlu’umil Yucatán, Juan de Dios Collí Pinto.
Leti’e’ tu ya’alaje’, ” tu kaajil Chikindzinot yéetel tu bak’pachile’, ya’abach máak láayli’ u t’anik maayai’, ts’o’okole’ u yantal jk’iino’obe’ k’a’anan tumen leti’obe’ ku t’aniko’ob maaya, yéetel leti’ob beetik u sutt’aanil”.
Beey túuno’, kex yaan 200 u túul máako’ob ku meyajo’ob tu kúuchil Registro Civil, chéen 20 ku t’aniko’ob maayai’, le beetik leti’ob ku yáantajo’ob ti’al u k’uchulo’ob tu’ux mina’an Internet, wa ma’ tu t’a’anal káastelani’. 
Collí Pinto tu tsolaje’, ku su’utul ich maaya ts’íib ku chíikpajal te’e ju’uno’, ba’ala’e “k’aaba’obe’ je’el bix u biinsa’alo’obe’ beey u ts’a’abalo’ob”, beyxan tu tsikbaltaje’ yaan u kaxtik u náats’alo’ob te’e náach kaajo’obo’. 
Ichil tuláakal u noj lu’umil Méxicoe’, maaya t’aane’ u ka’ap’éelil t’aan asab ya’ab u t’a’anal; yaan kex 775 mil u túulal, je’el bix jets’a’an tumen Inegi.
“Beey ts’o’ok kbin Chikindzonote’, yaan xan k-k’uchul Saki’, Izamal, Umán, Ticul yéetel uláak’ kaajo’ob tu’ux ma’ tu jach yantal taak’in ti’al u ma’anal wa u k’áata’al k’a’anan ju’uno’ob ku ts’a’abal tumen Registro Civil”, tu ya’alaj.  
"
Carlos Alcaraze’ tu béeykunsaj u yáax Wimbledon,17/07/2023,"Jtenista españolile’ tu náajaltaj u yáax noj k’aabail ichil u keetil báaxal tu táan jserbioil uktéen u meyajtmaj noj chíimpolal Gran Bretaña, Djokovic (1-6, 7-6 (6), 6-1 y 6-4).
"
"Australiae’ tu éejentaj u k’a’abéetkusa’al kuuxum ti’al u waya’as paakat máak, ti’al u yúuchul ts’aakáankil",17/07/2023,"Ti’ le winal yaniko’ona’, u noj lu’umil Australiae’ tu éejentaj u béeytal u k’a’abéetkunsa’al eextasíis yéetel waya’as kuuxum ti’al u ts’a’akal jayp’éel k’oja’anilo’ob ku tsa’ayal tu tuukul wíinik. Le je’ela’, jump’éel ti’ le yáax lu’umo’ob táan u éejentiko’ob u yúuchul ts’aakáankil yéetel le ba’alo’oba’.Ti’al u winal febrero, ti’ le noj lu’umo’, mola’ay ts’áak u p’iisil u k’a’abéetkunsa’al droogase’, tu p’ataj beey legaltako’ob, le beetike’, tu yáax k’iinil julioe’ eextasíis yéetel silocibinae’ yaan xan u páajtal u túuxta’al luk’bil beey ts’aake’ tumen sikiaatráas ti’al u ts’a’akal ba’ax k’aaba’inta’an beey trastorno de estrés postraumático yéetel jayp’éel u jejeláasil yajil luubul óol.Tu lu’umil Canadá yéetel Estados Unidose’ cha’aban u k’a’abéetkunsa’al tu ka’ap’éelil le ba’alo’oba’, kéen jo’op’ok u beeta’al éensayos ti’al u ts’a’akal máak, wa kéen yanak kaasóos tu’ux jach k’a’abéet wa unaj u k’a’abéetkunsa’al.Tu winalil febrero túune’, Australiae’ tu jeel jatsaj ba’ax yaan ichil le ka’ap’éel kuuxumo’, tu jo’oloj beeta’ak le éensayoso’ tumen Agencia de Productos Terapéuticos, tu’ux a’alabe’ le ba’ax meyajta’abo’ tu chíikbesaj le ba’alo’obo’ “óol utstak ti’al ts’aak” wa “ku kaláanta’al bix u k’a’abéetkunsa’al”.Mike Musker, juntúul ajxak’al xook jach kaambanaja’an yóok’lal k’oja’anilo’ob ku tsa’ayal ti’ u tuukul wíinik tu noj najil xook Universidad South Australia, tu tsikbaltaj ti’ Afpe’, MDMA (eextasíise’) je’el u yáantaj ti’al u ts’a’akal ba’ax yaan u yil yéetel estrés postraumático yéetel silocibina je’el u yáantaj ti’al u máan yajil luubul óol.
"
Éejenta’ab u k’iimbesa’al lalaj 19 ti’ marzo ti’al u chíimpolta’al máaxo’ob beetik its’at yéetel u k’abo’ob,17/07/2023,"Ti’al u chíimpolta’al meyaj ku beeta’al ti’al u chíikbesa’al chíikulalo’ob e’esik miatsil yaan tu noj lu’umil México, ajpat a’almajt’aano’ob ku meyajo’ob tu múuch’il Comisión de Gobernación y Población jumpáak úuchik u éejentiko’ob ka je’ets’ek u k’iinil 19 ti’ marzo beey u k’iinil ti’al u chíimpolta’al ajmeyaj k’abo’ob, Día de la Artesana y el Artesano.Jets’ t’aan beeta’abe’ ku chíimpoltik ko’olel yéetel xiib meyajtiko’ob jejeláas ba’al yéetel u k’abo’ob, tumen le je’elo’ k’a’anan ti’al u béeytal u yantal náajal taak’in te’e baantaa’, yéetel ti’ kaajo’ob tu’ux ya’abach u kóojol máak xíinximbali’, tu’ux xan ku péektsilta’al miatsil yéetel ba’ax suuk u beeta’al tu kaajilo’ob u noj lu’umil México.Yéetel le je’ela’, ajpat a’almajt’aano’obe’ táan u kaxtiko’ob ka káajak u je’ets’el a’almajt’aano’ob yéetel noj meyajo’ob ti’al u yutsil máaxo’ob beetik le meyajo’obo’, u ya’abile’ leti’e’ yaan ba’al u yil ti’al u kaláanta’al u meyajo’ob, je’el bix a’almajt’aano’ob ti’al ma’ u jóok’sa’al u yoochelo’ob wa u beeta’al uláak’o’ob óoli’ je’ex le ku beetiko’ob leti’obo’. Ajpat a’almajt’aano’obe’ tu ya’alajo’obe’ u je’ets’el le k’iina’, ku ts’áak u páajtalil u yantal uláak’ a’almajt’aano’ob ti’al u chíimpota’al máaxo’ob beetik meyaj k’abo’ob, je’el bix xan ti’al u ts’a’abal áantaj k’a’abéet ti’ob.
"
Ila’ab tumen ajxak’al xooko’obe’ estaatikáa muuk’il sáasile’ ku kóolik peech tak tu’ux ku ch’íikil,19/07/2023,"U ajxak’al xookilo’ob Universidad de Bristol (Reino Unido) tu yilajo’ob peeche’, ku kóolalo’ob tumen estaatikáa muuk’il sáasil yaan ti’ wíinkilal tu’ux ku ch’íikilo’ob, tu’ux ku yantal iik’ maas nojoch ti’ le beyka’aj nojochilo’ob leti’ob.Ma’ xaan túune’, le je’ela’ ku ya’abkunsik u séebil u kaxtik peech tu’ux u ch’íikil ti’al u tséentikubáaj, tumen leti’obe’ ma’ tu béeytal u síit’o’ob, le beetike’, chéen ja’alil beey je’el u páajtal u k’uchulo’ob tak tu’ux ma’ tu tsa’ayalo’ob k’uchul tumen u yooke’ jach chichantak.Ba’ax k’axta’abe’, jts’a’ab k’ajóoltbil tu pikil ju’unil Current Biology, ts’o’okole’ leti’e’ yáax ik’el k’ajóolta’an k’a’abéetkunsik estaatikáa muuk’il sáasil ti’al u béeytal u ch’íikil ti’ ba’alche’ob. 
"
Tu bin u asab ya’axtal k’áak’náabo’ob; beey u chíikpajal u k’éexilo’ob yóok’ol kaab: ajxak’aalo’ob,19/07/2023,"Tu jo’oloj xak’alta’al oochelo’ob jóok’sa’an ti’ ka’ak’áal ja’abo’ob yéetel u yáantajil sateelitée’, u ajxak’al xookilo’ob Estados Unidos yéetel Reino Unidoe’ tu yilajo’ob  u k’áak’náabilo’ob Yóok’ol Kaabe’ táan u ya’axtalo’ob. Ku tukulta’ale’ le je’ela’ chéen uláak’ ba’ax táan u taal tu paach k’eexilo’ob táan u yantal ti’ yóok’ol kaab, ba’ale’ lela’ leti’e’ yaan ba’al u yil yéetel fitoplancton.
Le je’elo’oba’, mejen mikroobyos tu’ux táaka’an tak aalgáas, ku k’a’abéetkunsiko’ob ya’ax kloorofiláa ti’al u beetiko’ob fóotosinteesis. Beey túuno’, je’el bix u bin u jaytale’, beey u bin xan u ya’axtal.
Kex beyka’aj uts u tukulta’al jach ma’alob u ya’axtal ba’al yóok’ol kaabe’, ma’ xaan wa ikil u seen ya’abtal fitoplanctone’ je’el u beetik u jelpajal ba’al ichil u kuxtalil k’áak’nabo’ob.
Walkila’ táanili’ k-ilik talam ba’alob táan u yúuchul tu séeba’anil: u jáanjan ya’abtale’ ku yokoltik iik’ ti’ kuxtal yaan tu bak’pachil, le beetike’ yaan tu’uxe’ ku kíimil ba’al tumen ku ku’upul u yiik’o’ob, ts’o’okole’ ma’ tuláakal ba’alche’ ku kanik kuxtal beyo’. 
Ba’ale’ yaan xan uláak’ ba’alo’ob maas náach k’iin kéen chíikpajak, yéetel ma’ k-k’ajóol tak walkila’.
Jump’éel ti’ le ba’ax táan u xak’alta’al ti’al u na’atal le k’eexilo’ob kun yantal náach k’ine’, leti’ u yojéelta’al beyka’aj ba’al k’a’abéet ti’al u yila’alo’ob. Ichil ba’ax yáax tukulta’ane’, táan u binetik u ch’úukta’al ba’ax ku yúuchul tu jo’oloj 30 ja’abo’ob, ti’al u béeytal u yila’al k’eexilo’ob ti’ u kuxtalil le k’áak’náabo’.Le beetike’, u múuch’il ajxak’al xooko’obe’, tu ye’esaje’ tak chéen u yila’al daatóos jóok’sa’an tu chowakil 20 ja’abo’ob yéetel sateelitée MODIS-Aqua je’el u chúukpajal ti’al na’atpajal yéetel u péek u yóol máak yóok’lal bix u séebanil u k’éexel yóok’ol kaab. Le beyka’aj séebilo’ ku yúuchul tumen teledetexione’ ku néentikubáaj, lela’ je’ela’ u yoochel u boonil k’áak’náab ku yantal ikil u jula’al tumen k’iin. 
Ma’ u k’áat u ya’al wa chéen fitoplancton beetik u asab ya’axtal k’áak’náabi’, tu ya’alaj ajxak’al xooko’ob. Ba’ale’, ichil xaak’al tu beeto’obe’ béeychaj u jets’iko’ob bix u tukulta’al táan u k’ama’al u kuxtalil k’áak’náab u k’eexilo’ob yóok’ol kaab.
"
Xíimbal tak tu’ux mina’an alab óol ,19/07/2023,"Neene’ob ku kíimilo’ob, p’iisilo’ob jets’a’an ku máan yóok’ol wíinik, tu’ux ma’ tu chíimpolta’al u yóol máake’, chéen jayp’éel ba’alo’ob chíikbesik mina’an éet wíinikil te’e yóok’ol kaaba’, wa ku t’aan máak yóok’lal táanxel kajil máako’ob. 
"
"K’uba’ab ti’ u kúuchil e’esajil Museo Maya, tu kaajil Cancún, u yoochel jump’éel nu’ukul ts’oon meyajnaj siglo XVII",20/07/2023,"Máax jbeet u koonsulil Alemania tu noj lu’umil México, Rudolf Bittorf, tu k’ubaj ti’ u kúuchil Museo Maya de Cancún, u yoochel jump’éel kanyon meyajnaj sigloo XVII, jch’a’ab ti’ u xéexet’ cheem tu ja’abil 1958, tu ja’il Bahía de Isla Mujeres.K’uubajile’ beeta’ab tu yáax k’iinil junio ti’ u ja’abil 2023. Te’e súutuk ka’aj k’uba’ab nu’ukule’, Bittorfe’ tu tsikbaltaj tu paalil ka tu yilaj jach uts tu yich ba’alo’ob beyo’. Síij tu lu’umil Brasil, tu’ux káaj xan u k’ajóoltbil tu’ux ti’ u k’áak’náabil Indias jmáan cheemo’ob yéetel portuguesil máako’ob k’uch u xak’alto’ob sudamerikanoil lu’umo’ob, tu k’iinilo’ob Colonia.
U jach jaajil kanyon tu k’ubaje’, ti’ p’aatal tu najil xook Escuela Secundaria Técnica No. 1, tu kaajil Isla Mujeres, tu’ux ku béeytal u cha’anta’al. Jump’éel Falcon, óoxp’éel liibráas u aalil. Ts’o’okole’ jump’éel ti’ le asab úuchbentak kaxta’an tu lu’umil América. Ka’aj k’a’abéetkunsa’abe’, meyajnaj ti’ jump’éel cheem ti’alinta’an tumen Estados Unidos. 
"
"Yucatán, u ka’ap’éel, ichil u noj lu’umilo’ob México, tu’ux ku yanchaj síiberakoosóo tu ja’abil 2022: Inegi",20/07/2023,"U t’a’anal máak yéetel yaanal k’aaba’, u túuxta’al k’uben t’aan tu’ux ku p’o’ochol máak, u k’a’amal sexual ba’alo’ob yéetel u p’a’astal máak yóok’lal bix u wíinkilale’, chéen jayp’éel ti’ le ba’ax chíikbesik síiberakoosóo k’a’ama’ab tumen 27.9 por siientoil máaxo’ob k’a’abéetkunsik Internet tu noj lu’umil Yucatán ichil u ja’abil 2022.U mola’ayil Instituto Nacional de Estadística y Geografía (Inegi) tu ts’áaj k’ajóoltbil péetlu’ume’ u ka’ap’éelil ichil tuláakal México tu’ux asab ya’ab u póorsentajeil máax máansik le si’ipil ba’ala’, yéetel le beyka’aj ya’abchaj keetel yéetel u ja’abil 2021e’ k’uch tak 10.9 por siiento, tumen beey e’esa’ab u xookilo’ob tumen Módulo sobre Ciberacoso (Mociba).
Xiibo’ob yéetel ko’olelo’ob, k’a’abéetkunsik Internet, ts’o’ok 12 u ja’abilo’ob wa maanal ti’e’, tu ya’alajo’obe’ u máansmajo’ob kex juntéen síiberakoosóo, le beetik xane’ yaan ba’ax tu beetaj u yantal k’uuxil, saajkil, chi’ichnakil, p’eekil, yéetel talamo’ob ich láak’tsilil, ichil uláak’ ba’alo’ob.Ichil ba’ax j-a’alab tumen Inegie’, ti’al u beeta’al síiberakoosoe’ k’a’abéetkunsa’ab WhatsApp, Facebook, u t’a’anal máak ti’ séeluláar, beyxan ti’ Messenger yéetel Instagram.
Síiberakoosoe’ si’ipil ba’al ku beetik k’aas ti’ ko’olel yéetel biix, yéetel manats’ u beeta’al tumen máako’ob ma’ k’ojaóolta’ani’, ba’ale’ wa máak k’ajóolta’ane’ yaan k’iine’ éet xooko’ob wa éet meyajo’ob, máax yéetel tu biinsajubáaj máak, láak’o’ob, wa u núup máak beetik.A’alabe’, u lu’umil Yucatáne’ leti’e’ péetlu’um yaan tu yáax kúuchil tu’ux ku beeta’al síiberakoosóo yóok’ol xiib, tumen tu ye’esaje’ maanal 30 por siiento u yúuchul, u asab ka’analil yaan ichil tuláakal México.Mocibae’ tu ts’áaj k’ajóoltbile’, u 20.8 por sientoil kaaj k’a’abéetkunsik Internet tu noj lu’umil Méxicoe’ ts’o’ok u máansik akoosóo síiberneetikóo, ts’o’okole’ tu péetlu’umil Tlaxcala yaan u ya’abil máax ti’ ku beeta’al le je’ela’, tumen k’ucha’an tak 30.4 por siento. Ichil tuláakal Méxicoe’, máax ti’ ku beeta’al akoosóo síiberneetikoe’ yaan u ja’abil ichil 20 tak 29. 
"
Ja’ tuulnaje’ k’uch tak tu Taj Mahal,20/07/2023,"U táankab pak’ilo’ob úuchben k’a’anan kúuchile’, ch’úulo’ob yéetel u ja’ áalkabnaj tak te’elo’, taalja’an ti’ u ryoil Jamuna, ts’o’okole’ tu bulo’ob xan jats’uts paak’alo’ob yaan naats’i’, tu jo’oloj seenkech k’áaxak cháak yéetel iik’ yanchaj tu xamanil India, ti’ le ts’ook óoxp’éel p’iis k’iinilo’ob.
"
"Moisés Vega, juntúul máak tu kanaj t’aan yéetel u k’áak’ wiitsil Popocatépetl",21/07/2023,"Leit’e’ u yojel u xok iik’ yéetel kéen u tíitubáaj lu’um. Ku na’atike’ kéen t’aanak u tseem k’áak wiitse’ jach k’ajóolta’an tu noj lu’umil Méxicoe’, u ti’al u ts’áak ojéeltbil ti’ kaaje’ k’a’abéet u kaláantikubáaj, tumen ma’ tun xáantale’ yaan u beetik u láaj buuts’tal ba’al, wa yaan u túubik ta’an wa chokoj ba’al.
Tsikbale’ ku beetiko’obe’, mix táan u na’ata’al tumen ajxak’al xooko’ob.
Talam u su’utul u k’aaba’ u meyaj ti’ yaanal t’aano’ob, ba’ale’ ku ya’alike’ ku béeytal xan u k’aaba’inta’al beey kúuranderéo, tiemperóo wa nahual.
Ka’ajan Amecameca, jump’éel kaaj naats’ ti’ u chúumukil México. Ku tsikbaltik leti’e’ u yojel u ts’ak k’oja’anilo’ob, u k’áat ti’ wiits k’áak’ ka yanak k’iin ti’al u béeytal u kool máak yéetel u tsikbaltik ba’ax tu kanaj ti’ u ch’i’ibalo’ob.
“U meyaje’, ku ye’esik úuchben kuxtal yanchaj México yéetel bix u na’atikubáaj yéetel yóok’ol kaab”, a’alab tumen j-arkeoologóo Arturo Montero, ti’ u noj najil xook Universidad del Tepeyac.
Don Moi –je’el bix k’ajóolta’ano’— 64 u ja’abil, ts’o’okole’ ku ya’alike’ paal tu kanaj u t’aanil k’áak wiits. U ti’ale’, le nukuch ba’alo’oba’, ma’ tu beetiko’ob u yantal saajkil. “Popocatépetle’ kyuum, yéetel Iztaccíhuatle’ kna’. Leti’ob ts’áak to’on ja’, le beetike’ ma’ saajko’on ti’. U jaajile’, kúulpach, jach táaj ma’alob u ch’a’ako’ob iik’, tumen ku ts’áak to’on kuxtal”. 
Jejeláas máako’ob beetik xaak’alo’obe’, ts’o’ok u ts’íibtiko’ob bix u chíimpolta’al k’áak’ wiitso’ob ma’ili’ k’uchuk sak wíiniko’ob, beyxan ka’aj kóojo’ob te’e lu’uma’ yéetel tu jo’oloj k’uchko’ob (1521). Úuchben áanalte’ob yéetel ts’íibo’obe’ ku chíikbesiko’ob bix u pakta’al wa u na’ata’al ba’al, tumen ma’ jump’éelili’ bixij. 
Beey túuno’, aktáan ti’ jump’éel áaktun beeta’ab tumen wíinike’, yuum Moie’ ku tsikbaltik bix u beetik payalchi’, tu’ux ku xa’ak’pajal úuchben tuukul yéetel kristiaanóos. Ti’ k’atab che’ob ts’a’aban te’elo’, ma’atech u ts’a’abal Jesús. Chéen ku bo’onol yéetel ch’ooj ti’al u chíikbesa’al ka’an, wa de sak ti’al u chíikbesa’al múuyalo’ob.
“Kin chíimpoltik relijiyoon tumen wey líik’o’one’, ba’ale’ to’one’ kchíimpoltik k’áak’ wiits”, tu ya’alaj yuum Moi. “Ti’ k’áak’ wiitse’ ku t’anko’on knoolo’ob, ma’ u t’aan sak wíiniki’, tu tsikbaltaj. 
"
"Ch'ejum, ch'ajum, ba'alche'k'a'am u t'aan yéetel potik che",21/07/2023,"Yaan tu’uxe’ ku ch’a’apachta’alob, tumen ku tukulta’ale’ multun ku beetiko’ob ikil u potiko’ob che’, ts’o’okole’ suuk u yila’alo’ob ti’ u kaajilo’ob Kaanpech: leti’e’ ch’ejum, ch’ajum, ch’ijóot. 
Juntúul ch’íich’ k’a’am u yawat, ts’o’okole’ suuk u yila’al Área de Protección de Flora y Fauna “Laguna de Términos”, yéetel u sientiifikoil k’aaba’e’ Melanerpes aurifrons, u ch’a’amaj u moots ti’ u baatsil Picidae Jacqueline May Díaz, máax beetik u k’a’aytajilo’ob ti’ u múuch’kabil “Desarrollo y Medio Ambiente, A.C.”, tu tsolaje’ u pach kaalil le ba’alche’a’ chak u k’u’uk’mel. 
Suuk u kajtal tu’ux yaan k’áax ba’ale’ beyxan tu’ux jáal ja’. Tu noj lu’umil Méxicoe’ ku yila’al Coahuila tak Yucatán, ba’ale’ yaan xan ila’an tu chúumukil le noj lu’uma’, je’el bix Jalisco, Colima yéetel Michoacán. 
Tu ya’alaj xane’ u jach láak’mubáaj ti’ u jejeláasil Melanerpes pygmaeus, ku yila’al óoli’ tuláakal tu’ux ti’ le lu’umo’. Xbiologáa Yanec Jiménez Ruiz, tu ya’alaje’, Cheje ch’íich’ je’el bix k’ajóolta’an ich káastelane’, ku jaantik ik’elo’ob, je’el bix jmáaso’ob yéetel síiniko’ob, ba’ale’ beyxan i’inajo’ob. 
Ku p’isik ichil 21.5 yéetel 26 sentiimetróos.
"
"Ti’al u ja’abil 2070e’, ti’ u yóoxjaatsil kaaje’ yaan u yantal maanal 60 u ja’abil, tu ya’alaj Conapo",23/07/2023,"Walkil 30 ja’abo’obe’, tu noj lu’umil Méxicoe’ yaan u chukik tu jach ka’analil ti’ le beyka’aj kajnáalo’ob kun béeytal u yantal te’e lu’uma’, tu’ux ku tukulta’al u k’uchul tak 147 miyoonesil kajnáalo’ob, le beetik túune’, kéen k’uchuk u ja’abil 2053e’ yaan u káajal u yéemel le jaytúul jmexikoilo’ob yaan. Ichil ba’ax a’alab ti’ u xaak’alil Las proyecciones de la población de México. El futuro demográfico de los próximo 50 años, meyajta’ab tumen Consejo Nacional de Población (Conapo), le beyeka’aj nukuch máako’ob kun yantale’ yaan u ya’abtal, tumen ti’al u ja’abil 2070e’ táankelemo’ob, máaxo’ob bejla’a e’esik u jach ya’abil kajnáalo’obe’, yaan u chukik maanal 60 u ja’abilo’ob, ts’o’okole’ leti’obe’ u yóox jaatsil kajnáalo’ob.Xaak’ale’ ku ye’esik tu jo’oloj 50 ja’abo’obe’, le ba’ax k’ajóolta’an beey bono demográfico yaan u p’áatal ichil le nukuch máako’obo’, le beetike Conapo ku ya’alike’, le je’ela’ yaan u beetik u péek le noj lu’uma’, beyxan u siistemail séeguridad soosyal.Máaxo’ob táakpaj ichil Primera Sesión Ordinaria del Pleno ti’ le mola’ayo’ tu ya’alajo’ob táan u tukulta’ale’, tu noj lu’umil México, ichil 2020 tak 2070e’ yaan u chíikpajal k’a’anan ba’alo’ob ti’al u na’atal bix kun yantal kajnáalo’ob te’e lu’uma’, ti’al xan u na’ata’al bix kun ts’a’abil jejeláas a’almajt’aano’ob ti’al u yutsil kaaj.Ichil xaak’alo’ob beetchaje’, ila’ab tu noj lu’umil Méxicoe’, tu jo’oloj 30 ja’abo’obe’, yaan u káajal u yéemel le jaytúul kajnáalo’ob yaan, yéetel tu jo’oloj 50 ja’abo’obe’ yaan u yóoxtéenchajal le jaytúul nojoch máako’ob yaan.U mola’ayil Organización de las Naciones Unidase’, tu jets’aj lalaj 11 ti’ julio beey Día Mundial de la Población. Le beetike’, beey táantik u máane’, máaxo’ob táakano’ob ich Plenoe’ tu ya’alo’obe’ yóok’lal jaytúul kajnáalo’ob yaan walkila’, ku béeytal u beeta’al k’a’anan tsikbalo’ob ti’al u tukulta’al bix kéen ch’a’anuktak kuxtal ti’ le ja’abo’ob kun taala’, ti’al u ts’aatáanta’al ba’ax k’a’abéet ti’ kaaj.
Lee: México alcanzará tope de crecimiento poblacional en 2053
"
Ku tukulta’ale’ cheem kaxta’ab ichil ts’ono’ob tu lu’umil Yucatáne’ meyajnaj ti’al kili’ich ba’al: ajxaak’alo’ob,23/07/2023,"Máaxo’ob beetik xaak’ale’ tu tsikbaltajo’ob ba’ax ku tukultiko’ob yóok’lal cheemo’ob kaxta’abo’ob ichil jump’éel ts’ono’ob yaan Yucatán, úuchik u yáax beeta’al xaak’alo’ob ti’ láaboratorios yaan tu lu’umil Méxuco, beyxan ti’ táanxel kaajo’ob. Tu ya’alajo’obe’ míin k’a’abéetkunsa’abo’ob ti’al u beeta’al kili’ich ba’alo’ob. Walkil ka’ap’éel ja’abo’obe’, u arkeologóos ku bulkubáajo’ob yáanal ja’ ti’ u mola’ayil Instituto Nacional de Antropología e Historia (INAH) tu kaxto’ob le chemo’, ka’alikil u beeta’al meyajo’ob ti’al u kaláanta’al úuchben nu’ukulo’ob, meyajta’an tumen Secretaría de Cultura ti’ Gobierno de México, ikil táan u beeta’al u meyajilo’ob Tren Maya, tu jaatsil 4, ku yáalkab ichil Izamal (Yucatán) tak Cancún (Quintana Roo).Beey túuno’, le 28 ti’ junio máaniko’, úuchik u beeta’al 12° Congreso Internacional de Mayistas, tumen u noj najil xook Universidad Nacional Autónoma de México, ajxak’al xooko’obe’ tu tsikbaltajo’ob le ba’ax ku tukultiko’obo’.Máax p’ata’an u jo’olbes Oficina Península de Yucatán tu yáamil Subdirección de Arqueología Subacuática (SAS) ti’ u mola’ayil INAH, Helena Barba Meinecke, tu ya’alaje’ ajxaak’alo’obe’ káaj u bulkubáajo’ob tu ts’ono’otil San Andrés, tu winalil octubre ti’ u ja’abil 2021, le beetik ts’o’ok u béeytal u beeta’al modeelóos 3D ti’ le chemo’, ti’al u je’ets’el beyka’aj u nojochil: 2.15 meetróos u chowakil, 45 sentiimetróos u kóochil yéetel 36.5 sentiimetróos u ka’analil. Te’e xaak’alo’ ila’abe’ yaan ya’abach u baakel weech yéetel wíinik, le beetik ku tukulta’ale’ óoli’ beey ti’al k’uub meyajnajij, ts’o’okol túun u ts’a’abale’, oksa’ab ichil le áaktúuno’, ma’ili’ búuluke’.
Lee: Canoa hallada en cenote de Yucatán habría tenido uso ritual: Expertos
"
Le bix táan u k’éexel yóok’ol kaabe’ yaan u ya’abkunsik jaytúul máax ti’ ku tsa’ayal jejeláas k’oja’ano’ob,25/07/2023,"Yóok’lal bix táan u bin u chokojtal yóok’ol kaabe’ táan u tukulta’ale’ yaan u k’as éemel k’oja’anilo’ob ku tsa’ayal ti’ máak je’el bix se’en, yéetel yaan u ya’abtal tak 47 por siiento le ku tsa’ayal ikil u seen beetik ooxol, je’el bix xan yaayaj nak’il yéetel le ku tsa’ayal yóok’lal bektoro’ob, je’el bix deenguée yéetel u k’oja’anil Chagas, beey tsikbalta’ab ichil Sexta Comunicación de México, beeta’ab tumen Naciones Unidas.Yaan ba’alo’ob ts’o’ok u jach chíikpajalo’ob yóok’lal k’eexilo’ob yaan yóok’ol kaab, je’el bix u ya’abtal k’oja’anilo’ob tu yóok’lal. Ichil ba’ax yaan u yil yéetel deenguée’, ba’ax ojéela’an nuupul yéetele’ leti’e’ úumedado’, cháak yéetel áaltituud. Ila’abe’, tu jo’oloj tak 20 seemanáas jach ts’aatáanta’abe’, u ka’antal tak jump’éel graadoo sentiigradóo u k’íinalil u yóok’ol kabil k’áak’náabe’, tu beetaj u chíikpajal maas ya’abach máak tsa’ay ti’ le k’oja’ana’, tu tsikbaltaj Horacio Riojas, máax ku meyaj tu mola’ayil Instituto Nacional de Salud Pública.
Le’elo’ tsikbalta’ab ka’aj tsikbalta’ab ba’ax chíikpaj ti’ u xaak’alil Cambio climático y sus impactos en México, meyajta’ab tumen jump’éel u nu’ukbesajil xaak’al yóok’lal le je’ela’, ti’ u noj najil xook UNAM, tu’ux tukulta’abe’, ikil u k’éexel yóok’ol kaabe’ ku yila’al u ya’abtal xan u pa’ak’al k’oja’anilo’ob, yéetel maas jach ya’ab u k’i’iptajal pooléen, le beetike’, je’el xan u beetik u yantal talamilo’ob ti’al máaxo’ob ku jéesbal.Beey túuno’, yóok’lal u k’eexilo’ob yóok’ol kaabe’ yaan xan u ya’abtal káardiobaskuulaar k’oja’ano’ob, u ya’abile’ ti’ le yaan u yil yéetel u jach beetik ooxol, ts’o’okole’ maas je’el u chíikpajal ti’ nojoch máako’ob.Riojas tu ya’alaje’, wa ka k’uchuk na’akal tak siinko graadóos u chokoj ooxolile’ je’el xan u ya’abkunsik le beyka’aj ba’ax nuupul ichil bix k’askúunta’anil atmoosferáa yéetel xan beyka’aj ka’aj kun kuxtal máak kéen ch’íijik.Constantino González, ku meyaj tu mola’ayil Instituto de Ciencias de la Atmósfera y Cambio Climático, ti’ u noj najil xook UNAM, tu ya’alaje’ u jejeláasil k’eexilo’ob kun yantal ti’ yóok’ol kaabe’ je’el u yantal ba’al u yil yéetel patojeenóos, tumen u ya’abil ba’ax tsa’ayksik k’oja’ane’ ik’elo’ob, paarasitóos yéetel biiruso’ob, je’el bix peech yéetel k’oxol. Ts’o’okole’ tu ya’alaje’, múuch’ meyaj tu’ux táaka’ane’ ku xak’altik ba’ax yaan u yil yéetel deenguée, zika, chikunguya, u chokwil Nilo yéetel u k’oaja’anil Lyme. 
"
Juntúul robote’ jtsa’ay u jo’olbes junmúuch’ paax u’uya’ab Corea del Sur,25/07/2023,"Juntúul nu’ukul jbeeta’an tumen surcoreanail máako’obe’ chíikpaj tu táan jump’éel u múuch’ paaxil Seúl, jayp’éel k’iino’ob paachil, ts’o’okole’ jach uts úuchik u k’a’amal tumen máaxo’ob cha’antej yóok’lal bix jach ma’alob u meyaj.EveR 6, androidée p’isik 1.8 meetróos u ka’analil, wa’alaj tu táan 60 u túul u ajpaaxilo’ob Orquesta Nacional de Corea del Sur.Beey túuno’ EveR 6e’ tu múul jo’olbesaj paax yéetel juntúul wíinik tu tséel; xáanchaj kex media ooráa, ts’o’okole’ u’uya’ab tumen maanal 950 máako’ob, tu kúuchil Teatro Nacional de Corea.
Nu’ukule’, beeta’ab tumen Instituto de Tecnología Industrial de Corea, ts’o’okole’ meyajta’ab ti’al u béeytal u jach péek je’el bix u beetik juntúul wíinik, tumen u ts’o’omele’ beeta’ab yéetel téeknolojiyáa ti’al u kanik péek. Kex beyo’, walkila’ ma’ tu tsa’aytal u’uyaj wa u jáan beetik wa ba’ax te’e súutuko’.Máaxo’ob beete’ táan u meyajo’ob ti’al u béeytal u péeksik u yich kex ma’ próogramarta’ani’, tu tsolaj Lee Dong-wook, u íinjenyeeroil robot.
"
Twittere tu tselaj ch’ooj ch’íich’ chíikbesik ka’achij,25/07/2023,"Reed sosyaale’ tu ye’esaj le lunes máanika’, u túumben chíikulal: jump’éel sak X yóok’ol u boonil boox, ti’al u ye’esik táan u k’e’exel. Elon Musk, yéetel u éejekutibail Linda Yaccarino, tu ya’alobe’ nu’ukbesaje’ yaan u ts’aatáantik koonol, baankáa yéetel bo’ol ti’ Internet.
"
"Tu ja’abil 2022e’, sáansamale’ kona’ab 60 u p’éel koochées tu lu’umil Yucatán",26/07/2023,"Tu lu’umil Yucatáne’, sáansamale’ kona’ab 60 u p’éel koochées le ja’ab máaniko’, ka’alikil tu lu’umil Quintana Roo 58 yéetel Kaanpeche’ 20, beey a’alab tumen Asociación Mexicana de Distribuidores de Automotores (AMDA).Ichil u meyajil Mapa Interactivo de Compradores yóok’lal máaxo’ob manik túumbe koochese’, beeta’ab tumen AMDAe’, tu ja’abil 2022e’, tu noj lu’umil Yucatáne’ kona’ab 22 mil 41 u p’éel koochées, lela’ máan yóok’ol le 18 mil 984 kona’ab ti’al u ja’abil 2021; Quintana Rooe’ kona’ab 21 mil 484 u p’éel, yéetel ti’al u ja’abil 2021e’ 18 mil 232; ka’alikil Kaanpeche’ jma’an 7 mil 364 yéetel 7 mil 204 ti’al u ja’abil 2021.Bey túuno’, kex tumen tu yóoxp’éel péetlu’umo’ob tu chíikbesajo’ob nonojchaj koonole’, láayli’ ma’ tu chukik ti’al u p’áatal je’ex yanik ka’ach ma’ili’ yanak u pak’be’en k’oja’anil Covid-19, tumen ka’ach tu ja’abil 2019e’, tu péetlu’umil Yucatáne’ kona’an 24 mil 219 u p’éel koochées; Quintana Rooe’ kona’ab 23 mil 356, yéetel Kaanpeche’  7 mil 996 u p’éelal.
Ichil túun tuláakal le kona’ab enero tak junio ti’ u ja’abil 2023, keetel yéetel láayli’ le winalo’ob je’elo’ tu ja’abil 2019e’, ku chíikpajal chéen p’íitchaj 1.17 por siiento, le beetike’ láayli’ táan u binetik u ka’a mu’uk’anchajal koonol, a’alab ti’ k’a’aytajil ts’íib tumen Guillermo Rosales Zárate, máax jo’olbesik AMDA.“Ba’ax chíikpaj ti’ u yáax chúumukil ja’abe’, uts: tu ka’a káajal u xíimbal koonol, yéetel máaxo’ob k’áatike’ ku na’atiko’ob yaan ba’alob tu bin u ko’ojtal yéetel tu bin u ka’antal u taasasil interées”, tu ya’alaj.Le ja’ab máaniko’, La Jornada Maya tu ts’áaj k’ajóoltbile’, Observatorio de Movilidad Sostenible de Mérida (OMSM) tu ya’alaj, yóok’lal ba’ax chíikbesa’ab tumen Instituto Nacional de Estadística y Geografía (Inegi), baanta k’ajóolta’an beey Zona Metropolitana ti’ u kaajil Jo’, kantéenchaj le jayp’éel koochées yanchaj ichil u ja’abil 2000 yéetel 2020, kex tumen kajnáalo’obe’ chéen 1.5 u téenal úuchik u ya’abtal.Tu ja’abil 2020, u koonolil koochese’ jna’ak 365 por siiento, tumen tu ja’abil 2000e’ kona’ab 131 mil 859 u p’éel koocheés, ba’ale’ tu jo’oloj 20 ja’abo’obe’ k’uch tak 470 mil 34; motoose’ láayli’ xan nonojchaj u ya’abtal, tumen ka’ache’ chéen 16 mil 472 kona’abij, ba’ale’ ti’al 2020e’ jnáak 155 mil 370, lela’ ku ye’esike’ ya’abchaj maanal 940 por siientoil.
"
James Webbe’ béeychaj u ch’a’ak u yoochel sáasil wóolis bak’pachtik Saturno,26/07/2023,"Éespasyal téeleskoopyoo, James Webb, ti’alinta’an tumen NASAe’ béeychaj u ch’a’ak u yoochel u ki’ichkelem wíinkilal Saturno. Oochele’, ku ye’esik bix yanik u ka’ap’éel asab nojoch pláanetail ti’ sisteemáa solar, tu’ux ku yila’al wóoliso’ob méek’ik yéetel sáasiltak tu chúumukil u boox nook’il ka’an.Oochele’ jch’a’ab yéetel íinfrarojóo nu’ukul naats’ yanik te’elo’, yéetel ku ye’esik u sáasil le pláanetao’ kéen ts’u’uts’ak u sáasil k’iin tumen u metaanoil le atmoosferao’.  
Beyxan oochele’ ku ye’esik óoxp’éel ti’ le ya’abach ujo’ob yaan ti’, yéetel ajxak’al xooko’obe’ u k’áat u kaxto’ob túumben áaniyóos ti’ le pláanetao’, yéetel tak ujo’ob ma’ k’ajóolano’obi’. 
"
Uláak’ junjaats k’iinilo’ob ooxol Grecia; láayli’ u yelel ba’al te’elo’ ,26/07/2023,"Seten chokoj ooxol ku yu’ubale’, náaka’an 44 °C, ts’o’okole’ marteseak ka’aj káaj u yu’uba’al te’e noj lu’umo’, tu’ux láayli’ ma’ tuupul k’áak’i’, yéetel táan u tóokik u petenilo’ob Rodas yéetel Corfú, je’el bix xan Eubea, je’el bix k’a’aytabik tumen jo’olpóopo’ob.
"
Kaxta’ab ka’ap’éel u jejeláasil tiigrées dientes de sablée yaan kex 5 miyoonesil ja’abo’ob,27/07/2023,"Ka’aj xak’alta’ab jump’éel ti’ le úuchben múuch’ baako’ob jok’a’an ti’ u jaats k’iinilo’ob Plioceno, tu kaajil Langebaanweg, tu xamanil Ciudad del Cabo (Sudáfrica), le je’ela’ jump’éel xaak’al jo’olbesa’ab tumen u noj najil xook Universidad Complutense de Madrid (UCM), tu’ux kaxta’ab ka’ap’éel u túumben jejeláasil tiigrées de sablée, jts’a’ab k’ajóoltbil tumen Unidad de Cultura Científica ti’ le noj najil xooko’.Ba’ax chíikpaj te’e xaak’alo’, jts’a’ab k’ajóoltbil tu pikil ju’unil iScience. A’alabe’, le bix jatsa’anil sablée kojo’ob tu úuchben Áfricae’ míin jela’an ti’ le bix tukulta’an ka’acho’. 
Noj najil xooke’ tu tsolaj tigrée yaan u koj de saablée jach uts úuchik u kaniko’ob chuuk yóok’lal bix yanik u kojo’ob, tu’ux káaj xan u máano’ob ichil u k’áaxil África, walkil kex 6-7 miyoonesil ja’abo’ob, tu k’iinil homínidos, tu’ux xan táaka’an wíinik kuxa’an te’e k’iino’oba’, tu’ux káaj xan u k’éexelo’ob.Beey túuno’, meyaj beeta’abe’ tu chíibkesaj yaan kamp’éel u jejeláasil. Ka’ap’éel ti’ le je’elo’obo’, Dinofelis werdelini yéetel Lokotunjailurus chimsamyae, ma’ ojéela’an wa yano’ob ka’achij.Xaak’al ku ye’esike’ Dinofelis máan ti’ ya’abach u lu’umilo’ob yóok’ol kaab, yéetel u baakelo’obe’ kaxta’an África, China, Europa yéetel América del Norte. Ajxak’al xooko’obe’ táan ka’ach u páa’tiko’ob u k’ajóoltiko’ob uláak’ u túumben jejeláasil Dinofelis tu lu’umil Langebaanweg, yéetel uláak’ xaak’alo’ob beeta’an ka’achij. Ba’ale’, Lokotunjailurus ojéela’an chéen kuxlaj Kenia yéetel Chad ma’ili’ beeta’ak le xaak’ala’. Le je’ela’ ku beetik u tukulta’ale’ míin máan xan ichil tuláakal le kóontinenteo’ tak walkil 5 yéetel 7 miyoonesil ja’abo’ob (tu ts’ook Mioceno Superior yéetel tu káajabal Plioceno). 
"
Ma’ yanchaj uts ba’al u tséentikubáaj kex 35 miyoonesil jmexikoilo’obi': FAO,27/07/2023,"Tu ja’abil 2022e’, kex 35 miyoonesil jmexikoilo’obe’, lela’ kex u 12 por siientoil maanal ti’ le yanchaj tu ja’abil 2016e’, ma’ yanchaj janabe’enba’al ti’al u yutsil tséentikubáajo’ob, wa tu máanso’ob ya’abach k’iino’ob ma’ yanchaj ba’al u jaanto’obi’, beey a’alab tumen xaak’al meyajta’ab tumen jo’op’éel u áajensiasil Organización de Naciones Unidas.
Beey túuno’, tuláakal jmexikoilo’ob ma’ yanchaj ba’al ti’al u tséentukubáajo’obi’ tu píitmáansaj 4.2 miyoonesil ti’ le beyka’aj yanchaj wakp’éel ja’abo’ob paachil, tsolba’ab te’e xaak’alo’.U mina’antal ba’al u jaant máake’ jatsa’an beey móoderadaáa yéetel sebeeráa, ts’o’okole’ ti’ 25.6 por siento yaan ka’ache’, k’uch tak 27.6 por siento ichil u kajnáalilo’ob México. Tu ja’abil 2022e’, le jatsa’ano’ob beey sebeerae’ k’uch tak 4.5 miyoonesil máako’ob, lela’ ku chíikbesik 3.6 por siento ti’ kajnáalo’ob yaan.Ichil ba’ax a’alab te’e xaak’alo’, tsola’ab ba’alo’ob yóok’lal Estado de la Seguridad Alimentaria y Nutrición ti’ u mola’ayil Organización de Naciones Unidas u ti’al Agricultura y la Alimentación, u nu’ubkesajil Programa Mundial de Alimentos, Fondo Internacional de Desarrollo Agrícola,  Fondo de Naciones Unidas para la Infancia yéetel Organización Mundial de la Salud. Te’elo’ ila’abe’ u mina’atal ba’al jaantbile’ ku yúuchul kéen p’áata’ak mina’an janal ya’abach juntéen ichil jump’éel ja’ab, ts’o’okole’ kéen jach talamchajke’, ku yúuchul kéen máanak tak jump’éel túulis k’iinil wa maanal ti’, xma’ janalil.Ichil túun u jaats yóok’ol kaab yaan lak’ine’, Caribee’ leti’e’ tu’ux maas ku yila’al talamo’ob yóok’lal le je’ela’, tumen u p’áatal mina’an ba’al ti’al jaantbile’, jatsa’an beey sebeeráa yéetel móoderadae’ k’éexij, tumen ka’ache’ 59.5 yanik, ba’ale’ k’uch tak 60.6 por siento ichil jump’éel ja’ab. Le jatsa’an beey sebeerae’ ti’ yaan ka’ach 25.7 ba’ale’ k’cuh 28.2 por siento ti’ kajnáalo’ob beey yaniko’obo’. Xaak’al beeta’abe’ tu chíikbesaj ichil u lu’umil América Latinae’ k’as éem jump’íit tu ja’abil 2022, tumen kajnáalo’ob tu máansaj talamo’ob yóok’lal janal ichil u jaatsil móoderadaáa yéetel graabee’ éemij tumen ti’ 40.3 por siento yaan ka’ach tu ja’abil 2021e’, k’uch tak 37.5 por siento tu ja’abil 2022, ts’o’okole’ le je’ela’ tu ye’esaj p’íitchaj 16.5 miyoonesil máako’ob ti’ jump’éel ja’ab. Le úuchik u chan utstal jump’íito’, béeychaj tumen k’as éem xan América del Sur, úuchik u k’éexel, 40.9 por siento tu ja’abil 2021 tak 36.4 por siento tu ja’abil 2022, yéetel le jatsa’an beey sebeerae’ éem xan, tumen ka’ache’ 15.1 por siento yanik, ba’ale’ k’uch 12.7 por siento.
"
Bejo’obe’ u ti’al peek’o’ob,27/07/2023,"Leti’ob yéetel uláak’ ba’alche’ob ku yalaak’ta’alo’obe’ ma’ tu jets’iko’ob, yéetel u na’ato’obe’, u kuxtalo’ob te’e bejo’obo’ tumen ti’ ku síijilo’obi’, ma’ chíikbesa’an tumen kaaji’, ts’o’okole’ ku ts’a’abal u kuucho’ob.
"
Kaxta’ab jump’éel ba’al yaan ichil káafée beetik u yutsil yantal wíinik kéen ch’íijik,28/07/2023,"Jump’éel xaak’al beeta’ab tumen u mola’ayil Instituto Imdea Alimentación tu ye’esaje’ le ba’ax k’ajóolta’an beey harmol, ba’al u ch’a’amj u moots ti’ betacarbolinas, yaan ichil káafée’, ku beetik u yutsil meyaj músculo esquelético yéetel xan u paarametróos méetabolikóos yaan ba’al u yil yéetel yutsil yantal wíinik kéen ch’íijik.  Ti’ meyaj beeta’abe’, táakpaj xan Instituto de Investigación Sanitaria (Incliva), te’elo’ k’a’abéetkunsa’al harmol, tu’ux ila’ab chíikpaj náachchaj le beyka’aj k’iino’ob kuxa’an wíinik, ti’ ka’ap’éel modeelosil íinbertebradóos. Beyxan, yéetel tráatamientoe’ béeychaj u maas utsil k’a’amal glukoosáa, le bix u lúubul ti’ máak íinsulináa yéetel le bix u u múuch’ul liipidóos epatikóos ti’ jump’éel u modeeloil préediabetées, beey chíikpajik ti’ xaak’al jts’a’ab k’ajóoltbil ti’ u pikil ju’unil Nature Communications.Tu ts’ooke’, ichil k’eexilo’ob chíikpaj yaan ba’al u yil yéetel níibel neuromuskulare’, chíikpaj bix éemik fráajilidaad ti’ ch’ija’an ba’alche’ob jts’a’ab ti’ob harmol, a’alab tumen mola’ay.
Harmol, je’el bix betacarbolinas, yaan ichil ya’abach janalo’ob, tu’ux táaka’an u graanosil káafée, bak’, kay yéetel serealées, je’el bix xan ti’ u xíiwilo’ob k’uuts. Le beyka’aj k’a’abéetkunsa’ab ti’al u beeta’al xaak’ale’ ma’ tu ye’esaj wa yanchaj tóoxisidaad yéetel jach p’el úuchik u chíikpajal wa yaan ba’ax tu jelbesaj ti’ sisteema nerbiioso sentral, tumen ma’ tu píitmáansaj hematoencefálica pak’il, le beetike’ ma’ jk’uch tu ts’o’omel u pool wíiniki’.U ch’íijil u muuk’ wíinike’, yaan ba’al u yil yéetel u lúubul u muuk’ máak, ts’o’okole’ lelo’ ku yúuchul tumen ku jelpajal mitocondria, jump’éel ti’ u k’a’anan kóomponente séelular yaan, tumen leti’ ts’áak u muuk’ le seelulaso’.
"
K’oxol,28/07/2023,"U sientiifikoil k’aaba’e’ Aedes Aegypti, ts’o’okole’ kex jach táaj chan chichane’, míin leti’ chan k’oxol beetik u jach yantal nu’ukbesajo’ob ti’al u ch’éejsa’al, tumen leti’ pak’ik k’oja’anilo’ob je’el bix deenguée, zika yéetel  chikungunya kéen chi’ibanak, ts’o’okole’ je’el tak u kíinsik máake’.
Sonia Vargas Torres, máax jo’olbesik Salud Municipal ti’ u kaajil Tulum, tu ya’alaje’ xch’upul k’oxol ku chi’ibal, yéetel leti’ pak’ik k’oja’anilo’ob, tumen u xiibile’ chéen kaab ku máan u ts’u’uts’ej. Kex 30 k’iino’ob ku xáantal u kuxtalo’ob, ts’o’okole’ ku máano’ob xik’nal tu bak’pachil jo’op’éel kiloometróos, le beetike’ jach séeba’an u pak’ik wa ba’ax. U chichil u xik’nalo’obe’ ichil 1.6 yéetel 2.4 kiloometróos ichil jump’éel ooráa.
"
Kaxta’ab u xéexet’aj koobrée yaan keex 4 mil 300 ja’abo’ob u yúuchbenil tu noj lu’umil Omán,31/07/2023,"Ka’alikil táan ka’ach u beeta’al páan meyaj, tu’ux yanchaj úuchben kaajo’ob tu noj lu’umil Ománe’, j-aleman arkeologóose’ tu kaxto’ob u xéexet’aj koobrée maanal 4 mil ja’abo’ob u yúuchbenil.  Irini Biezeveld yéetel, u yéet meyaj ti’ u noj najil xook Universidad Gotehe de Frankfurt, Jonas Kluge, tu beetajo’ob jump’éel xaak’al, xáanchaj wakp’éel semaanáas, yéetel kaláanta’ab u beeta’al tumen Ministerio de Patrimonio y Turismo de Omán. Meyajo’obe’ beeta’ab naats’ ti’ u kaajil Ibra, tu’ux páana’ab ch’e’eno’ob ti’al u beeta’al pruebáas. Leti’obe’ u k’áato’ob u jets’o’ob ba’ax k’iinil ka’aj jéets’ kaajo’ob te’elo’, yéetel u yáantajil karboones kaxta’ab te’elo’. Ti’ túun jtíip’ jump’éel ya’ax ba’al: junxéet koobrée, éek’ tu yóok’kabil ba’ale’ óox xéet’ yani’, yéetel de wóolis koonóo.
“U kaxta’al jump’éel ba’al je’el bix le je’ela’, jach ma’ suuka’an u yila’ali’”, a’alab ti’ jump’éel k’a’aytajil ts’íib jóok’sa’ab tumen x-xak’al xook Stephanie Döpper, máax kaláant u beeta’al le xaak’alo’.  Ku tukulta’ale’, u xéexet’ajil ba’ax kaxta’abe’ jp’ata’ab tumen úuchben máako’ob ka’aj luk’o’ob te’elo’, yéetel jets’a’an yanchaj máak tu jaatsja’abil Edad del Bronce Temprano (kex 2600-2000 a. C.). Te’e k’inako’obe’, lu’um k’ajóolta’an bejla’a beey Omán, tu jach meyajtaj u asab k’a’ananil koobre yanchaj tu yúuchben Mesopotamia lu’um, bejla’a’  Irak.Yóok’lal u xéexet’aj koobrée kaxta’abe’, ku béeytal u yojéelta’al uláak’ ba’alo’ob ti’ u kaajil Omán, yóok’lal bix úuch maan te’e k’inako’ob ichil kaajo’ob kuxlajo’ob ti’ u jatsja’abilo’ob Edad del Bronce Temprana.
"
"U ya’abil máasewal yaan tu kúuchil k’alabe’ náhuatl, tarahumara yéetel maaya wíinik",31/07/2023,"Ichil máaxo’ob oksa’an tu kúuchilo’ob k’alab tu noj lu’umil Méxicoe’ yaan jun jaats máasewalo’obi’, u ya’abile’, xoka’an beya’: 16.6 por sientoe’ náhuatl; 7.2 tarahumara, yéetel 6.8 maaya. Tu ts’ook u ja’abil 2022e’, tu jaatsilo’ob féederal yéetel éestatale’, ku chukik 226 mil 116 u túul máak oksa’an tu kúuchil k’alab, ts’o’okole’ ti’ le je’elo’obo’, tak le ja’ab máaniko’, 15 mil 375 u túulule’, maayaob.Ichil ba’ax chíikbesa’ab tumen u xookil Censo Nacional de Sistemas Penitenciarios en tu jaatsilo’ob féederal yéetel éestatale’ (CNSIPEE-F) 2023, tu paach máasewal máako’ob e’esik u ya’abil oksa’ane’, ku taal u jeelo’ob: tseltal (6.5 por siento), zapoteco (6 por siento), mixteco (5.9 por siento), otomí (5.4 por siento), tsotsil (5.4 por siento), mazateco (4.2 por siento) yéetel totonaco (2.8 por siento).
Tu péetlu’umil Yucatáne’ ku t’a’anal maaya tumen u 23.7 por siento kajnáalo’ob yaan, ka’alikil Quintana Rooe’ 11.7 por siento, yéetel Kaanpeche’ 10.4,mbeey xoka’anil tumen Instituto Nacional de Estadística y Geografía (Inegi).Ts’o’okole’, ichil máasewal t’aano’ob ku t’a’analob ti’ uláak’ péetlu’umo’obe’ ku chíikpajal náhuatl, tumen ku t’a’anal ti’ 15 u p’éelal, tu paache’ maayat’aan tumen ku t’a’anal Kaanpech, Quintana Roo yéetel Yucatán.Beey túuno’, ichil ba’ax chíikpaj tu meyajil Cuestionario Ampliado del Censo de Población y Vivienda 2020, ichil u noj lu’umil Méxicoe’ yanchaj 23.2 miyoonesil máako’ob, yaan kex óoxp’éel u ja’abil, wa maanal ti’, ku jets’ik máasewalo’ob.
Ti’ kamp’éel péetlu’umo’obe’ ku múuch’ul 50.5 por siento ti’ tuláakal máasewal t’aano’ob yaan ichil u noj lu’umil México.
U promeedyoile’, 39 por siento, ku ye’esike’ ti’ lalaj lajuntúul máak oksa’ab tu kúuchil k’alab tu ja’abil 2022e’, kantúul ma’ jets’a’ab beyka’aj si’ipili’.
"
Yéetel droonese’ ts’ona’ab u kúuchil City ti’ u kaajil Moscú,31/07/2023,"U noj kaajil Rusiae’ tu k’amaj uláak’ loobilaj tu píik’ sáastalil le domingo máanika’, tu’ux k’a’abéetkunsa’ab ka’ap’éel nu’ukul ku xik’náalo’ob ti’al u beeta’al u wáak’alo’ob óofisináas ma’ jach náachtak ti’ Kremlin, yéetel jump’éel kúuchil tu’ux ku tséenta’al k’éek’eno’ob. 
"
Cheem jk’a’al tu ja’il Sisale’ tu k’askúuntaj 87 metróos ti’ u áaresiifeil ‘Madagascar’: Profepa,01/08/2023,"Tu jo’oloj maanal jump’éel semaanáa jp’áat k’aalil jump’éel cheem tu áaresiifeil Madagascar tu bakpach’il u ja’ilo’ob Sisal, Yuxatáne’, u mola’ayil Procuraduría Federal de Proteccion al Ambiente (Profepa) tu ts’áaj k’ajóoltbile’ k’askúunta’ab kex 87 meetróos ti’ kuxtal yaan te’e ich ja’o’.Yóok’lal xaak’alo’ob beeta’ab tu’ux jp’áat cheeme’, ila’ab tumen mola’aye’, le nukuch ba’alo’ ti’ ets’ekbal yóok’ol u t’o’ol kuxtal áaresiifée, tu’ux yaan tuunicho’ob yéetel u jejeláasil korales. Le 87 metroso’ leti’e’ beyka’aj jíiltpaj cheem yóok’ol le áaresifeo’, tu’ux tu pech’aj u koralil k’áak’ (Millepora complanata), gorgonáceos koral yéetel jayp’éel u kaajilo’ob koral scleractinios (Solenastrea Hyades y Agaricia agaricites).
Ba’ale’, kex tumen Profepa tu ya’alaje’ nojoch loobilaj le úucho’, mina’an u kaajilo’ob k’askúunta’ab ti’ le táakbesa’an unaj u kaláanta’al ichil NOM-059-SEMARNAT-2010.Xaak’alo’ob ich ja’e’ jbeeta’ab tumen máaxo’ob ku meyajo’ob tu mola’ayil Profepa tu lu’umil Yucatán, u meyajnáalilo’ob Secretaría de Marina (Semar) yéetel Comisión Nacional de Áreas Naturales Protegidas (Conanp).U cheemil Grande Senegal, ti’alinta’an tumen italianail mola’ay Grimaldi Lines, táan u meyaj ti’al u béeytal u tse’elel te’e tu’ux yano’. Tak walkila’ ma’ káajak u wéekel kóombustiiblée mix xan teejel u kaaskoil.
"
IMSS Yucatáne’ yaan u k’a’abéetkunsik kex 150 mdp ti’al u yutskíinsa’al u najilo’ob ts’akyaj,01/08/2023,"U mola’ayil Instituto Mexicano del Seguro Social (IMSS) tu péetlu’umil Yucatán tu ts’áaj k’ajóoltbile’ ti’ le winalo’ob ku taala’, yaan u k’a’abéetkunsik óoli’ 150 miyoonesil pesos ti’al u yutskíinsa’al u kúuchilo’ob Unidades de Medicina Familiar yéetel najilko’ob ts’akyaj, ti’al u mu’uk’unsa’al bix u ts’aatáanta’al kaaj.Taak’in kun ts’a’abal u ti’ale’ yaan u meyaj ti’al u ka’a beeta’al u jaatsilo’ob Hospitalización, Urgencias, kiroofanóos, u jaatsil Tococirugía, Salas de Expulsión, je’el bix xan u ya’abil aires áakondisyóonados ti’ u kúuchilo’ob Hospitales Generales Regionales (HGR) No. 12 Lic. Benito Juárez García, No. 1. Lic. Ignacio García Téllez yéetel Unidad Médica de Atención Ambulatoria (UMAA), tu noj kaajil Jo’. Beey túuno’, yaan xan u táakbesa’al óoxp’éel kúuchilo’ob yaan tu kaajilo’ob Motul, Umán yéetel Tizimín, ti’al xan u túumbenkunsa’al ba’alo’obi’. Ichil ba’ax yaan u yil yéetel Primer Nivel de Atención, meyajo’obe’ yaan u beeta’al ti’ 19 Unidades de Medicina Familiar (UMF) tu’ux yaan ichil jump’éel tak bolonp’éel kóonsultoryóos, ikil táan u beeta’al u nu’ukbesajil Programa Nacional de Dignificación de UMF, ti’al u k’e’exel, u ma’alobkúunsa’al yéetel u túumbekunsa’al kúuchilo’ob.
Uláak’ ba’ax kun meyajtbile’ leti’e’ Almacén General Institucional, tu’ux ku líik’sa’al yéetel tu’ux ku t’o’oxol ts’aako’ob ti’al máaxo’ob ku bino’ob te’e kúuchilo’obo’.K’a’anan u ya’alale’, IMSS tu lu’umil Yucatáne’, ikil u meyaj u kúuchil Subdelegación Mérida Norte, náajalta’ab Premio IMSS a la Competitividad, le beetike’, yaan u ts’a’abal uláak’ taak’in ti’al xan u k’a’axel le kúuchilo’.Máax jo’olbesik IMSS tu péetlu’umil Yucatán, Alonso Juan Sansores Río, tu ya’alaje’ meyaj kun beetbile’ ku chíikbesik u yóol yaan ti’al u yutsil meyaj kúuchilo’ob tu’ux ku ts’aatáanta’al kajnáalo’ob.   
"
Barbra Banda tu kóochabtaj gool 1000 ichil u Copail báaxal ko’olel FIFA,01/08/2023,"Jump’éel ba’al kun p’áatal ti’ u k’ajla’ayil kóochak’ wóolise’ béeychaj jo’oljeak tumen u múuch’il Zamia, ka’aj báaxalnaj tu táan Costa Rica. Ti’al u béeytale’ yanchaj u máan 31 ja’abo’ob, wakp’éel winalo’ob yéetel 15 k’iino’ob.
"
Kabnáalo’obe’ tu takpolto’ob ma’ beeta’ak mixba’al ikil tu k’askúunta’al ba’al yóok’lal áagrokimikóos,02/08/2023,"Ti’ jump’éel múuch’tambal beeta’ab ichil u subsekretaryóoil Secretaría de Gobierno, Hugo Calderón, yéetel u kabnáalilo’ob Crucero San Luis yéetel San Francisco Suc Tuc, a’alabe’ u jala’achil u lu’umil Kaanpeche’ yaan ka’ach 30 k’iino’ob ti’al u jets’ik bix táan u k’askúunta’al lu’um, yéetel ti’al u ts’aatáantik tak pool ku beeta’al, je’el bix jets’a’an te’e a’almajt’aano’, ba’ale’ tu jo’oloj óoli’ óoxp’éel winalo’ob beeta’ak yáax tak poole’ -18 ti’ abril- jo’olpóopo’obe’ láayli’ mix ba’al u beeto’ob ti’al u ts’a’abal u p’iisi u seten k’a’abéetkunsa’al áagrokimikóos, wa ti’al u xu’ulsal. Tak walkila’, u xookil ba’ax k’askúunta’ane’ ku chukik 3 mil 500 u p’éel jobono’ob yaan ti’ 100 u p’éel kúuchilo’ob u tséenta’al u yik’el kaab, u miyoonesil ik’elo’ob kaab kimen, ts’o’okole’ pe’erchaja’an 12 miyoonesil pesos, yéetel je’el tak u yantal uláak’ nojoch talamo’ob ti’ maanal 90 u p’éel fáamilyáas, lik’ul u winalil abril, tumen yéetel kaab ku koniko’obe’, káaj u k’a’abéetkunsiko’ob taak’in ti’al u beetiko’ob uláak’ meyajo’ob.
Beyxan, ch’a’achibta’ab jejeláas ba’alo’ob yóok’lal u toj óolal wíinik, tumen tu ya’alajo’obe’ walkila’ yaan k’oja’ano’ob mina’an ka’ach lajun ja’aob’ob paachil, je’el bix kaalkulóos renaalées, yéetel uláak’o’ob kroniikóo-déejenratibóo k’oja’ano’ob. Le beetike’, tu k’a’ajsajo’ob bix úuchik u ch’éenel u k’a’abéetkunsa’al glifosato, tumen yanchaj xaak’alo’ob tu ye’eso’obe’, chíikpaj le kiimikoa’ ich ja’e’, ti’ paak’áalo’ob yéetel ti’ u k’i’ik’el kajnáalo’ob.
Tu ya’alajo’obe’ luk’o’ob tu’ux yaan jump’éel k’aasil ti’al u yokolo’ob ti’ u jeel, tumen ku jachk’a’abéetkunsa’al áagrokimikóos ti’al ma’ u lo’obol k’áax, yéetel ti’al u kíinsa’al ik’elo’ob, tumen u tuukulile’ nukuch transasiyóonales mola’ayo’obe’, leti’ u béeytal u biinsa’al ti’ uláak’ táanxel lu’umo’obe’, i’inajo’ob yéetel paak’alo’ob ma’ suuk u yila’al wa tu’uxo’obi’.
"
"El Camino hacia la Milpa, báaxal beeta’ab ti’al u chíimpolta’al u meyajil kool te’e kaajo’obo’",02/08/2023,"U báaxalil El Camino hacia la Milpa, uláak’ jump’éel ba’ax táan u meyajta’al tumen u múuch’kabil U Yich Lu'um ti’al u ka’a líik’sa’al maaya t’aan, yéetel ti’al xan u k’i’itbesa’al ichil paalalo’ob jejeláas ba’alo’ob k’a’anan u yojéelta’al ti’al u ka’anal bix u na’atal kool yéetel bix u jelpajal ba’al ikil táan u k’éexel yóok’ol kaab.Meyaje’ jbeeta’ab tumen Karla G. Hernández Aguilar, máax táan u xokik u dóoktorado tu noj najil xook Universidad de Nottingham, Reino Unido, ich múul meyaj yéetel u ko’olelilo’ob ti’ u múuch’kabil U Yich Lu'um, leit’e’ máaxo’ob jbeet le báaxala’, óoli’ je’el bix serpientées y eskaleráas, ti’al beyo’, máaxo’ob kun báaxale’, u k’ajóoltiko’ob bix u beeta’al u meyajil kool, ikil u tso’olol tumen nokoch máako’ob ti’ u kaajil Sanahcat, Yucatán.
“Bino’on k-u’uy u t’aan nojoch máako’ob suuka’an u beetiko’ob kool, tk’áataj ti’ob ich maaya ka u tsikbalto’on bix u láaj beeta’ali’. K-k’áat e’es wíinik te’e báaxala’, beyxan láak’tsilo’ob meyajtik kool, tumen ya’abach ba’al u yojelo’ob máax u kanmajo’ob kool”, tu ya’alaj Yamili Chan, ko’olel táaka’an tu múuch’kabil U Yich Lu'um.Karlae’ tu kaxtaj u taak’inil u meyajta’al le báaxala’ tu noj najil xook Escuela de Geografía ti’ Universidad de Nottingham, le beetike’, patjo’olta’ab báaxal tumen tu ka’atúulalo’ob táan u yilko’ob yaan ba’alob táan u yúuchul yéetel kool yóok’lal u k’eexilo’ob yóok’ol kaab.48 u p’éel káasiyáas yaan ti’ le báaxalo’. Te’elo’, xa’ak’ta’an ba’ax u yojel kolnáalo’ob yéetel ba’ax ojéela’an sientifikamentée. Máaxo’ob kun báaxale’ k’a’abéet u yilko’ob ma’ u kastal kool tumen u k’eexilo’ob yóok’ol kaab. Ku béeytal u báaxta’al chéen ich káastelan wa chéen ich maaya.Yéetel báaxale’ táan u kaxta’al u ka’ansa’al ti’ máak bix u kaláanta’al yóok’ol kaab te’e kaajo’obo’, u ye’esa’al ti’ paalal bix u meyajta’al lu’um, u ka’a líik’sa’al maaya t’aan, yéetel xan u tse’elel u muuk’ táanxel lu’umil siensyáa ku ts’a’abal yóok’ol máasewal kaajo’ob, ikil u péektsilta’al uláak’ ba’alo’ob tu’ux ma’ tu chíimpolta’al úuchben ba’ax suuk u beeta’al te’e kaajo’obo’.   
"
Ku tukulta’ale’ tu yúuchben woojilo’ob tu jáal ja’il Las Labradase’ ts’íiba’ab u máan Halley eek’,03/08/2023,"Tu jáal ja’il, tu méek’tan kaajil San Ignacio, Sinaloae’, yaan junmúuch’ basaltikóo tuunich, jóok’ ti’ wiits k’áak’, tu’ux póola’ab ts’íibo’ob ichil u ja’abilo’ob 900 tak 1100 ti’ u jaatsk’iinilo’ob Nuestra Era. Te’elo’, ku yila’al bix tuukul máasewal kaajo’ob kuxlaj te’e k’inako’obe’.U kúuchil Zona Arqueológica Las Labradas ets’ekbal tu’ux yaan chakte’ob, yéetel yaan kex 700 u p’éel úuchben wooj póola’an, tu’ux ku yila’al xíiwo’ob, nikte’ob, ba’alche’ob yéetel uláak’ jeomeetrikóo ba’alo’ob, ts’o’okole’ kex yéetel beyka’aj isíinsa’an tumen k’áak’nabe’, ma’ k’asaki’. Ichil ba’ax woojole’ ku jach chíikpajal ka’ap’éeli’, tumen ku tukulta’ale’ ku ye’esik le ka’apuul úuchik u k’áatal u eek’il Halley, beey a’alabik tumen u meyajnáalilo’ob u mola’ayil Instituto Nacional de Antropología e Historia (INAH).
Yaan kex kamp’éel tuunicho’ob e’esik wa ba’ax yaan u yil yéetel espaasyal ba’al, yéetel uáak’o’ob tu’ux ts’a’aban xookolo’ob.Beyxan yaan woojo’ob chíikbesik u kanti’itsil yóok’ol kaab, ba’ale’ INAHe’ u ts’áamaj k’ajóoltbile’ yaan uláak’o’ob e’esik u k’iimbesajil kéen k’éexek u máan k’iin. Te’e k’áaxo’, kaxta’an manal 20 u p’éel kaajtalilo’ob káaj u jéets’elo’ob lik’ul u ja’abilo’ob 7000 tak 5500 ma’ili’ okok u jatsk’iinilo’ob Nuestra Era, ba’ale’ póol meyaj beeta’an te’e tuunicho’obo’, ku tukulta’abe’ ya’abach ja’abo’ob paachil ka’aj beeta’abij.
"
"Tu ja’abil 2022e’, oksa’ab lalaj p’isk’iine’ 66 u túul máak tu kúuchilo’ob k’alab tu lu’umil Yucatán",03/08/2023,"Tu petenil Yucatáne’ oksa’ab  3 mil 468 u túul máak tu kúuchil k’alabil le ja’ab máaniko’. U promeedyoil túune’ k’uch 66 máak lalaj p’isk’iin: Ichil xookil beeta’ab tumen Censo Nacional de Sistemas Penitenciarios Federal y Estatal (CNSIPEE-F) ila’ab u promeedyoil tu péelu’umil Quintana Rooe’ 35.8 lalaj semaanáa; Yucatáne’ 20, yéetel Kaanpeche’ 9.9. Mix jump’éel ti’ le óoxp’éel péetlu’umo’obo’ jo’olbesik u tsoolil tu’ux ya’abach wíinik ku yoksa’al tu kúuchil k’alab; u lu’umil Yucatán yéetel Kaanpeche’ ti’ yano’ob tu ts’ook wakp’éel kúuchilo’obi’, ba’ale’, ti’ lajun máak k’ala’ane’, kantúule’ ma’ jets’a’an beyka’aj k’iin kéen u beet te’elo’, beey jts’a’ab k’ajóoltbil tumen Instituto Nacional de Estadística y Geografía (Inegi). Ti’ tuláakal máaxo’ob ma’ jáalk’abe’, ba’ale’ ma’ xan je’ets’ek u si’ipile’, u 50.2 por sientoile’ oksa’an ti’ ba’ax k’ajóolta’an beey prisión preventiva oficiosa; 23.9e’ ti’ yaan tu jaatsil preventiva justificada; 11.4 por sientoile’ ti’ uláak’ wa ba’ax juriidikóo jaatsil, yéetel 14.5 por sientoe’ ma’ béeychaj u yojéelta’al makalmáak u jaatsil tu’ux yano’obi’.
Tu péetlu’umil Yucatáne’ yaan kamp’éel kúuchilo’ob k’alab yéetel jump’éel éespesyalisadóo kúuchil; Quintana Rooe’ óoxp’éel yani’ yéetel jump’éel éespesyalisadoi’; yéetel Kaanpeche’ ka’ap’éel yaan yéetel jump’éel éespesyalisadoi’.Kúuchil yaan tu péetlu’umil Quintana Rooe’ jach chuup, tumen ma’ tu chukik kaamas tu’ux ku wenel wíinik, ikil k’ucha’an tak 131 por siento ti’ le beyka’aj unaj u yantal máaki’; Kaanpeche’ chuup tu 58 por sientoil yéetel Yucatáne’ 48.7 por sientoil. Ichil ba’ax a’alab tumen CNSIPEE-Fe’, tuláakal wíinik oksa’an tu kúuchil k’alab tu petenil Yucatáne’ ku ja’atsal beya’: tres mil 204e’ ti’ yano’ob QRoo; mil 555 tu péetlu’umil Yucatán, yéetel mil 76 Kaanpech. Ichil péetlu’umo’ob tu’ux yaan u ya’abil máaxo’ob ku yoksa’al tu kúuchilo’ob k’alabe’, ti’ yaan Baja California yéetel Estado de México. Te’e yáaxo’ yaan 19 mil 664 u túul máaki’ yéetel tu ka’ap’éelilo’ 13 mil 712.
"
Ku tukulta’ale’ u yúuchben ch’i’ibal ch’ooj báayenae’ ''u asab aalil” ba’alche’'' yanchaji,03/08/2023,"Ma’ úuch ku kaxta’al tu lu’umil Perú Perucetus colossus, juntúul nukuch kay táan u yila’ale’ míin u asab aalil yanchaj, a’alab ti’ jump’éel xaak’al jóok’sa’ab tu pikil ju’unil Nature. Máaxo’ob ts’íibte’ ku ya’aliko’obe’ le nuxi’ ba’alo’ aalchaj ichil 85 tak 340 tóoneladas.
"
"Xlapak, úuchben kaaj méek’tanta’an tumen Oxkutzcab; ku jach chíikpajal u estiiloil Pu’uk",04/08/2023,"Tu náachil 113 kilometróos náach ti’ u noj kaajil Jo’e’, ti’ yaan u yúuchben kaajil Xlapak, kúuchil tu’ux líik’sa’ab jump’éel ti’ le tuunich multun asab k’a’anan ti’ bix meyajta’abik ba’ax k’ajóolta’an beey Pu’uk.Le kúuchila’, ku k’aaba’tik El Palacio, yéetel leti’ u nojochil yaan ichil u yúuchben kaajil Xlapak. Tu táanile’, ts’a’aban póol tuuch yéetel jayp’éel greekáas, beyxan uláak’ jeomeetrikóo ba’alo’ob. Beyxan, tu ti’itsilo’ob yéetel tu chúumukilo’obe’ ts’a’aban u jejeláasil u yich Cháak, ts’o’okole’ le je’elo’obo’ jach jats’uts u cha’antal tumen ajxak’aal xooko’ob yéetel ajxíinximbalo’ob.
Xlapake’ ti’ yaan tu bak’pachil u kaajil Oxkutzcab, u k’aaba’e’ ku ch’a’achibtik “laab tuunich”, yéetel beey jts’a’ab u k’aaba’o’ tumen u tuunichil úuchik u beeta’ale’ maanal 12 siiglos u yúuchbenilo’ob.Ichil ba’ax a’ala’an tumen u mola’ayil Instituto Nacional de Antropología e Historia (INAH), te’e úuchben maaya kaaja’ ku jóok’ol u ya’abil janabe’enbalo’ob ku yantal ti’ kool ti’ u baantail le Pu’uko’, tumen kex mina’an tu’ux u ch’a’abal ja’e’, leti’e’ tu’ux yaan u jach utsil lu’um ti’al u yúuchul paak’áal, ikil u seen k’áaxal cháak, yéetel ba’ax ku taasik tu paach kéen jo’op’ok u yúuchul jooch.Le beetike’, tuláakal kúuchilo’ob yaan te’e baantaa’, ts’a’aban jejeláas ba’alo’ob chíikbesik yéetel e’esik Cháak. Ka’ache’ u kaajil Xlapake’ ku k’exik ba’alo’ob, je’el bix ta’ap’, kaab, piits’, k’u’uk’melo’ob, u yiits kaab, ichil uláak’o’ob, yéetel jach mu’uk’anchaj u kaajil ichil u ja’abilo’ob 800 yéetel 1000 ti’ u jats k’iinilo’ob k’ajóolta’an beey Nuestra Era.
"
Xk'an péepen,04/08/2023,"Máax jo’olbesik u pláanetaryoil Sayab tu kaajil Playa del Carmen, Cristóbal Carrión, tu ya’alaj xk’an péepen (Pyrisitia nise), ku yila’al ichil tuláakal amerikaanóo k’áax. Tu tsolaje’, suuka’an u yila’al tu’ux yaan k’áax, tu’ux yaan ya’abach nikte’, tumen ti’ ku ts’u’uts’ik kaab ti’al u jaantej.“Samal k’an u boonil, ts’o’okole’ ma’ mu’uk’a’ani’, je’el bix ya’abach péepene’. Ku béeytla u tila’al tu xamanil Argentina tak tu jáal ja’il u Golfoil Texas, yéetel tuláakal u chúumukil México, yéetel tu lak’in-noojolil, tu’ux chokoj u yooxol”, tu tsikbalaj.
Ka’alikil láayli’ xnook’ole’, ku jaantik mimoosáa xíiwo’ob, yéetel kéen súutuk péepene’ ku jaantik u kaabil nikte’. Kéen u xit u xiik’e’ je’el u p’isik tak 55 milimeetróos.Mina’an u jela’anil ichil u xiibil yéetel u xch’uupul péepenil, tumen tu ka’atúulalo’obe’ k’antak. Tu ka’analil u xiik’e’ yaane’ kóochtak yéetel óol boox, ts’o’okole’ jach chéen leti’ u jela’anil ichil u xiibil yéetel u xch’uupulil.Leti’ xane’ tu tsikbaltaje’ ku béeytal u ch’a’abal u yoochel wa tak u yéensa’al u yoochel ti’ séelular, tu áaplikasyoonil Comisión Nacional para el Conocimiento y Uso de la Biodiversidad (Conabio), ku k’aaba’tik Naturalista, tu’ux xan ku béeytal u yila’al uláak’ ba’alche’ob je’el bix le je’ela’.  
"
"Tak poolo’ob beeta’ab yóok’lal u ko’onol wíinike’, ka’anchaj 37 por siento ti’ ka’ap’éel ja’ab",06/08/2023,"Jessica Xantomila
Tak poolo’ob yanchaj tumen u ko’onol máak tu noj lu’umil Méxicoe’, ya’abchaj yóok’ol u 37 por siento ichil u ja’abil 2020 yéetel 2022, tumen ka’ache’ ojéela’an yaan 681, ba’ale’ k’uch tak 936 u p’éelal, ka’alikil ti’ le yáax wakp’éel winalo’ob le ja’aba’, ts’o’ok u chukik 488 u p’éel tak poolo’ob, je’el bix a’alab tumen u mola’ayil Secretariado Ejecutivo del Sistema Nacional de Seguridad Pública, tu ya’alaj Oficina de Naciones Unidas contra la Droga y el Delito en México (Unodc, yóok’lal bix u k’aaba’ ich inglés t’aan).Úuchik u máan u k’iinil Día Mundial contra la Trata de Personas, suuka’an u k’ajsa’al lalaj 30 ti’ julioe’,  a’alabe’ u ya’abil wíinik ku ko’onole’ yéetel ma’ tu jach ojéelta’ale’, leti’e’ máasewalo’obo’ beyxan áafromexicanaso’ob, je’el bix xan táanxel kajil máako’ob. Mario Cordero, máax jo’olbesik u nu’ubkesajo’ob Prevención y Lucha contra el Crimen Organizado ichil Unodc, tu ya’alaje’ u ya’abil bix u loobilta’al le jats kaaja’ yaan ba’al u yil yéetel éexplotasyon sexual, ichil ko’olel yéetel xch’úupalal; u ts’a’abal meyaj xiib yéetel xi’ipalal; u ts’a’abal máak k’áat taak’in wa u ts’o’oksa’al u beel máak kex ma’ u k’áati’. Ti’ k’áat chi’ tsikbal beeta’abe’, tu tsikbaltaj bix u kóola’al máak ti’al ba’al beya’, tumen jela’an ti’ bix u beeta’al te’e noj kaajo’obo’. “Ku k’a’abéetkunsa’al k’a’aytajilo’ob ti’ mikrofonóo, ku yantal máax k’a’aytik u kaxta’al máak ti’al meyaj, ba’ale’ ma’ jaaji’”, tu ya’alaj. Tu tsikbaltaje’, máaxo’ob k’a’abéet ti’obe’ ku bino’ob ti’al u yilko’ob ba’axi’, wa ma’ xane’ ku káajal u t’a’anal xch’úupalal ti’al u kóola’al.Cordero tu ya’alaje’ je’el bix u yantal Internet te’e kaajo’obo’, beey xan u bin u k’a’abéetkunsa’al tumen le k’aak’as máako’obo’, ti’al u kaxtiko’ob máax ken u ch’a’ob.Beey túuno’, yóok’lal lela’ Unodce’ táan u beetik u nu’ukbesajil Agentes de Cambio, tu’ux ku ts’aatáanta’al máasewal yéetel áafromexicano máako’ob; ku beeta’al yéetel u yáantajil u jala’achil Canadá, tu’ux xan ku táakpajal Secretaría de Gobernación. Ku kaxta’al u k’a’aytal sajbe’entsil yaan ti’ wíinik, beyxan u ts’a’abal áantaj yéetel u mu’uk’ankúunsa’al meyajo’ob ti’al u yantal justiisyáa, tu péetlu’umilo’ob Guerrero, Oaxaca, Chiapas, Ciudad de México, Veracruz, Baja California yéetel Puebla. 
"
Hubblee’ tu ch’a’aj u yóochel u muuyalil tuunich jóok’ ka’aj p’úuch DART,06/08/2023,"Ajsutu’ut eek’o’ob, wa aastronomos, ku k’a’abéetkunsiko’ob u téeleskoopyoil Hubblee’ tu yilajo’ob tuunicho’ob ku tukulta’al jóok’ ka’aj tu p’uchubáaj u naabe éespaasyáalil DART yéetel u áasteroide Dimorphos, tu chichil kex 22 mil 500 kiloometróos por ooráa, jtsa’ab k’ajóoltbil tumen Agencia Espacial Europea (ESA).
Tu yóolili’ ka’aj beeta’ab u p’úuchul DART yéetel Dimorphos tu k’iinil 26 ti’ septiembre ti’ u ja’abil 2022, ts’o’okole’ lelo’ tu beetaj u jach k’éexil bix ka’ach u suut u oorbitail tu bak’pachil nuxi’ áasteoridée, Didymos.Le 37 u p’éel tuunicho’ob jóok’ ti’ le je’elo’, jejeláas u nuuktakil. Yaane’ jump’éel meetróo yéetel uláak’o’obe’ ku chukik tak 6.7 meetróos u kóochil, je’el bix chíikpaj ti’ oochelo’ob jch’a’ab tumen Hubble. Jump’éel kiloometróo por ooráa u bin u náachtal tuunicho’ob ti’ áateroidée.Beey túuno’, tuláakal u maasail tuunich ila’abe’ ku p’isiko’ob kex .1 por sientoil u maasail Dimorphos. Le tuunicho’oba’ chéen jayp’éel ti’ le nu’ukulo’ob maas jach p’aayach béeychaja’an u jóok’sa’al u yoochel ichil tuláakal Sistema Solar.  
Lee también: ‘Hubble’ distingue un deslumbrante cúmulo de estrellas en la Vía Láctea
"
Yucatáne’ k’uch tu yáax kúuchil ichil lu’umo’ob tu’ux asab ya’ab u kíinsikubáaj máak: Inegi,08/08/2023,"Ichil u ja’abil 2022, tu péetlu’umil Yucatáne’ yanchaj 374 u túul máak tu kíinsubáaj, maanal 33 ti’ le beyka’aj yanchaj ti’ u ja’abil 2021, le beetike’ ichil le 32 péetlu’umo’ob yane’, ti’ yaan tu yáax kúuchil, beey chíikbesa’ab tumen u xookil Estadísticas por Defunciones Registradas (EDR) beeta’ab tumen Instituto Nacional de Estadística y Geografía (Inegi).
Le je’ela’ u k’áat u ya’ale tu lu’umil Yucatán yaan u ya’abil máax ku kíinsikubáaj, ichil lalaj 100 mil kajnáalo’ob, kex beyo’, yaan uláak’ péetlu’umo’ob tu’ux asab ya’ab máak tu kíinsubáaj.  
Ti’ le ts’ook ja’abo’obo’, Yucatáne’ ti’ ku sutulsuut ichil le yáax óoxp’éel kúuchilo’ob tu’ux asab ya’ab máak ku kíinsikubáaj, ba’ale’ le septiembre máaniko’ leti’e’ ka káaj u beeta’al nu’ukbesajo’ob ti’al u ts’aatáanta’al le talamila’.
Arsenio Rosado, máax jo’olbesik Instituto de Salud Mental tu lu’umil Yucatán, tu tsolaje’ úuchik u yantal pak’be’en k’oja’ane’, 19 ti’ septiembre ti’ u ja’abil 2022 káaj u beeta’al u nu’ukbesajil Juntas y juntos por la salud mental de Yucatán, tu’ux ku ts’aatáata’al jo’o jaats: u beeta’al kóonsejos te’e kaajo’obo’, u yantal múuch’o’ob meyaj ti’al u ts’aatáanta’al u yóol máak, u beeta’al u táamisajeil ti’al u wila’al wa yaan u sajbe’entsil u kíinsikubáaj máak ikil u k’a’abéetkunsa’al u áaplikasyoonil MeMind wa u taan máak ti’al u k’áatik áantaj 800108800, ku meyaj bul k’iin yéetel bul áak’ab, tuláakal u k’iinilo’ob le ja’aba’, yéetel u koodigoil 100  ti’al u béeytal u ts’aatáanta’al máaxo’ob ts’o’ok u ts’áakubáaj u kíinsukubajo’ob ba’ale’ ma’ béeychajo’obi’.  
Ba’ale’ xts’akyaj Ingrid Vargas Huicochea, u x-xak’al xookil Departamento de Psiquiatría y Salud Mental ti’ u noj najil xook Facultad de Medicina, UNAM, ku ya’alike’ ma’ tu chúukpajal meyaj wa chéen ku ts’aatáanta’al ba’ax yaan u yil yéetel áadixiones yéetel u toj tuukul wíinik.
Ku ya’alike’, kaaj yéetel jo’olpóopo’obe’ unaj u ts’aatáantiko’ob le talamila’, ba’ale’ k’a’abéet u táakbesa’al jejeláas bak’pachtik wíinik, ma’ chéen u beeta’al nukuch káampañas beeta’ab ti’ uláak’ kaajo’ob jela’antak ti’ le tu’ux yano’ono’. 
"
Tu noj lu’umil Nueva Zelandae’ yaan juntúul chan ba’alche’ ku tsa’ayal u k’exik u boonil ti’al ma’ jaanta’al tumen uláak’o’ob,08/08/2023,"Juntúul chan ba’alche’ kaja’an Nueva Zelanda (u xya’axkach u tuunichil Zelandoperla fenestrata) tu kanaj u beet beey juntúul tooxikóo ba’alche’ ti’al ma’ u jaanta’al tumen u jeelo’ob, 
Ichil kuxtal yaan yóok’ol kaabe’, ba’alche’ob yaan u k’aasil ts’aake’ ma’ suuka’an u k’a’aytiko’ob u k’aasili’; ya’abach ti’ leti’obe’ ku ye’esiko’ob jats’uts boono’ob, je’el bix boox, sak yéetel k’aank’ab, je’ex u ti’al u yik’elo’ob kaab.
Óoli’ beey xan u beetik le chan ba’alche’a’. Juntúul xya’axkach ku tsa’ayal u beetik sianuróo tu lu’umil Nueva Zelanda, Austroperla cyrene. Lela’ ku tsa’ayal u chíikbes mu’uk’a’an boono’ob ti’al u “k’a’aytik” sajbe’entsil; ku ye’esik u booxil, u sakil yéetel u k’aank’anil ti’al u ye’esik yaan u muuk’ yóok’ol uláak’ ba’alche’ob ku ts’áakubáaj u jaantej. 
Ti’ jump’éel meyaj jts’a’ab k’ajóoltbil Molecular Ecology, a’alab tumen u ajxaak’alilo’ob u kúuchil Departamento de Zoología, ti’ u noj najil xook Universidad de Otago, tu chíikbesajo’obe’ yaan juntúul ba’alche’ ma’atech u chi’ibale’, tu kanaj “u tuus” u jeelo’ob yaan u k’aak’as ts’aakil ti’al ma’ u cha’ak u jaanta’al.
U nojochil máax beet xaak’ale’, Brodie Foster, tu ya’alaje’ kéen u beet jach je’ex le ku chi’ibalo’, u xya’axkach u tuunichil Zelandoperla fenestrata ku kaxtik u ts’áak saajkil ti’al u ma’ u jaanta’al.  
“Ch’íich’e’ maas talam kéen u yil u na’atik u jela’anil ichil xya’xkach ku chi’ibal yéetel le ma’atecho’, le beetike’ ma’ tu bin jaantbil. Ti’al máax ma’ u k’ajóolo’obe’, ma’ tu béeytal u yila’al u jela’anil ichil le ku chi’ibalo’ yéetel le ma’atecho’”, a’alab ti’ k’a’aytajil ts’íib. 
"
U lu’umil Esloveniae’ táan u yilik u píitjo’oltik bulkabilo’ob ,08/08/2023,"Ti’ jump’éel xíimbal meyaj beeta’ab tu’ux buulule’, yáax ministróo, Golobe’, tu k’áataj áantaj ti’ uláak’ noj lu’umo’ob yaan naats’, yéetel tu meyajtik europeoil nu’ukbesaj ti’al u ts’aatáantik kaaj.
"
U yik’elo’ob kaabe’ taalja’ano’ob ti’ jump’éel úuchben nuxi’ kóontinentéej: xaak’al,09/08/2023,"K’iin aka’aj yanchajo’ob ik’elo’ob kaabe’, maas jach táaj úuchben ti’ le miyoonesil ja’abo’ob ku tukulta’alo’, ts’o’okole’ yanchajo’ob ti’ jump’éel úuchben noj lu’um, beey chíikpaj ti’ jump’éel túumben xaak’al beeta’abij.
Junmúuch’ máako’ob jo’olbesa’anob tume u ajxak’al xokilo’ob Universidad Estatal de Washington (WSU) tu jach xak’alt u ch’i’ibal u yik’elo’ob kaab ka’aj ila’abe’ yaan kex 120 miyoonesil ja’abo’ob tak Gondwana, tu’ux xan oka’an tak África yéetel América del Sur k’ajóolta’an walkila’.
Te’e meyajo’, ajxak’al xooko’obe’ tu kaxto’ob yaan ba’ax e’esik u yik’elo’ob kaabe’, maas úuch yanako’ob ti’ le ku tukulta’alo’, ts’o’okole’ séeba’an úuchik u yantal u jejeláasil yéetel maas náachchajo’ob ti’ le ku tukulta’alo’. 
Ba’ax túumben kaxta’abe’, jts’a’ab k’ajóoltbil tu pikil ju’unil Current Biology. “Úuch káajak u na’ata’al tu’ux u taal u yik’elo’ob kaab”, a’alab tumen Silas Bossert ti’ k’a’aytajil ts’íib, máax ku yáantaj meyaj tu kúuchil Departamento de Entomología de WSU, máax múul meyajt xaak’al yéetel Eduardo Almeida, jka’ansaj ti’ u noj najil xook Universidad de São Paulo, Brasil.
Úuchik túun u beeta’al múul meyaje’, béeychaj u beeta’al muestreo yéetel xaak’al ti’ kóomputadoráa. U múuch’ meyajil Bossert yéetel Almeidae’ tu nupaj yéetel tu ketaj u jeenesil maanal 200 u p’éel u jejeláasil u yik’el kaab. Jke’et yéetel u chíikul u reestosil 185 u foosilées jejeláas ik’elo’ob kaab, je’el bix xan jayp’éel ti’ le ts’o’ok u ch’éejelo’ob, tumen beyo’ béeychaj u k’as na’ata’al bix úuchik u k’éexelo’ob yéetel tu’ux u taal u ch’i’ibalo’ob.
 Ts’o’okili’ u yáax je’ets’el tumen u jeel ajxaak’alo’obe’, yáax ik’elo’ob kaabe’ míin k’éex u wíinkulalo’ob ti’al u súutulo’ob xuux, tumen ka’aj káaje’ leti’ob ku máano’ob janal, ba’ale’ ka’aj ts’o’oke’ leti’ob máan u monla’ant kaab. Le xaak’ala’ ku ye’esik yanchaj lu’um, tu chik’inil Gondwana, tu jats k’iinil Cretácico temprano, tu’ux ila’ab ik’elo’ob kaab. 
"
Ik’elo’ob tsa’aysik k’oja’ano’ob p’aatal ti’ yiibil permafroste’ je’el u beetik u yantal sajbe’entsil ti’al yóok’ol kaab,09/08/2023,"Úuchben ik’elo’ob ku púuts’ulo’ob ti’ permafrost ku yíibile’ jach noj ba’al ti’al mikrobianóo kuxtal yaan, ts’o’okole’ ku beetik u yantal sajbe’entsil ti’al u toj óolal wíinik, beey a’alab ti’ jump’éel u túumben xaak’al in Giovanni Strona, ti’ u kúuchil Centro Común de Investigación de la Comisión Europea, tu’ux táakpaj u jeel máako’ob, yéetel jts’a’ab k’ajóoltbil tu pikil ju’unil PLOS Computational Biology.
U yíibil u yeeloil glaasiares yéetel permafrost táan u beetik u yantal jejeláasil mikrobyoose’, táan u ts’áak u páajtalil u ka’a líik’ilo’ob, ts’o’okole’ lelo’ sajbe’entsil ti’al u toj óolal wíinik yéetel ti’al yóok’ol kaab, tumen mix jach ojéela’an beyka’aj ba’al yaan ti’obi’.
Ti’ túumben xaak’ale’ u múuch’ meyajil Atronar’ tu ts’áajubáaj u na’at ba’ax talamilo’ob je’el u taasik jump’éel ba’al beya’ yéetel u yáantajil simuladorées. Tu beetajo’ob u súutul ik’elo’ob je’el bix wa ka k’éexeke’ ti’al u yilko’ob óoli’ bix u multa’al ka’ach uláak’ bakterias je’ex le je’elo’. 
Múuch’ meyaje’ tu yilaj, ti’ síimulasyoonese’, úuchben ik’elo’obe’ suukchaj u kaniko’ob kuxtal yéetel u k’éexelo’ob ti’ túumben wíinkilalo’ob, ts’o’oke’ kex 3 por sientoe’ jach mu’uk’anchajo’ob. 
Talamo’ob je’el u yantal yóok’lal le 1 por sientoil ik’elo’ob ku cha’akubáaje’, ma’ seen ya’abi’, ba’ale’ yóok’lal beyka’aj yane’ ku cha’apajal ti’ le yano’ob walkila’, le beetik je’el u k’askúuntik ba’al. 
"
"Puksi’ik’ale’ yaan u kukuláankil ich maayat’aan, tu kaajil Noj Kaaj Santa Cruz, Quintana Roo",09/08/2023,"Ichil u k’iimbesajil Feria de las Lenguas Indígenas Nacioanles yaan u yantal maanal 80 u p’éel jejeláas meyajo’ob, ti’ u kaajilo’ob le baantao’, tu’ux yaan u táakbesa’al 23 u p’éel t’aano’ob ti’ u noojol-lak’inil México.
"
Tu péetlu’umil Quintana Rooe’ ku yu’ubal 48 u p’éel máasewal t’aano’ob ti’ le 68 yano’ob Méxicoi’: Inali,10/08/2023,"Tu péetlu’umil Quintana Rooe’ ku t’a’anal 28 ti’ le 68 u p’éel máasewal t’aano’ob ku yu’ubal tu noj lu’umil Méxicoi’. 
Lela’ jump’éel ba’al ku yúuchul tumen ya’abach táanxel kajil máako’ob k’ucha’ano’ob kajtali’, óoli’ maanal 200 mil u túul máaxo’ob t’anik jump’éel máasewal t’aan te’elo’, beey tu tsikbaltaj tu tse’ekil Migración en el sur maya, educación y diversidad lingüística, beeta’ab ka’alikil táan Feria de las Lenguas Indígenas Nacionales (Flin) 2023, tu kaajil Chan Kaaj Santa Cruz. 
Jguatemalail lingüiistáa, Jorge Raymundo Velázquez, tu ya’alaj maaya kaaje’ úuch káajak u péek ti’ uláak’ lu’umo’ob: tu k’iinil úuchben ch’i’ibalo’obe’.
“Le cha’ana’, táan u beet’aal ti’al u kaajilo’ob tu noojol-lak’inil México, beyxan le yano’ob tu xuul lu’umil México yéetel Guatemala, tu’ux ts’o’ok u yantal ya’abach k’eexilo’ob yéetel u máan k’iin. 
To’one’ ma’ chéen lu’um kmúul ti’alintik, beyxan t’aan, miatsil, tuukul yéetel kuxtal; ts’o’ok maanal 5 mil ja’abo’ob káajak u yúuchul”, tu ya’alaj. 
Tu ka’a a’alaje’, u luk’ul máak tu kaajal ti’al u bin uláak’ táanxelile’, ma’ túumben ba’ali’, le beetik ku yu’ubal jejeláas t’aano’ob ti’ uláak’ baantailo’ob, je’ex Huasteca; beyxan ku yila’ale’, asab ya’ab u k’uchul máak ti’ kaajo’ob tu’ux maas ku chan yantal náajal, je’ex Quintana Roo. 
Tu tsikbaltaje’, yaan jayp’éel ba’al ku taal tu paach, u luk’ul máak tu kaajal ti’al u bin uláak’ táanxelil: u xóot’ol u k’áanil kúuchkabal, beyxan le nuupul yéetel u kaajal máaj, yaan uláak’ ko’olel táan u jo’olbesik taanajo’ob, yaan paalal mina’an u yuum, ichil uláak’ ba’alo’ob. 
Ts’o’okole’ lelo’, ba’alo’ ku lúubul aal ti’ maitsil yéetel ti’ t’aan.
"
Guatemalae’ tu beetik noj meyajo’ob ti’al u kaláanta’al ma’ u sa’atal t’aani’,10/08/2023,"U kúuchil Academia de Lenguas Mayas de Guatemala (ALMG) tu tsolaj noj meyaj yaan tu pach, tumen ti’ ku k’a’ayta’al jejeláas ba’alo’ob yóok’lal maaya t’aan te’e noj lu’umo’, tumen yaan 22 u p’éel máasewal t’aano’obi’. 
Beey úuchik u ya’alal tu múuch’ tsikbalil “Proyectos de investigación en lingüística y cultura maya”, tu k’iimbesajil Feria de las Lenguas Indígenas Nacionales (Flin) 2023, táan u beeta’al Chan Kaaj Santa Cruz; yaan u ts’o’okol tak 12 ti’ agosto. 
Manuel Raxuleú Ambrocio, máax jo’olbesik ALMG, máax xan t’anik k’iche t’anee’, tu ya’alaje’ táan u múul meyajo’ob yéetel u jala’achil Guatemala ti’al u ka béeytak u yantal a’almajt’aano’ob, tu’ux ka béeyak u kéet kuxtal máasewal kaajo’ob, tumen le je’elo’ jump’éel ba’al mantats’ u k’áata’al ka úuchuk te’e kaajo’. 
Maaya t’aano’obe’, tu ya’alaj, ku yu’uba’alo’ob México beyxan Guatemala; le yano’ob te’e yáax noj lu’umo’, óoli’ “talam” yaniko’ob, tumen ma’ jach mu’uk’anta’ako’obi’. 
“Táan ktaasik, yéetel tuláakal k-utsil óole’, jayp’éel noj meyajo’ob táan kbeetik ti’al ktsikbaltik te’ex, ba’ale’ beyxan taak k-u’uyik ba’ax táan xan a meyajtike’ex ti’al a ts’aatáantike’ex t’aan. 
AMLGe’ táan u beetik jump’éel nu’ukbesaj tu’ux ku jach kaxta’al ka meyajnak mola’ayob ti’al u ka’a líik’siko’ob t’aan”, tu ya’alaj Manuel Raxuleú. 
Te’e súutuko’, táakpaj xan Valentín Ailón Alcón, juntúul jchalchiteco t’aan; Francisco Pedro Miguel, máax t’anik maaya akateko yéetel Ramona Margarita Domingo Díaz, máax u yojel xjakaltekoil t’aan.
"
"Máaxo’ob ku meyajo’ob yóok’lal maaya t’aane’, táan u péeksiko’ob u yóol kaaj ti’al u mu’uk’anchajal",11/08/2023,"Te’e k’iino’oba’, ka’alikil táan u beeta’al u noj k’iimbesajil máasewal t’aano’ob tu noj kaajil Felipe Carrillo Puertoe’, táan u yantal jejeláas meyajo’ob, tu’ux ku múuch’ul maaya t’aano’ob, yéetel máaxo’ob beetik jejeláas nu’ukbesajo’ob ti’al u yantal u muuk’il le t’aana’, ikil táan u chíikpajal táan u bin u ch’éejel. 
Beey túuno’, ichil ba’ax tsikbalta’al tu k’iinil jo’oljeak jueves, tu kúuchil Casa de la Cultura, te’e noj kaajo’, k’a’ayta’ab ba’ax u beelal yéetel ba’ax u tuukulil u meyajil Péekbal Waye’, tu’ux a’alabe’ yéetel le je’elo’ táan u kaxta’al u yajal u tuukul kaaj ti’al u líiks’a’al le maaya t’aano’; najmal u chíikpajal bix u táakpajal kaaj ti’ le meyaja’, tumen chéen ja’alil beyo’ yaan u béeytal u líik’il u muuk’. U náayile’, ka béeyak u kuxtal máak ich maaya t’aan ti’ je’el tu’uxak ka xi’ik. Te’e súutuko’, táakpaj Yazmín Novelo, Socorro Cauich yéetel Lilia Hau. 
Beyxan u múuch’kabil Global Voices, tu beetaj jejeláas tsikbalo’ob yéetel súutuk kaambalo’ob, tu’ux táakpaj máaxo’ob táan u péektsiltiko’ob t’aan ti’ nu’ukulo’ob je’el bix Internet yéetel u jeel díijital ba’alo’ob. Te’e k’iina’, táakpaj Alfredo Hau yéetel u meyajil Úuchben ts’íib ti’al túumben kaaj, ti’ u lu’umil Yucatán; Margarita Martínez yéetel u tsikbalil Snichimal jbats’i k’optik: un diálogo desde la lingüística antropológica, ti’ u lu’umil Chiapas, ichil uláak’o’ob. 
Beyxan, tsikbalta’ab jejeláas ba’alo’ob yóok’lal ba’ax yaan u yil yéetel u sutt’aan beyxan k’ext’aan tu noojol-lak’inil Méxicoe’ táakpaj Dalila Cauich, Mayusa Gonzáles yéetel Nilvia González, máaxo’ob tu tsikbalto’ob ba’ax talamil ku máansik juntúul máax meyajtik ba’al beya’, tumen ma’ chéen ch’a’abil le meyajo’; ko’oj u beeta’al yéetel ma’ tu chúukpajal u bo’olil, tu ya’alajo’ob te’e súutuko’.
Ba’ax ku taal
Cha’ane’ tukulta’an u ts’o’okol 12 ti’ agosto. Yaan uláak’ e’esajilo’ob, tsikbalo’ob yéetel cha’ano’ob tu kaajil Tihosuco, yaan ba’al u yil yéetel janalo’ob, beyxan u k’a’ananil paax yéetel káan iik’ ti’ilil, u ka’ansa’al maaya t’aan yéetel áaplikasyoones, ichil uláak’ ba’alo’ob. Ku páajtal u xak’alta’al ba’ax yaan te’e noj meyaja’, tu Facebookil Instituto Nacional de Lenguas Indígenas. 
"
Chúun u noj k’iimbesajil máasewal t’aano’ob 2023; yanchaj paax yéetel mokt’aan ti’al u yutsil maaya ,13/08/2023,"Te’e k’iino’ob máano’oba’, 9 tak 12 ti’ agostoe’, beeta’ab u noj k’iimbesajil máasewal t’aano’ob tu noj kaajil Noj Kaaj Santa Cruz, Quitana Roo, tu’ux ti’al u chúunsa’al tuláakal ba’ax meyajta’abe’, jets’a’ab jump’éel mokt’aan ichil u mola’ayil Instituto Nacional de Lenguas Indígenas yéetel Instituto de la Cultura y las Artes (ICA) ti’ le péetlu’umo’, ti’al u mu’uk’ankúunsa’al, u k’a’abéetkunsa’al yéetel u táakmuk’ta’al maaya t’aan ku yu’ubal te’e noj lu’umo’. Te’e súutuko’, táakpaj Alma Rosa Espíndola, máax ti’ k’ubéenta’an u jo’olint Inali; Armandina Cárdenas, máax jo’olbesik u jaats meyajil políticas lingüísticas Inali yéetel Lilián Villanueva, máax jo’olbesik ICA. 
Beyxan, te’e k’iino’obo’, yanchaj u súutukil úuchik u xo’okol k’aay tuukulo’ob, tu’ux táakpaj jts’íib Jorge Cocom Pech yéetel Sasil Sánchez Chan; yanchaj jayp’éel tuukulo’ob a’alabij, je’el bix u k’a’ananil u na’atal t’aano’obe’ ma’ jumpáay yanik ti’ wíiniki’. Te’el xano’, k’a’ajsa’ab aanimáas Isaac Carrillo Can, yéetel xoka’ab jayp’éel u ts’íibo’obi’. 
Lee: Fortalecer, preservar y desarrollar el uso de las lenguas originarias, el objetivo del Inali
Yanchaj xan u súutukil kaambal, k’aaba’inta’ab U ki' boonil na'ato'ob, meyajta’ab tumen u mola’ayil Instituto Municipal para el Fortalecimiento de la Cultura Maya de Mérida, tu’ux e’esa’ab ti’ máaxo’ob ma’ u yojelo’ob le t’aano’, jayp’éel t’aano’ob yéetel kóom tsikbalo’ob.
Ti’al u jach ts’o’okol meyaje’, yanchaj jump’éel noj k’iimbesaj tu’ux táakpaj óoxp’éel múuch’ paax: Wayaneen, ti’ u péetlu’umil Kaanpech; Chan Santa Roots, Quintana Roo, yéetel Juumil Moots, ti’ u lu’umil Yucatán. U ts’ook múuch’a’, yáax úuchik u ts’áak k’ajóoltbil u túumben xk’aayil, Belle Delouisse. U súutukil ki’iki’ óole’ xáanchaj kex óoxp’éel ooráa, ts’o’okole’ kex jach chokoj u yooxole’, máaxo’ob bino’obe’ jp’áato’ob tak tu ts’ook paaxil.
Tu ts’ooke’ jo’olpóopobe’ tu beetajo’ob páayt’aan ti’al ka yanak múul meyaj tu’ux ka béeyak u jach táakmuk’ta’al maaya t’aan.
Notas relacionadas:
- Visibilizan aportaciones de las mujeres en la preservación de la lengua
- En QRoo se hablan 48 de las 68 lenguas indígenas de México: lingüista Jorge Velázquez
- Sasil Sánchez Chan comparte la belleza de la poesía maya
"
"Amirae’, juntúul ko’olel jach yaan u yóol u meyaj ti’al ma’ u ch’éejel u ji’it’il fíiligraanáa",15/08/2023,"U k’aaba’e’ Amira Guadalupe Ramos. Juntúul ti’ le 25 u túul ko’olel láayli’ u yojel bix u meyajta’al fíiligraanáa tu péetlu’umil Yucatán, jump’éel its’at ba’al tu bin u ch’éejel u beeta’al yóok’lal jejeláas ba’alo’ob, ba’ale’ láayli’ u kaxtik u ka’a líik’il.  
Amirae’, u yóoxpáak ch’i’ibal tu kan u jit’ le jats’uts metalo’, ts’o’okole’ u ts’áamaj u yóol ti’al u yilik ma’ u ch’éenel u beeta’al le meyaja’, tumen walkila’ chéen tu kaajil Jo’, Kanasín yéetel Poxilá ku beeta’al.
Beey túuno’, leti’e’ káaj u kanik ka’ach 12 u ja’abil, ts’o’okole’ walkila’ táan xan u ka’ansik u paalalo’ob ti’al u meyajtiko’ob xan, tumen beyo’, ma’ xan tu bin xu’ulul u beeta’al le jats’uts jiit’o’.
“14 u ja’abil in waal, yéetel u xch’uupile’ 18, ba’ale’ tene’ kin wa’alik ti’e’, kex ka u ts’o’oks u xookil yaanal ba’ale’, ma’ k’aas ka u kan bix u meyajta’al fíiligraanai’, tumen leti’e’ ba’ax tu kan u beet kbaatsil, ts’o’okole’ mix a wojel ba’ax k’iin kéen k’a’abéetchajak wa bajux taak’inili’”, tu tsikbaltaj úuchik u tsikbal yéetel La Jornada Maya.
Ichil ba’ax a’alan tumen u mola’ayil Instituto Yucateco de Emprendedores (Iyem), tu jo’oloj xoka’akob máaxo’ob meyajtik le je’ela’ tu lu’umil Yucatán, ila’abe’ chéen 25 máak beetik, le óo’lale’ jo’olpóopo’obe’ táan u kaxtik u táakmuk’tik nu’ukbesajo’ob ti’al u kaláanta’al ma’ u sa’atal le its’atila’.
Ts’o’ok jo’op’éel ja’abo’ob káajak u jach ts’áak u yóol Amy, je’el bix pata’anil u k’aaba’, ti’al u nojochkíinsik u meyajil jóoyeria ku beetik yéetel fíiligraanáa, ts’o’okole’ yóok’lal le je’elo’ ku chan yantal u náajal taak’in, tumen ichil u paalale’ yaan juntúule’ ma’ uts u yu’ubaji’, le beetik k’a’abéet áantaj ti’.
Yéetel u yáantajil Fondo Nacional para el Fomento de las Artesanías (Fonart) beyxan Iyem, u kúuchil Joyeria Amy Ramos ts’o’ok u ch’a’ak u muuk’, tumen béeychaj u beeta’al u táayeril, u ma’anal u nu’ukul meyaj yéetel táan u kaxta’al u ch’a’ak bej. 
Uláak’ ba’ale’, ikil tu bin u mu’uk’antale’, Amye’ ku béeytal u ts’áak meyaj ti’ uláak’ kantúul máak ts’o’ok u kanik u meyajt fíiligraanáa ti’al xan u náajalta’al taak’in ti’al u kuxtalo’ob. 
"
"U noj chíimpolail Nezahualcóyotl ti’ le ja’ab yaniko’ona’, náajalta’ab tumen tsotsil jts’íib Miguel Ruiz Gómez",15/08/2023,"Jtsotsil ts’íib Miguel Ruiz Gómez, chíimpolta’ab yéetel Premio Nezahualcóyotl de Literatura en Lenguas Mexicanas, úuchik u beetik u ts’íibil Sk’ak’alil ayan li ak’obale (El origen de la noche), beey jts’a’ab k’ajóoltbil tumen u mola’ayil Secretaría de Cultura (SC) ti’ jump’éel k’a’aytajil ts’íib. 
Ti’al u xak’alta’al ts’íibo’ob táakpaj te’e noj ketlamo’, t’ana’ab ajts’íibo’ob yaan ba’al u yojelo’ob yóok’lal máasewal t’aano’ob, ts’o’okole’ tu ya’alajo’obe’ jchiapasil ts’íibe’ ku t’aan yóok’lal loobilaj ku beeta’al yóok’lal ts’o’ots’onajil, ts’o’okole’ ku ye’esik “kaajo’ob yéetel máako’ob chíikbesik u yóol tseltal kaaj, je’el bix xan bix u aktáantikubáaj poliitikáas tu noojolil u noj lu’umil México”, a’alabij.
Meyaj tu beetaje’ “uláak’ bix je’el u páajtal u na’ata’al ts’íib ku beeta’al ichil u máasewal t’aanilo’ob México, tu’ux ku xa’ak’ta’al k’aay tuukul, beyxan tsikbal, muuch’ul ti’ payalchi’ob e’esik k’a’anan súutukilo’ob ti’ u k’ajla’ayil kaaj, tu’ux ku jach ch’a’ak u muuk’ tsikbal”..
Miguel Mikel Ruiz (Chicumtantic, Chamula, 1985) tu ts’o’oksaj u xookil t’aan yéetel líieteraturáa íispanoamerikanáa, tu noj najil xook Universidad Autónoma de Chiapas, beyxan tu xokaj maestriail líieteraturáa íispanoamerikanáa ti’ le ja’abo’oba’, tu noj najil xook Universidad Austral de Chile yéetel tu xokaj u dóoktoradóoil sieensyáas sosyaales yéetel úumaniistikáas tu kúuchil Centro de Estudios Superiores de México y Centroamérica, ti’ u noj najil xook Universidad de Ciencias y Artes de Chiapas.
"
Elenísimae’ tu k’amaj u noj chíimpotalil Carlos Fuentes,15/08/2023,"Le je’elo’, jump’éel ba’al ku k’u’ubul tumen u mola’ayil Secretaría de Cultura ti’ mexikoil lu’um yéetel tumen Universidad Nacional Autónoma de México, tu’ux ku chíimpolta’al máaxo’ob beetik meyajo’ob ti’al u nojba’altal u ba’alumbáaj noj lu’um yóok’lal ts’íib.
"
"U múuch’ paaxil paalal yéetel táankelemo’ob ti’ u kaajil Jo’, u chíikul meyaj tu jo’oloj jump’éel ja’ab",16/08/2023,"Tu winalil agosto ti’ u ja’abil 2022e’ káaj u líik’il u yook u múuch’ paaxil Orquesta Infantil y Juvenil ti’ u Ayuntamientoil u noj kaajil Jo’, jump’éel meyaj ts’o’ok u ch’a’ak u muuk’ ti’al u chíikbesik yaan paalal no’ojantako’ob ti’al paax. 21 u túul paalal yéetel táankelemo’ob táaka’ani’. Walkila’ ts’o’ok u jach kaambalo’ob tu k’ab María Lourdes Farias Echeverría, máax beetik u súubdirektoorail Cultura, máax pata’an u k’aaba’ beey Malú. 
Yáax paax beeta’ab tumen le múuch’a’, úuch le 16 ti’ enero máaniko’. Ts’o’ok u kanik u paxo’ob ba’ax ts’íibta’ab tumen Bach, ba’ale’ beyxan tak u paaxil bíideojuegóos.
“Ts’o’ok 12 u p’éel réepertoryóos kjóok’sik, ichilo’obe’ ti’ yaan Bach, Beethoven, paax suuka’an u yu’ubal Yucatán, tu noj lu’umil México, beyxan u paaxail bíideojuegóos, ichil uláak’o’ob… táan kmeyaj ti’al u yutsil táakpajal paalal yéetel táankelemo’ob, ts’o’okole’ tak leti’ob ku béeytal u ya’aliko’ob beey ba’ax taak u kan u paxo’ob; lelo’ jump’éel ba’al jach k’a’anan, ti’al u táakpajalo’ob ti’ tuláakal le meyajo’, yéetel ti’al u yu’ubalo’ob, tumen k’a’abéet u kaniko’ob bix u beeta’al paaxo’ob je’el bix le je’elo’”, tu ya’alaj Malú Farías ti’ tikbal tu beetaj yéetel La Jornada Maya.
Paax u beetmajo’obe’, u’uya’an tumen kex 2 mil 500 máako’ob. Tu múuch’ paaxil paalal yéetel táankelemo’ob ti’ u Ayuntamientoil u kaajil Jo’e’ táaka’an byóolinistáas, máaxo’ob paxik byooláa, byóoloncheelóo, kóontrabajóo, aarpáa, pianóo, báateryáa yéetel tróompetáa.
Malúe’ tu ya’alaje’, tu jo’oloj jump’éel ja’ab káajak u beeta’al meyaj tumen mola’aye’, jach ki’imak u yóol tumen tu bin u ch’a’ak bej, yéetel tumen ts’o’ok tak u paax ti’ kúuchilo’ob je’el bix Centro Cultural Olimpo.
Tu kúuchil Facebook Malú Faríase’ ku béeytal u k’ajóolta’al ba’ax e’esajilo’ob yéetel cha’ano’ob ku taal u k’iin yéetel múuch’ paax.
"
U tikin jaats’ cháak kéen báanake’ je’el u beetik u jóopol k’áak’ ti’ k’áax tu’ux ma’ jach táaj ch’uulili’ ,16/08/2023,"U tikin jaats’ cháake’ je’el u jóopsik k’áak’ ich k’áax tu’ux chéen umedóo yanik ba’al, beey chíikpaj ti’ jump’éel túumben xaak’al ts’a’ab k’ajóoltbil tu pikil ju’unil Geophysical Research Letters.
Tak walkila’ ku tukulta’ale’, chéen u jaats’ cháak ku kóojol lu’um kéen k’áaxak chéen wits’il xtóos ja’ wa jach mix ba’ale’, u sajbe’entsil u t’áabal k’áak’e’ ma’ k’ucha’an mix 2.5 miliimetróos ja’ sáansamal, ba’ale’ túumben xaak’al jo’olbesa’an tumen Universidad Estatal de Washington yóok’lal k’áak’ ku jóopol ti’ k’áax ikil u ja’ats’al tumen cháak, tu chik’inil Estados Unidose’, tu chíikbesaj jaats’e’ ku jóopsik k’áak’ kex tumen ja’e’ u chukmaj tak 7.7 miliimetróos.
Kex tumen u ja’il cháak láayli’’ ma’ jach táaj ya’abe’, ku tukulta’ale’ u k’as na’atal bix yanike’ je’el u yáantaj ti’al u séeb ila’al je’el u t’áabal k’áak’e’, yóok’lal le ba’ax k’aaba’inta’an beey réemanentées, tumen le je’elo’obo’ ku p’áatal tak wa jayp’éel k’iino’ob tak kéen jóopok u k’áak’il.
Ichil ba’ax tu ya’alaj Dmitri Kalashnikov, u xoknáalil dóoktoradóo Facultad de Medio Ambiente ti’ u noj najil xook Universidad Estatal de Washington yéetel máax jo’olbesik le xaak’alo’, le beyka’aj cháak xoka’ane’, yaan u yáanta’al u na’ata’al beyka’aj ja’ je’el u báanale’, yéetel ti’al u na’ata’al wa sajbe’entsil t’áabal u k’áak’il.
Ajxaak’al xooko’obe’ tu xak’alto’ob u daatosil maanal 4 mil 600 u p’éel k’áak’ jóop chéen beyo’, jch’a’ab ti’ u kúuchil Centro Nacional Interagencias de Incendios ichil tuláakal le chik’ino’, ichil u ja’abil 2015 yéetel 2020. Beey túuno’, yéetel le ba’ax ojéelta’ab ti’ u daatosil Red Nacional de Detección de Rayos, keta’ab 3 mil 726 u p’éel ti’ le je’elo’obo’, yéetel jaats’ ku tukulta’al leti’ jbeet u jóopol.
"
Españolil múuch’ báaxal ko’olele’ xíimbalnaj tak tu yáax ts’ook keetil ,16/08/2023,"Tu jo’oloj oksa’ak jump’éel gool tumen Olga Carmona, tu minuutoil 89e’, béeychaj u máano’ob yóok’ol Suecia, úuchik u p’áatal 2-1, séemifinal báaxta’ab le martes máanika’, ti’ u keetil ko’olel. Chak múuch’e’ tu la’achtik u ki’imak óolil náajal.
"
"Séeba’an u bin ch’a’ak bej u meyaj u kúuchil Aeropuerto Internacional Manuel Crescencio Rejón, tu kaajil Jo’",17/08/2023,"U ya’abtal meyaj ku beeta’al tu kúuchil jáayal péepen k’áak’ ti’ u noj kaajil Jo’, Manuel Crescencio Rejón, jach séeba’an u bin: tu yáax wakp’éel winalo’ob u ja’abil 202e’ xoka’ab yanchaj 431 mil 934 u túul páasajeróos, ts’o’okole’, ti’ le ts’ook wakp’éel ja’abo’oba’ k’uch tak 888 mil 189 u túul páasajeróos; lela’ tu chíibkesaj ya’abchaj 105 por siiento, beey tu ts’áaj k’ajóoltbil Aeropuertos y Servicios Auxiliares, ti’ u mola’ayil Secretaría de Infraestructura, Comunicaciones y Transportes.
Kúuchile’ táaka’an ichil le 30 u p’éelal asab ya’ab máax k’a’abéetkunsik ti’al u bino’ob wa tu’ux, tumen ti’ yaan tu waxakp’éel kúuchil, tu paach le yaan Ciudad de México, Cancún, Guadalajara, Tijuana, Monterrey, Los Cabos yéetel Puerto Vallarta.
U yantal uláak’ jejeláas tu’ux u bin máak kéen luk’uk tu kúuchil Crescencio Rejón tu bin u ya’abkunsa’al, ts’o’okole’ chéen ti’al u káajbal le winala’, k’a’ayta’ab uláak’ túumben bej ku k’uchul tak Puebla, tumen u mola’ayil Viva Aerobus; le je’ela’ leti’e’ asab ya’ab kaajo’ob ku k’ujsik tak tu kaajil Jo’.
Óoxlajunp’éel bejo’ob u jóok’smaj le mola’ayo’. Ku k’ujsik máak tak Ciudad de México (AICM), Guadalajara, León, Monterrey, Querétaro, Toluca, Tuxtla Gutiérrez, Veracruz, Villahermosa, Puebla, La Habana, Santa Clara yéetel Camagüey, le óoxp’éel ts’ooko’oba’, tak tu lu’umil Cuba.Ichil u winalilo’ob enero tak junio ti’ u ja’abil 2023e’, Viva Aerobuse’ tu k’ujsaj maanal 670 mil u túul páasajeróos, 36 por siento maanal ti’ le beyka’aj yanchaj láayli’ te’e jats k’iino’obo’, ba’ale’ ti’ le ja’ab máaniko’, le beetik mola’aye’ ku p’áatal xan beey aerolínea asab ya’ab máak ku kóojsik yéetel ku jóok’sik tu kaajil Jo’, tumen láayli’ te’e jats k’iino’obo’ yanchaj 888 mil 189 u túul máak k’a’abéetkuns tuláakal le areolineaso’, ts’o’okole’ lelo’ ku chíikbesik Viva Aerobuse’ tu máansaj u 75 por sientoil máaxo’ob byajarnajo’ob.
Tu yáax wakp’éel winalo’ob 2021e’, u kúuchil péepen k’áak’ tu noj kaajil Jo’e’, tu k’amaj 431 mil 934 u túul máako’ob, ba’ale’ ti’al u ja’abil 2022, láayli’ te’e jaats k’iino’obo’ 
k’uch tak 667 mil 828 u túulal yéetel ti’al 2023e’ jnáak 888 mil 189 u túulal. 
Yóok’lal bix táan u yila’al kun ya’abtal u k’uchul máak te’elo’, ti’al u yáax wakp’éel winalo’ob 2024e’, wa ka k’uchuk tu 43 por siento je’el bix úuch ti’ le ts’ook ka’ap’éel ja’abo’oba’, yaan u máansik jump’éel miyoon páasajeroosi’, ts’o’okole’ yaan uláak’ jump’éel mola’ay Mexicana de Aviación, kun káajal u meyaj ti’al u winalil septiembre, tu’ux láayli’ táaka’an Jo’. 
"
Máaxo’ob yáax k’amik máasewalo’ob yéetel kaaj ma’ kéet yanike’ tu k’amo’ob kaambal xook tu lu’umil Kaanpech,17/08/2023,"Máaxo’ob ku meyajo’ob ti’al u yáax k’a’amal ti’ mola’ayo’ob máasewal yéetel áafromexikanoil máako’ob, máaxo’ob yaan ti’ob díiskapasidaad, máaxo’ob ku chíimpoltikubáaj ichil díibersidad sexual, máaxo’ob mina’an u yotoch yéetel máaxo’ob tu ka’a okolo’ob kuxtal ich kaaje’, tu k’amajo’ob u súutukil kaambal ti’al u asab yutsil beetiko’ob u meyaj.
Kaambale’, k’ubéenta’ab ti’ u kúuchil Instituto Xunáan, jo’olbesa’an tumen Cristina Montejo Briceño, máax ts’o’ok u jach kanik ba’ax najmal u beeta’al ti’al u k’éexel bix u ts’aatáanta’al máako’ob, ti’al ma’ u yantal tu’ux mina’an keetil, yéetel ti’al u ch’éejsa’al loobilaj yaan, ba’ale’ tu’ux ka yanak múul meyaj, ichil Secretaría de Inclusión (SEIN) ti’al u mu’uk’ankúunsa’al ba’ax táan u beeta’al ti’al u yantal ba’ax k’ajóolta’an beey Igualdad Sustantiva. 
Yéetel u yáantajil báaxalo’ob, je’el bix Serpientes y Escaleras de la Ley de Igualdad entre Hombres y Mujeres yéetel Memorama de la Ley General de Acceso de las Mujeres a una Vida Libre de Violencia, u meyajnáailo’ob Secretaría de Inclusión béeychaj u yojéeltiko’ob ba’ax k’a’abéet ti’al u béeytal u meyajo’ob, tu’ux ka u méek’tanto’ob tuláakal ba’ax ku k’áata’al tumen máaxo’ob ku bino’ob te’e mola’ayo’.  
"
Inglaterrae’ yaan u ketikubáaj tu táan España tu ts’ook báaxalil ko’olel,17/08/2023,"Úuchik u máan táanil inglesil múuch’ báaxale’ tu mukaj u yóol autralianail múuch’il ti’al u ketiko’ob u ts’ook báaxalil, tumen tu ts’ooke’ 3-1 p’áata’ob. 
"
"Ila’abe’, pépeene’ ku kanik u k’a’ajs tu’ux yaan u yo’och wa nojoch u kúuchil tu’ux ku kaaxan",18/08/2023,"Ajxak’al xooko’obe’ béeychaj u yáax beetiko’ob meyajo’ob ti’la u na’atiko’ob bix u kaambal je’el ba’axak jejeláasil péepen, ts’o’okole’ ba’ax chíikpaje’ tu ts’áajo’ob k’ajóoltbil ti’ u pikil ju’unil Nature Communications.Ichil ba’ax chíikpaje’, ila’abe’ u jejeláasil péepen Heliconius ku béeytal u kanik bix yanik ba’alo’ob tu bak’pachil wa nojoch ba’ax yaan, ts’o’okole’ yaan xan ba’al u yil yéetel beyka’aj u k’a’ananil u ti’al kéen jo’op’ok u kaxtik u yo’och naats’ tu’ux kaja’an.Ojéela’an ik’elo’obe’ ku tsa’ayal u kano’ob bix yanik ba’al tu bak’pacho’ob, ba’ale’ u ya’abil xaak’alo’obe’ beeta’ab yóok’lal síiniko’ob yéetel ik’elo’ob kaab. Chéen ba’axe’ túumben xaak’ale’ ku ye’esik bix u kaambal péepen, yéetel u jeel talam ba’alob ku béeytal u beetik.Stephen Montgomery, ti’ u kúuchil Facultad de Ciencias Biológicas ti’ u noj najil xook Universidad de Bristol, Reino Unido, máax táakpaj te’e xaak’alo’, tu tsolaj u jejeláasil péepen Heliconiuse’ ts’o’ok u kanik u kaxt tu’ux yaan pooléen, yéetel kéen ts’o’okoke’ ku tsa’ayal u jets’o’ob u bejil ti’al u suuto’ob tu paachil k’iin.U bejil kaaxan ku kanik ti’al u béeytal u suut u kaxt u yo’och tu jeel k’iin, óoli’ je’ex u beetik u yik’el kaab kéen suunak tu’ux yaan orkideas, tu ya’alaj.Ka’ache’ ma’ béeyak u ye’esa’al wa u jejeláasil péepen Heliconiuse’ ku tsa’ayal kaambal, mix xan uláak’ u jejeláasil. Le beetik múuch’ meyaje’ tu beetaj xaak’alo’ob yéetel le péepena’, yéetel óoxp’éel u nojochil kúuchilo’ob, ti’al u yilko’ob ba’ax ku jach beetiko’ob. Yáaxe’, tu ye’eso’ob Heliconiuse’ ku kaniko’ob tu’ux yaan ba’al u jaantej, úuchik u tso’olol 16 u p’éel áartifisyaal nikte’ob, te’el túuno’, béeychaj u yila’al péepene’ ku kaxtik u yo’och ti’ jump’éelili’ páarselaa janal. U ka’ap’éel ba’alile’, tu nojochkíinsajo’ob le tu’ux ku kaaxano’obo’, ti’al u yila’al wa je’el u béeytal u nupik u yo’ocho’ob yéetel u xts’íik wa u xno’oj tséel k’abil. Ka’aj ts’o’oke’, náachkunsa’ab jayp’éel ba’alo’ob, yéetel k’a’abéetkunsa’ab nukuch jaulas tu táankabil Metatron, tu noojolil Francia, ti’al u yilko’ob wa je’el u kanik u bejil ti’al u k’uchul tak tu’ux yaan u yo’och, ti’ jump’éel láaberintóo T, yaan 60 metróos u kóochil; ti’ j-ila’abe’ óoli’ leti’e’ beyka’aj náachil ku náakal u péepenil Heliconius ti’al u kaxtik u yo’och. Walkila’, múuch’ meyaje’ táan u kaxtik bin kéen u xak’alt bix u na’atik ba’ax ku yilik Heliconius kéen jo’op’ok u xik’nal. Ku tukulta’ale’, ba’ax ku yilke’, je’el bix u túulisil paakate’ k’a’anan u ti’alo’ob, ba’ale’ míin yaan uláak’ ba’alo’ob k’a’anan u ti’alo’ob je’el bix k’iin.
"
Ch’íich’ ja’,18/08/2023,"Sak u k’u’uk’mel, ts’o’okole’ jach jeets’el u xik’nal, ba’ale’ kéen jo’op’ok u bine’ ku yu’ubal beey tu bin u jaja’ che’eje’, le beetik beey p’ata’an xan u k’aaba’: gaviota reidora. Kaja’an ich Área de Protección de Flora y Fauna “Laguna de Términos”.
U sientofikoil k’aaba’e’ Leucophaeus atricilla (ba’ale’ ka’ache’ jatsa’an beey Larus atricilla), juntúul Charadriiiforme ch’íich’ u ch’a’amaj u moots ti’ Laridae baatsil.K’ajóolta’an tumen yaan u boox p’óok, ts’o’okole’ u paache’ láayli’ óol beey u boonilo’ yéetel le je’elo’ ku núupul tak tu xiik’. Ku p’isik ichil 38 yéetel 43 sentiimetróos, tu tsikbaltaj Jacqueline May Díaz, máax beetik u k’a’aytajilo’ob u múuch’kabil Desarrollo y Medio Ambiente, A.C.
U koj yéetel u yooke’ chachaktak wa booxtak; kéen t’aanake’, óoli’ beey k’a’am u che’eje’ “ja, ja, ja, ja, ja”, ba’ale’ yaan ajxak’al xooko’ob a’alik beey u t’aano’oba’: “ca já, c ajá”.
Ch’íich’e’ ku yila’al tu xamanil Golfo de California, tu’ux yaan u jáalikilo’ob Pacífico tak Colima, tak tu’ux ku xa’aypajal yéetel Atlántico tak te’e noojolo’, tu’ux táaka’an tak u petenil Yucatán. 
Ku jaantik xnook’olo’ob wa u ye’el péepeno’ob, ba’ale’ yaan u jeel ba’alo’ob ku luk’ik; yaan ba’al u yil tu’ux ku yantal ti’al u jóok’sik u yo’och.
"
Na’aksa’ab u báaxal iik’ tu cha’anil Festival del Globo Maya 2023,21/08/2023,"Te’e k’iino’oba jmáana’, sábado yéetel domingo, tu kaajil Tahmek, Yucatán, beeta’ab cha’an tu’ux líik’sa’ab gloobos ku meyajta’al tumen le kaajo’. Le je’ela’ u yóoxtéenil u beeta’al, ts’o’okole’ te’e ja’aba’, táakpaj ajmeyaj k’abo’ob ti’ u lu’umilo’ob Brasil yéetel Colombia, ba’ale’ beyxan yaan uláak’ taalo’ob ti’ u kaajil Estado de México, Hidalgo, Michoacán, Morelos yéetel Veracruz.Tu súutukil úuchik u káajal cha’ane’, táakpaj Loreto Villanueva Trujillo,máax jo’olbesik u mola’ayil Secretaría de la Cultura y las Artes de Yucatán, beyxan u jo’olpóopil Tahmek, Neyda María Heredia Leal, ichil uláak’o’ob. 
"
P’íitchaj u xookil máaxo’ob ma’ táan u béeytal u ts’aatáanta’al u toj óolal tu lu’umil Yucatán: Coneval,21/08/2023,"U lu’umil Yucatáne’ tu ts’áaj k’ajóoltbil béeychaj u p’íitchajal 5.8 por siiento u xookil máak ma’ táan u béeytal u ts’aatáanta’al ti’ séeguridad sossyal; lela’ u k’áat u ya’alej, yanchaj 66 mil 996 u túul máak káaj u ts’aatáanta’al, beey chíikpaj ti’ xook beeta’ab tumen Consejo Nacional de Evaluación de la Política de Desarrollo Social (Coneval).Ichil ba’ax jts’a’ab k’ajóoltbil ti’ u xookil Pobreza 2022 meyajta’ab tumen le mola’ayo’, u yéemel jaytúul máak xoka’an ka’ach ma’ tu yutstal u ts’aatáanta’al ti’ le noj lu’umo’, óoxtéen maas nojoch ti’ le beyka’aj xoka’an tu noj lu’umil México, tumen lelo’ chéen -1.9 por siento náakij, le beetik Yucatáne’ ti’ jp’áat ichil le yáax wakp’éel péetlu’umo’ob tu’ux nonojchaj máax béeychaj u ts’aatáanta’al.Beey túuno’, uláak’ ba’ale’, leti’e’ yaan u yil yéetel serbíisyos de salud, tumen tu lu’umil Yucatáne’ leti’e’ tu’ux jach p’íit máak ma’ tu béeytal u ts’aatáanta’ali’, wa ku ke’etel yéetel le beyka’aj yaan ichil tuláakal u noj lu’umil México.
Walkila’, u jala’achil u lu’umil Yucatáne’ táan u jach meyaj ti’al u yilik ka yanak u kúuchilo’ob yéetel u nu’ukulilo’ob ti’al u yutsil u toj óolal wíinik, je’el túumben kúuchil táan u beeta’al, Hospital General Dr. Agustín O’Horán, tumen Sedena, ti’ jump’éel k’áax ti’alinta’an tumen le péetlu’umo’, tu tséel tu’ux yaan u kúuchil Materno Infantil, naasts’ ti’ u kúuchil Amistad Corea-México, tu noojolil Jo’. Chéen p’el u ts’o’oksa’ale’ yaan u máan tu k’ab IMSS Bienestar.Táan u tukulta’ale’ te’e túumben kúuchilo’, yaan u yantal 300 u p’éel kaamas; yaan xan u chúukpajal 15 u p’éel kirofaanóos, yéetel yaan u náaksa’al 81 u p’éel kóonsultoryóos; tuláakal kúuchile’ yaan p’isik 64 mil metróos kuadrados yéetel k’áax tu’ux táan u beeta’ale’, ku p’isik 119 mil, óoli’ kex 11 eektaareas.Beyxan, yaan u yantal uláak’ u jaats meyajo’ob mina’an ti’ kúuchil yaan walkila’, je’el bix: Clínicas de la Mujer; Labio y Paladar Hendido; Dolor y Cuidados Paliativos, ts’o’okole’ yaan xan u yantal u kúuchil éestasyoonamiento, auditoryóo yéetel éelipuertóo, ti’al u séeb ts’aatáanta’al u éemergensyáasil Secretaría de Seguridad Pública (SSP).Beey túuno’, k’a’ayta’abe’ ti’al enero ti’ le ja’ab ku taalo’, yaan u yantal uláak’ u jejeláas nu’ukbesajo’ob ti’al u toj óolal kaaj. Jump’éel ti’ le a’alabo’: te’e mejen kaajo’ob tu’ux mina’an u nu’ukbesajil Médico 24/7, yaan u ts’a’abal ts’akyaj bul k’iin yéetel bul áak’ab ti’ tuláakal u kúuchilo’ob Centro de Salud, ichil uláak’ ba’alo’ob. 
"
"España, k’uch tu jach ka’anal u Mundialil ko’olel ti’ kóochak’ wóolis",21/08/2023,"Múuch’ báaxale’ tu béeykuns u ye’esik leti’ u jach ma’alobil ichil tuláakal yóok’ol kaab, úuchik u máan táanil ti’ Inglaterra, tu kaajil Sídney, úuchik u p’áatal 1-0, yóok’lal gool oksa’ab tumen Olga Carmona, tu minutoil 29.
"
UNAMe’ táan u meyajtik ts’aak yéetel síinan asab k’aastak u chi’ibal ichil tuláakal yóok’ol kaab,22/08/2023,"Úuchik u beeta’al jump’éel xaak’al xook yóok’lal toxinas yaan ichil u ts’aakil síinano’ob asab k’aas u chi’ibal tu noojol yéetel tu xamanil África, beyxan América Latina, je’el bix xan Medio Oriente, u ajxak’al xookilo’ob UNAMe’ táan u meyajo’ob ti’al u beetiko’ob ts’aak ti’al kéen chi’ibanak le mejen ba’alche’oba’.U ajxaak’alilo’ob Instituto de Biotecnología (IBt) ti’ u noj najil xook UNAM, tu péetlu’umil Morelose’, táan u meyajo’ob yéetel síinano’ob ti’al u beetiko’ob u ts’aakil, yéetel le bíin béeyak u ts’aatáanta’al máaxo’ob ku chi’ibilo’ob tumen síina’an wa tumen uláak’ ba’alche’ob je’el bix kaan wa am.Leti’obe’ táan u beetiko’ob toxinas ichil jump’éel láaboratoryóo ti’al u béeytal u beeta’al inmunoojenóos wa molekuuláas tu’ux ka yanak u koontráail benenóo ku ju’upul tumen le ba’alche’obo’.
"
U kajnáalilo’ob Ixile’ tu páayt’anto’ob jala’acho’ob ti’al u ts’aatáanta’al éejidal talam yaan walkila’,22/08/2023,"Tu ja’atskabil k’iin jo’oljeak lunese’, u kajnáalilo’ob Ixil, táaka’ano’ob ichil u múuch’il Defensores y Protectores del Futuro de Ixil, tu tsikbaltajo’ob chi’ichnakil káaj u máansiko’ob walkil jayp’éel ja’abo’ob paachil tumen tak walkila’, táan u jach talamtal ba’al yóok’lal. Ts’o’ok tak u yantal xwo’okinil yéetel ajkanan kaajo’ob le p’isk’iinil máaniko’, úuchik u k’a’alal u yookbal jump’éel k’áax ku p’isik 324 eektaareas, le beetike’ tu páayt’antajo’ob u jo’olpóopil u lu’umil Yucatán ti’al u ts’aatáanta’al tu beel le ba’ax táan u yúuchula’.Maanal ti’ junk’aal máako’ob, ichil kolnáalo’ob yéetel éejidataryo’obe’, tu beetajo’ob k’a’aytajil tsikbal tu’ux tu ya’alo’ob bix ts’o’ok u jelpajal u kuxtalo’ob úuchik u k’a’alal u yookbal le k’áax je’elo’, tumen ichile’ ti’ yaan u paak’áalo’obi’, ba’alche’ob ku tséentiko’ob yéetel ba’ax k’a’abéet ti’ob ti’al u koonolo’ob, tu tsikbaltajo’ob.
“Ma’ túumben ba’al le ku yúuchula’, jala’ache’ u yojel (...) jach táan u topiko’ob, táan u k’askúuntiko’ob kpaak’áalo’ob”.
Beyxan, tu biinsajo’ob mejen paak’áalo’ob yéetel kaab béeychaj u jóok’siko’ob, tumen “ook’najeake’ utschaj k-okoli’, ka’aj luk’ le ajkanan kaajo’obo’, ts’o’okole’ le ba’ax ktaasmaja’ u ye’esajil yaan ba’alo’ob kmeyajtmili’”, tu ya’alaj juntúul ko’olel ka’alikil u ye’esik u k’aaxilo’ob raabanóo yéetel silaantróo.
Tu súutukil úuchik u beeta’al tsikbale’, xoka’ab u jets’t’aanil jala’ach tu’ux ku je’ets’ele’, le k’áax je’elo’ u ti’al u yúuchul múul meyaj, “yaan bix k-e’esik le éejido je’elo’ u ti’al kaaj”, tu ya’alajo’ob.
Beey túuno’, tu tsikbalto’obe’, tak walkila’ mixmáak ti’ u mola’ayil jala’ach ts’o’ok u ye’esik ju’un e’esik ku béeytal u k’a’alal le k’áaxo’, mix xan ju’un e’esik k’éex máax ti’alintik. 
Kajnáalo’obe’ tu ya’alajo’ob “maanal 600 u túul máak táan u meyaj te’e k’áaxo’, ts’o’okole’ ti’ ku jóok’siko’ob taak’in ti’al u tséentikubáajo’ob. Ma’ k’aasil máako’oni’, to’on u kajnáalilo’ob Ixile’ yaan kpáajtalilo’ob”.
Uláak’ ba’al tu tsikbaltajo’obe’, mantats’ u líik’sa’al droono’ob te’e baantao’, ts’o’okole’ ti’al u béeytal u yokolo’ob te’e k’áax k’ala’ano’, ku yantal u yáax e’esik u INEo’ob ti’al u ye’esiko’ob kaja’ano’ob Ixil. 
"
K’a’amkach iik’o’obe’ tu jóopsiko’ob k’áak’ ku yáalkab ti’ europeoil k’áaxo’ob ,22/08/2023,"K’áake’ jach jóopo’ob le lunes máanika’, tu lu’umilo’ob Grecia yéetel ti’ jump’éel u petenilo’ob Islas Canarias tu lu’umil España. Yóok’lal ooxol táan u beetik yéetel tumen láaj tikil ba’ale’ ma’ béeychaj u yutsil meyaj ajtup k’áak’o’o’obi’; ka’ap’éel ti’ le tu’ux t’aabalo’ ts’o’ok u máan jayp’éel k’iin tu yelel. Te’e oochela’, chíika’an jun jaats Tenerife.
"
Jach k’a’anan u séeb yantal jump’éel u kúuchil ts’akyaj Seguro Social tu kaajil Tulum: CROC,23/08/2023,"Kex tumen ts’o’ok u nonojtal kajnáalo’ob, tumen k’ucha’an tak 30 mil u túulal chéen tu noj kaajili’, Tulume’ láayli’ táan u k’a’abéetkunsik jump’éel u kúuchil ts’akyaj Instituto Mexicano del Seguro Social (IMSS) ti’al beyo’ u ts’aatáanta’al je’ex unaj u toj óolal wíinik, beey tu ya’alaj Claudio Cortés Méndez, máax k’ubéenta’an u jo’olbes u meyaj Confederación Revolucionaria de Obreros y Campesinos (CROC) tu kaajil Tulum.
Cortés Méndez tu ya’alaje’, ti’ u múuch’tambalilo’ob síindikato beetchaj yéetel jo’olpóopo’obe’, ts’o’ok u ya’aliko’ob te’e noj kaajo’ jach táaj k’a’abéet u yantal u najil ts’akyaj, tumen u kúuchil IMSS yaan tu kaajil Chemuyile’ chéen ku béeytal u ts’aatáanta’al 20 máako’ob sáansamal.
Tu ya’alaje’, u 80 por siientoil máaxo’ob ku meyaje’ déerechohabienteob, ba’ale’ ma’ uts u ts’aatáanta’al u toj óolalo’ob tumen ti’al u béeytal k’a’abéet u k’uchulo’ob tak Playa del Carmen wa Cancún, yéetel yaan máake’ ku yantal tak u bin tu kaajil Saki’, Yucatán.
Tu tsikbaltaje’ yéetel meyajo’ob táan u taal u beeta’al tumen u jala’achil u lu’umil Méxicoe’, beyxan yóok’lal taak’in táan u ts’a’abal tumen pribaadóo mola’ayo’obe’, táan u ya’abtal máako’ob ku meyajo’obi’, ba’ale’ táan u binetik u yantal uláak’ ba’alob ti’al u yutsil kajnáalo’ob.
Uláak’ ba’al tu ya’alaj Claudio Cortése’, leti’e’ k’iino’ob ku máano’oba’, tumen u ya’abil otelo’obe’ chu’upo’ob yóok’ol 85 puuntos póorsentuales, ba’ale’ yanchaj ajmeyajo’ob tu binetaj ti’al u chúukpajalo’ob. Tu ya’alaje’, mina’an  ichil 5 tak 10 por siiento ajmeyajo’ob beetik u aamail de llabées,u áasesoreesil aareas puublikáas, máaxo’ob p’o’ok plaatóos, ichil uláak’o’ob.
Lela’, tu ya’alaj, ku yúuchul yóok’lal meyajo’ob ku taal u beeta’al tumen u jala’achil u lu’umil México, tumen meyajnáalo’ob ti’ baantaob je’el bix Los Chunese’, maas ku yóotiko’ob meyaj naats’ ti’ u kaajalo’ob, ti’ u meyajil Tren Maya.
Tu ya’alaje’, yaan féederal nu’ukbesajo’ob maas ya’ab u bo’otik máak wa ku ke’etel yéetel le beyka’aj ku bo’ota’al ti’ otelo’ob, le beetike’ maas uts tu yich u yantal uláak’ u náajalo’ob yéetel u p’áatalo’ob naats’ ti’ u kaajalo’ob.
"
Páayt’aan ti’al máaxo’ob beetik u meyajil k’abo’ob ti’al u táakpajalo’ob ti’ ketlam yóok’lal Arte Popular,23/08/2023,"Ti’al u chíimpolta’al bix u beeta’al meyajo’ob, beyxan bix u nu’ukil u beeta’ale’, u mola’ayil Instituto Yucateco de Emprendedores (Iyem) yéetel Fondo Nacional para el Fomento de las Artesanías (Fonart) tu ts’áajo’ob k’ajóoltbil u páayt’aanil Primer Concurso Estatal de Arte Popular.
Le je’ela’ yaan u k’a’alal tak le 13 ti’ octubre ku talaa’, yéetel ku béeytal u táakpajal máaxo’ob meyajtik ki’ichkelem nu’ukulo’ob yéetel póol che’ wa kij; fíiligranáa; uláak’ ba’alo’ob je’el bix aak’, luuch, leek, chúuj wa kookóo;  beyxan jats’uts nu’ukulo’ob, je’el bix le ku beeta’al yéetel neek’o’ob, u púuts’il kij, yéetel baak. 
Beey túuno’, tuláakal taak’in kun t’oxbile’ yaan u chukik 100 mil pesos, ts’o’okole’ 16 u p’éel jaatsilo’ob kun jóok’sbil ti’.
“Yéetel le ketlama’ táan k-kaxtik klíik’sik u yóol máaxo’ob beetik ki’ichkelem ba’al yéetel u k’abo’ob tu lu’umil Yucatán, ti’al ma’ u jáawal u beetiko’ob, tumen leti’obe’ ya’abach ba’al ku patjo’oltiko’ob, ts’o’okole’ ti’ yani’, ma’ k-k’áat ka xu’uluki’, le beetik to’one’ ma’ k-k’áat ka p’áatak chéen ti’ náajal taak’ini’, tumen kex ma’ u náajalo’obe’, k-k’áat ka konchajak ba’ax ku beetiko’ob, ikil u k’ajóolta’al ba’ax ku beetiko’ob”, tu tsikbaltaj Elena Vázquez, máax jo’olbesik u meyajil óoperaasyones yéetel proyeektóos ichil Fonart.
Paulina Viana, máax jo’olbesik Desarrollo Artesanal ti’ u mola’ayil Iyeme’, tu ya’alaj ketlame’, je’ek’a’ab u ti’al máax ts’o’ok 18 u ja’abilo’ob yéetel ka u ye’eso’ob kex jump’éel diseenyóo meyajta’an chéen tumen juntúulili’ máak, ts’o’okole’ ma’ u chuk mix jump’éel ja’ab beeta’aki’.
Yáax kúuchile’ ti’ lalaj jaatsile’ yaan u náajaltik 8 mil pesos, u ka’ap’éelile’ 5 mil yéetel u yóoxp’éelile’ 3 mil. Beyxan yaan u ts’a’abal noj chíimpolal, máax ti’ yaan u k’u’ubul 20 mil pesos, ti’al u asab ma’alobil nu’ukil ichil tuláakal Yucatán. U k’u’ubul chíimpolalo’obe’ yaan u yúuchul 31 ti’ octubre.  
"
U jueesil Texase’ tu xak’altukultik u tak poolil Biden yóok’lal u booyasil Río Grande ,23/08/2023,"Jmajistradóo David Ezra, ti’ chik’inil distriitoe’, tu beetaj jump’éel audyeensia ti’al u xak’altik ba’ax ku yúuchul, ka’alikile’ ya’abach áaktisibtaobe’ tu beeto’ob líik’saj t’aan tu táankabil tríibunal yóok’lal u jeets’ilo’ob jala’ach ti’al ma’ u cha’abal u máan táanxel kajil máako’ob.
"
Rarámuris aj-áalkabo’obe’ yaan u táakpajalo’ob tu keetil Juegos Mundiales Indígenas tu kaajil Ottawa,23/08/2023,
"Ila’abe’ u petenil Yucatáne’, lu’um tu’ux asab ya’ab u loobilta’al ko’olel",23/08/2023,"Nataliae’ táan ka’ach u suut tu meyaj, je’ex suukile’, ba’ale’ te’e k’inake’ xúuk juntúul wíinik ka tu ma’amachaj, le beetike’ jp’áat tu tuukul yaayaj ba’al, k’uuxil, chi’ichnakil, ts’o’okole’ ma’ xan t’aan 911i’, le beetik ma’ xan táakbesa’ab ichil éestadistikáas tu’ux ku ye’esa’al Quintana Rooe’ jump’éel lu’um sajbe’entsil ti’al ko’olel.
Tu petenil Yucatáne’, Quintana Rooe’ u yáax lu’umil tu’ux asab ya’ab u byoláarta’al ko’olel ichil lalaj 100 mil kajnáalo’ob, ts’o’okole’ Kaanpeche’ ti’ yaan tu jo’op’éel kúuchil. Ba’ale’ le je’elo’ siifráas tu’ux ma’ táaka’an ko’olelo’ob je’ex Natalia, tumen ma’ xoka’an ichil óofisyaal grafikáas, je’el bix le ku beeta’al tumen Secretariado Ejecutivo del Sistema de Seguridad Nacional, óofisyaal mola’ay ku meyaj ti’al u jóok’sa’al le xookilo’oba’.
Te’e xookilo’, ku chíikpajal Kaanpech; leti’e’ yáax kúuchil, ichil tuláakal México tu’ux ku loobilta’al ko’olel, tu’ux ma’ táakbesa’an ka’atúul ko’olel ma’ úuch ku kíinsalo’ob tumen u núupo’obi’, ts’o’okole’ tu kíinsubáajo’ob xan, tu kaajil Ciudad del Carmen. 
Beey túuno’, tu yáax wakp’éel winalo’ob le ja’aba’, tu lu’umil Kaanpeche’ ojéelta’ab yanchaj 959 u túul ko’olel óota’ab loobiltbil (jo’otéen sáansamal), lela’ u k’áat u ya’ale’, yaan wíinik tu yóotaj u beetej. 
Secretariadoe’ u xokmaj yaan 100 u p’éel noj kaajo’ob ichil tuláakal México, tu’ux yaan ko’olel kíinsa’ani’; ti’ u yóoxp’éel péetlu’umilo’on le petenila’, yaan kex jump’éel noj kaaj tu’ux asab ya’ab kíinsa’an ko’oleli’: Kaanpeche’ ti’ yaan Carmen, Kaanpech, Champotón beyxan Calakmul.
Tu péetlu’umil Quintana Roo ojéelta’ab yanchaj 683 u túul ko’olel loobilta’ab tu yáax wakp’éel winalo’ob u ja’abil 2023, beey chíikbesa’ab tumen Secretariado, ts’o’okole’ te’elo’ leti’e’ tu’ux asab ya’ab u yúuchul t’aan 911 tumen ku byoláarta’al ko’oleli’.Beyxan te’e péetlu’umo’, leti’e’ tu’ux asab ya’ab u loobilta’al ko’olel tumen u núup, tumen ojéela’an yanchaj 612 u p’éel kaasóos tak le junio máaniko’, lelo’ u k’áat u ya’alej, kex óoxtéen sáansamal úuchij. Kaanpeche’ ti’ yaan ichil le yáax lajunp’éel lu’umo’ob, tumen yanchaj 170, kex juntéen sáansamal; yéetel Yucatáne’ maas chan náach yanik, tumen yanchaj 78 u p’éel kaasos, le ojéeltabo’obo’ .
"
Ch’oj kaan,24/08/2023,"Le chan ba’ala’, ts’o’ok u suuktal u yila’al ich najao’ob. Hemidactylus frenatus, u sientifikoil k’aaba’. Ku yila’al óoli’ tuláakal México, ba’ale’ u ya’abile’ tu petenil Yucatán. Ch’oj kaabe’ yáax yanchaj Estados Unidos, ba’lae’ ts’o’ok u k’i’itpajal ti’ ya’abach u lu’umilo’ob América.
Cristóbal Carrión, máax jo’olbesik Planetario Sayab, ti’ u kaajil Playa del Carmen, tu tsolaj le mejen ba’alche’oba’, k’aaba’inta’an ich káastelan beey geckos, ts’o’okole’ ya’ab u yila’al tu’ux yaan k’áax yéetel tu’ux ooxol. 
U ch’i’ibale’ u ch’a’amaj ti’ u baatsil Gekkonidae. Ya’abach ti’ u jejeláasile’ kuxa’an ti’ che’ob, tu’ux ku jaantik ik’elo’ob. Tumen wíinik ts’o’ok u k’askúuntik ya’abach k’áax tu’ux kuxa’ane’, yanchaj u yokolo’ob ti’ najo’ob, ti’al u máan te’e pak’o’obo’. “Ku ts’áako’ob u p’iisil u yantal ik’elo’ob je’ex k’oxol, wa u mejenil síina’an, te’e najo’obo’, tumen leti’ ku jaantiko’ob”, tu ya’alaj.
Tu tsikbaltaj xane’, maas ma’alob u yantal ich najo’ob, kex ka t’aano’ob. Ya’abach máake’ k’aas u yilik, yéetel yaan u kuuch ku ts’a’abal kex ma’ jaaji’, tumen ma’ tu tsa’aysik k’oja’anil ti’ máak, mix xan tu beetiko’ob k’aasi’. Ku p’isiko’ob tak 15 sentimeetróos yéetel ku kuxtal tak jo’op’éel ja’ab tu jach ya’abil.
"
U yúuchben pak’boonil ‘Tlalocan’ chíika’an  Teotihuacan; ku ye’esik u muuk’ Tláloc,25/08/2023,"Ti’al mexica wíiniko’obe’ u jach táaj utsil lu’ume’ ku yantal wa kaláanta’an tumen u yuumtsil cháak, Tláloc, máax kaláantiko’ob tu jach ka’analil jump’éel wiits, ka’alikil leti’obe’ ku yóok’oto’ob, ku báaxalo’ob yéetel ku múul ki’iki’ óoltik u yantal uláak’ kuxtal je’el bix péepen, tu bak’pachilo’ob.
Le je’ela’, beey u chíikpajal ti’ jump’éel pak’boonil beeta’ab tu yúuchben kaajil Teotihuacan; boonile’ k’a’anan tumen jach chéen leti’ kaxta’an ti’ le úuchben miatsilo’ob tu’ux yaan  péepen bona’ani’.
Pak’boonile’ k’aaba’inta’an Tlalocan, ts’o’okole’ láayli’ xan k’a’anan tumen ku ye’esik u yoochel wíinik ku báaxtik pok ta pok, ba’ale’ tak walkila’, ti’ mix jump’éel aztekail úuchben kaaj kaxta’an mix jump’éel kaanchai’.
Ichil ba’ax a’ala’an tumen ajxak’al xooko’obe’, u pak’boonil Tlalocane’ ku chíikbesik ki’ichkelem lu’um ti’al máaxo’ob ku kíimilo’ob kéen búuluk u ni’ob, tume ku ja’ats’ako’ob tumen cháak wa yóok’lal je’el ba’axak ka úuchuk yaan ba’al u yil yéetel ja’.
Te’e kaajo’, tuláakal wíinik ki’imak u yóol tumen nonoj u yantal ba’ali’. 
Tláloc jo’olbesik le boono’, ts’o’okole’ chíika’an yóok’ol jump’éel wiits tu’ux ku yáalal ja’i’. Kaabale’, ti’ yaan wíinik ku báaxal, ku yóok’ok yéetel ku k’aay, ts’o’okole’ jach tu beel e’esa’an u boonil nikte’ob  yéetel ixi’im.
U boonil Tlalocane’ u chíikulal ki’iki’ óolil, tu’ux láaj kaláanta’an u máakil tumen u yuumtsil Cháak, tumen chéen ja’alil beey béeyak u yantal k’iimbesajil.
Lee la versión en español: Conoce el impresionante mural ‘Tlalocan’ ubicado en Teotihuacan
"
Chan utschaj u yóol wíinik kuxa’an tu noj lu’umil México: Inegi,28/08/2023,"U yóol jmexikoilo’ob ts’o’ok u chan nojoch máaktal tu noj lu’umil Méxicoe’ chan ma’alobchaj wa ku ke’etel yéetel le bix yanik ka’ach láayli’ te’e winala’ le ja’ab máaniko’, ba’ale’ wa ku ke’etel yéetel abrile’ ma’ jach chíikpaj u k’eexili’, jts’a’ab k’ajóoltbil tumen Instituto Nacional de Estadística y Geografía (Inegi).U mola’ayil Módulo Básico de Bienestar Autorreportado, tu ya’alaje’ tu ukp’éel winalil le ja’aba’, kaaj ts’o’ok 18 u ja’abile’ tu ya’alaj maas chan ki’imak u yóol yéetel ba’ax yaan u yil yéetel leti’ beey máake’, ba’ale’ ma’ beey u yúuchul yéetel ba’ax ku yila’al tumen uláak’ máako’ob. Xookil beeta’abe’ ku ye’esik bix yanik u yóol wíinik tu táan jayp’éel ba’alo’ob yaan ba’al u yil yéetel u kuxtal. Beey túuno’, yóok’lal bix u yila’al u kaláanta’al kaaje’, ila’abe’, ichil u xookil mixba’al tak lajune’, u promeedyoile’ 5.3, leti’e’ maas kaabal yaan ichil u jeel aambitoso’. 
Yóok’lal beyka’aj u ja’abile’, máaxo’ob yaan ichil 30 yéetel 44 ja’abe’ tu ye’esajo’ob maas chan ka’anal u promeedyoil yanik u yutsil óol, tumen k’uch 6.5, ba’ale’ u yutsil óol u xiibilo’ob le jats ja’abila’ k’uch tak 6.7.
Ba’ale’, tu kúulpachil le jaats kaajilo’, máaxo’ob yaan u ja’abil ichil 18 yéetel 29, tu chíikbesaj 6.1 u promeedyoil, ts’o’okole’ u ko’olil le jats ja’abila’ jnáak 5.7, leti’e’ maas kaabal yaan ichil tuláakal kajnáalo’ob.Mola’aye’ tu ya’alaj tu winalil julioe’, u 6.5 por sientoil nojoch máako’obe’ tu ye’esajo’ob maas ya’ab u yu’ubik chi’ichnakil wa tuukul tu táan jets’ óolal. Le xookila’ ku ketchajal yéetel le 10.4 por siento yanchaj tu winalil abril ti’ u ja’abil 2021, ka’aj yanchaj u pak’be’en k’oja’anil Covid-19.U ki’imak óolil máak tu táan kuxtale’, tu chíikbesaj u promeedyoil 8.3 ti’ 10, tu ukp’éel winalil le ja’aba’, ts’o’okole’ lela’ ma’ tu ye’esaj mix jump’éel k’eexil wa ku ke’etel yéetel le bix úuchik le ja’ab máaniko’.
"
Kaxta’ab Templo Mayor 15 u p’éel úuchben nu’ukulo’ob; ku tukulta’ale’ k’uubajil u ka’ajo’ob ,28/08/2023,"Ichil jump’éel chan máaben muka’ane’ tu baantail tu’ux yaan u yúuchben kúuchil Templo Mayore’, kaxta’ab 15 nu’ukulo’ob yaan u wíinkilal óoli’ je’ex wíinike’, meyajta’an yéetel ya’ax tuunich. Le je’ela’ u ye’esajil ba’ax k’uba’ab ti’ mexicas ka’aj palitsilta’abo’ob tu xamanil Guerrero. 
K’uubajile’ yanchaj tu k’iinilo’ob kuxlaj Moctezuma Ilhuicamina, máax tu beetaj u jala’achil ichil 1440 yéetel 1469 ti’ u jats k’iinilo’ob Nuestra Era. Ichil le máabeno’, kaxta’ab xan kooncháas yéetel juubo’ob, je’el bix xan tuupo’ob yaan u foormail tsáab kaan, yéetel mejen ya’ax wóoliso’ob.  
Le úuchben nu’ukulo’obo’, kaxta’ab tumen u ajmeyajilo’ob Instituto Nacional de Antropología e Historia (INAH) máax táakano’ob tu nu’ukbesajil Proyecto del Templo Mayor, tu noj kaajil Ciudad de México. 
K’uubajilo’ob je’el bix le je’ela’, suukchaj u mu’ukul ti’ tuunich máabeno’ob tu bak’pachil Templo Mayor, ts’o’okole’ k’ajóolta’an beey tepetlacalli, ich náhuatl t’aan; u k’áat u ya’alej: tetl, tuunich yéetel petlacalli, u máabenil poop.
"
Héctor Garibaye’ náajalnaj tu Maratónil Ciudad de México,28/08/2023,"Jboliviaile’ tu ye’esaj jach leti’ u yuumil le áalkabo’, ts’o’okole’ tu ts’áaj u túumben p’iisil le keetilo’. Tu p’ataj paachil kenianoilo’ob Leonard Langat yéetel Edwin Kiprop, máaxo’ob jp’áat tu ka’a yéetel tu yóox kúuchil. Ti’ ko’olele’, xkeniailo’ob, jo’olbesa’ano’ob tumen Celestine Chepchirchir, tu béeykunso’ob 1-2-3.
"
U seen yíibil yeeloe’ ku beetik u p’íitchajal pingüino emperador,29/08/2023,"Walkila’, táan u yila’ale’, u kuxtal u ch’íich’il pingüino emperadore’ jach sajbe’entsil yanik, beey úuchik u chíikpajal ti’ jump’éel xaak’al xook beeta’ab tu’ux e’esa’ab “jach nonoj” u bin u kíimil u mejenil le ba’alche’a’, ti’ múuch’o’ob yaan Antártida, yóok’lal u jach séebtal u bin u yíibil yéelóo ikil táan u seen ch’éejel yóok’ol kaab.Ti’ le jo’o múuch’ t’u’ulpachta’ab tu baantail u k’áak’náabil Bellingshausen, tu chik’inil Antártidae’, “nonoj” p’íitchaji, tumen jach tuláakal le jt’óopo’obo’ kíimo’ob úuchik u búululo’ob wa u kíimilo’ob tumen ke’elchajo’ob. 
Ma’ jach xuulchajako’ob tu beel ti’al u kuxtalo’ob te’el tu’ux yano’obo’, tumen ke’ele’ táan xan u k’éexel te’e baantao’, tsola’ab tumen ajxak’al xooko’ob ti’ jump’éel ts’íib jts’a’ab k’ajóoltbil tu pikil ju’unil Communications: Earth & Environment.“Leti’e’ yáax juntéen u yila’al ma’ béyechaj jump’éel nu’ukbesaj ti’al u ya’abkunsa’al pingüinos emperador ti’ jejeláas múucho’ob, ti’ jump’éelili’ jaats k’iino’obi’, ikil táan u yíibil u yeeloil k’áak’náab; lela’ míin u chíikulal ba’ax ku taal u k’iin kti’al”, tu tsolaj máax jo’olbes xak’al xook, Peter Fretwell, máax ku meyaj ti’ británicoil mola’ay Prospección Antártica.
Tu yáax k’iinil le ja’ab máaniko’, antártico yeeloil k’áak’náab, ku yantal ikil u chichtal u ch’óoch’ ja’il k’áak’náabe’, tu píitmáansaj u yíibil ti’ le beyka’aj ojéela’an ucha’an ka’acho’. Británicoil mola’ay Prospección Antártica táan u tukultike’, wa ka p’áatak u k’eexil yóok’ol kaab je’el bix tak walkila’, le ba’alche’a’ yaan u ch’éejel ti’al u ts’o’okbal le sigloa’. 
"
"Tu k’iinilo’ob ja’ajalile’, ku k’áata’al ti’ kaaj ka u mu’uk’an kaláantubáaj ti’ k’oxol tsa’aysik dengue",29/08/2023,"Le 26 ti’ agosto máanika’, k’a’ajsa’ab u k’iiinil Día Internacional contra el Dengue, tu’ux páayt’anta’ab kaaj tumen jejeláas u mola’ayilo’ob toj óolal ti’al u mui’uk’akúunsa’al ba’ax táan u beeta’al ti’al ma’ u k’oja’antal máak, tumen tu k’iinilo’ob ja’ajalile’ jach ku ya’abtal u jejeláasil k’oxol Aedes aegypti, tumen leti’ tsa’aysik le k’oja’anilo’.Yóok’lal túun le je’elo’, u jo’olpóopilo’ob Secretaría de Salud (Ssa) tu beetajo’ob u yáax múuch’tambalil Sistema de Gestión de Incidentes en Salud Pública por Dengue (SGI-SP Dengue) 2023, ti’al u mu’uk’ankúunsa’al ba’ax táan u beeta’al ti’al ma’ u jach tsa’ayal se’en, mix u jejeláasil se’en ku ts’áak yóok’lal u chi’ibal k’oxol, je’el bix dengue, zika, chikungunya yéetel paludismo.Ruy López Ridaura, máax jo’olbesik Centro Nacional de Programas Preventivos y Control de Enfermedades (Cenaprece), tu tsikbaltaj ti’al u béeytal u yutsil ts’aatáanta’al k’oja’ane’, k’a’anan xan u yantal noj mu’uk’an meyaj ichil mola’ayo’ob, yéetel ichil u yóox jaatsil jala’ach, ti’ kamp’éel ba’al: u yutsil ts’a’akal máak, u yúuchul meyaj ti’al ma’ u tsa’ayal yéetel u yantal kóontrol, íintelijensyáa éepidemioloojikáa yéetel u tsikbalta’al ba’axo’ob talamil ku taasik.
Tu tsikbaltaj xan u k’a’ananil u yutsil xíimbal ba’ax k’ajóolta’an beey acción vectorial, tu’ux ku yila’al tumen jala’acho’obe’, ka yanak u xu’ulsa’al je’el ba’axak ka u beet u tóop’ol k’oxol, ikil u beeta’al nu’ukbesajo’ob k’a’aytajil yéetel déeskacharrisasyoon.Ti’ múuch’tambal beeta’abe’, ila’ab ka utsil béeyak u yúuchul múul meyaj ichil Comando de Incidencia para Prevención de casos de Dengue, táan u jo’olbesa’al tumen Dirección General de Epidemiología, tumen u mola’ayil Ssa.Ricardo Cortés Alcalá, máax jo’olbesik Promoción de la Salud, tu ya’alaje’ yaan xan u péektsilta’al jump’éel nu’ukbesajil k’a’aytaj ti’al u ya’alal ba’axo’ob sajbe’entsil yaan ti’ wíinik yóok’lal le k’oxolo’, ti’al beyo’ u tselik kaaj je’el ba’axak ka u yakkúuns ja’ tu’ux ka tóop’ok k’oxol; u yilik máak ma’ u seen chi’ibil yéetel u bin yiknal ts’ak yaj kéen k’a’abéetchajak.
"
Talam táan u yantal ti’ kuxtale’ tu k’exik ba’ax najmal u manik máak,30/08/2023,"U bin u ko’ojtal ba’al yéetel u tuklik máak je’el u talamtal ba’al tu paachil k’iine’, ts’o’ok u beetik u jelpajal ba’ax ku manik máak tu lu’umil México ti’al u yantal jach chéen ba’ax k’a’abéet ti’, beyxan u túuntik uláak’ maarkáas ti’al u chan éensik u tojol ba’ax ku xupik yéetel u manik xan ba’alo’ob ma’ túumbentako’obi’, beey chíikpaj ti’ k’áatchi’ beeta’ab tumen EY.Ichil ba’ax chíikpaj ti’ túumben xaak’al meyajta’ab tumen mola’ay beetik áawditoryáas, íimpuestóos, kóonsultoryáa yéetel tráansaxionées, ku k’aaba’tik EY Future Consumer Index, tu lu’umil Méxicoe’ ts’o’ok u jach k’éexel bix u yúuchul máan, tumen wíinike’ ku kaxtik ba’alob ma’ jach ko’ojtako’obi’ ba’ale’ tu’ux láayli’ toj u yóol, tumen ka’ache’ wíinike’ ku táanilkunsik yóok’ol kaab, ts’o’okole’ toj óolal.Beey túuno’, u 32 por sientoil mexikoilo’ob k’áatchibta’abe’ tu táanilkunsaj toj óolal; tu paache’ chíikbesa’ab u ma’anal ba’al ma’ jach ko’ojtaki’ tumen 24 por siento máak núuk beyo’; u kaláanta’al yóoik’ol kaabe’, 21 por siento; kaaje’ 13 por siento yéetel experiensyaae’, 10 por siento. Tu winalil octubre ti’ u ja’abil 2022e’, ku táanilkúunsa’al ka’ach yóok’ol kaab, tumen beey a’alab tumen u 34 por sientoil mexikoil k’áatchita’abo’ob; 21 por sientoe’, toj óolal; experiensyaae’ 16 por siento; u ma’anal ba’al ma’ jach ko’ojtaki’, 15 por siento, yéetel kaaje’ 14 por siento.Ti’ lajuntúul máax k’áatchibta’abe’ waktúul tu núukaje’ yáax ba’ax ku kaxta’ale’ leti’ u ma’anal ba’al ma’ jach ko’ojtaki’, yéetel u 35 por sientoile’ ma’ tu tuklik wa je’el u chen éemel u ko’ojil ba’al tu noj lu’umil Méxcio te’e ja’aba’. Ts’o’okole’, u 60 por sientoil máake’ chi’ichnak tumen tu jach ko’ojtal sáasil, gaas yéetel ja’.
Uláak’ ba’ale’, u 55 por sientoil máax k’áatchibta’abe’, tu ya’alaje’ yáax ba’ax u ti’alo’boe’, toj óolal, ba’ale’ chi’ichnako’ob yóok’lal u tojil u yóol u tuukul. 
"
U k’íinalil ja’ yaan tu noojolil Florida óoli’ je’ex le yaan ti’ jump’éel jacuzzi,30/08/2023,"U chokolil ja’ yaan tu k’áak’náabil u noojolil Florida k’uch tu chokolil je’ex jacuzzis, tumen tu píitmáansaj 100 gradóos (37.8 gradóos Celsius) tu jo’oloj ka’ap’éel k’iin. Méeteorologose’ ku ya’aliko’obe’ míin leti’ u asab chokoj ja’il k’áak’náab ts’o’ok u yáax yantal, kex tumen yaan jayp’éel ba’alo’ob ma’ jach uts u na’atal walkila’.Tu náachil 40 kiloometrose’, ajxak’al xooko’obe’ béeychaj u yilko’ob ba’axo’ob talamil wa k’aasil ku yantal ikil u seen chokojtal ja’ bak’pachtik Florida: ku saktal koorales yéetel yaan jayp’éel ti’ le táakano’ob ka’ach Cayos de Floridae’, kíimo’ob. Le bix u k’éexel yóok’ol kaab tu winalil julioe’ tu beetaj u yáax p’i’isil reekords mix juntéen yáax yanak.
"
Jts’a’ab k’ajóoltbil yáax oochel jóok’sa’ab tumen rover túuxta’ab tu yóok’kabil uj ,30/08/2023,"Éespasyáal mola’ay indiail, ISRO, ts’o’ok u ye’esik ya’ax ba’ax táan u chíikbesa’al tumen Pragyan tu jo’oloj jáayak tu’ux ts’a’aban u kúuchil u beetik ku k’aaba’tik Vikram, ti’ u misyonil Chandrayaan 3, naats’ ti’ u noojol jáalik le Ujo’.
"
"Tu jo’oloj kamp’éel ja’abe’, najo’ob tu noj lu’umil Méxicoe’ ts’o’ok u ko’ojtalo’ob 35 por siento",31/08/2023,"U ma’anal jump’éel naj tu noj lu’umil Méxicoe’ ma’ ch’éen ch’a’abili’. Ichil ba’ax chíikpaja’an tu xaak’alil Encuesta Nacional de Ingreso Gasto (ENIGH) ila’abe’ u 69.6 por sientoil najo’ob yaan te’e noj lu’umilo’, u ti’al máax kaja’ani’. Le je’ela’ ku ye’esike’ yaan u jela’anil yóok’ol 2 miyoones 648 mil 837 úunidadées, tu táan le 68.2 por siento yanchaj tu ja’abil 2018.
Ichil ba’ax a’ala’ab tumen Organización para la Cooperación y el Desarrollo Económicos (OCDE), te’e jats k’iino’obo’, u tojol jump’éel naj tu noj lu’umil Méxicoe’, ko’ojchaj 35 por siento. Lela’ ku ye’esik maanal óoxtéen le beyka’aj ts’o’ok u ko’ojtal u bo’ota’al ti’al u majáanta’al jump’éel naj.
Ciudad de Méxicoe’ u ka’ap’éel péetlu’um tu’ux ma’ jach ya’ab naj ti’alinta’an tumen máaxo’ob kaja’ano’obi’ (59.7 por siento), tu paache’ ti’ yaan Jalisco (58.4 por siento). Ba’ale’, tu kaajil Cdmxe’, ya’abchaj xan máax ti’alintik jump’éel naj, tumen máan yóok’ol 7.2 puntóos póorsentuales ichil kamp’éel ja’ab.
Tu paache’, ti’ yaan Tabasco (6.3), Michoacán (4.9), Oaxaca (4.6), Guerrero (4.2), Hidalgo (3.1), Quintana Roo (3.1), Puebla (2.4), Chihuahua (2.4), u estadoil de México (2.3), Jalisco (1.7), San Luis Potosí (1.3) yéetel Sinaloa (1.2 por ciento). Tu péetlu’umil Morelos, Querétaro yéetel Baja California Sure’ ma’ tu máansajo’ob mix jump’éel puntóo póorsentuali’. 
Beey túuno’, tu kúulpachile’, le beyka’aj najo’ob ti’alinta’ab tumen máaxo’ob kaja’ano’obe’ j-éem 6.1 por siento tu péetlu’umil Nayarit; 4.5, Nuevo León, 2.9, Kaanpech; 2.8, Tamaulipas; 1.5, Aguascalientes; 1.4, Veracruz; 1.3, Yucatán; 1.2, Durango; 1.1, Coahuila yéetel jump’éel puuntóo, Sonora.
Ichil u eskaalail u noj lu’umil Méxicoe’, u manik máak jump’éel naj beeta’ane’, ya’abchaj 1.9 por siento; le ku túuxta’al beetbilo’, 1.7 yéetel u beetik máak tu juunal naj u ti’ale’ j-éem 5.5 por siento. 
"
YouTubee’ táan u túuntik jump’éel túumben nu’ukbesaj ti’al u kaxtik k’aayo’ob kéen xmáaman k’a’ayak,31/08/2023,"Téeknolojikóo nojoch mola’ay Googlee’ táan u túuntik yéetel jaytúul máaxo’ob k’a’abéetkunsik le nu’ukula’, jump’éel nu’ukbesaj ku ts’áak u páajtalil u kaxta’al k’aayo’ob ti’ YouTube tak chéen wa ku k’as k’a’ayal wa ka táabsa’ak le k’aayo’, beey jts’a’ab k’ajóoltbil tumen le mola’ayo’ ti’ k’a’aytajil ts’íib.
Le je’ela’ ma’ jump’éel ba’al túumben ti’al Googlei’, tumen le je’elo’ káaj u beetik tu ja’abil 2020. Ba’ale’, le nojoch mola’aya’ tu ya’alaj ti’ TechCrunche’, kex tu ka’ap’éelil nu’ukbesaj ku meyaj yéetel le miismo téeknolojiyaae’, le táan u meyaj ti’ YouTube maas séeb u meyaj keetel yéetel le u ti’al Googleo’, tumen u ti’al le je’elo’ k’a’abéet u yu’ubik ichil 10 yéetel 15 segundóos ti’al u na’atik ba’ax k’aayili’.Tu ja’abil 2002e’, Applee’ tu jóok’saj Shazam, nu’ukbesaj ti’al u k’ajóoltik k’aayo’ob óoli’ je’ex le je’elo’obo’.
"
K’áata’ab ka yanak u su’utuk kuxlik wíiniko’ob saatal ,31/08/2023,"U líik’tisl máaxo’ob ma’ ojéela’an tu’ux yano’obi’, yéetel máako’ob táaka’ano’ob ti’ múuch’o’ob je’ex Movimiento Unificador de Lucha Triqui (MULT) yéetel Frente Nacional de Lucha por el Socialismo (FNLS), tu beetajo’ob xíimbalil líik’sajt’aan tu noj kaajil Ciudad de México, ti’al u jach tsáako’ob ka su’utuko’ob yéetel tojbe’enil.
"
U ts’o’omel u pool peek’e’ asasb uts u ‘yu’ubaj’ wa ku t’a’anal tumen ko’olel ,01/09/2023,"Peek’o’obe’ ku ye’esiko’ob ku asab péek u yóol u ts’o’omel u pool wa máax t’anike’ ko’olel, beey úuchik u chíikpajal ti’ túumben xaak’al jts’a’ab k’ajóoltbil tu pikil ju’unil Communications Biology.
Úuchik u xak’alta’al yéetel réesonansyáa magneetikáa u ts’o’omel u pool peek’ kambanaja’ane’, húngaroil ajxak’al xooko’ob ti’ u noj najil xook
Universidad Eötvös Loránd, tu ya’alajo’obe’ yaan ba’alo’ob óoli’ juntakáalili’ ichil u ts’o’omel u pool chaampalo’ob, yéetel peek’o’ob kéen u yu’ubo’ob wa ba’ax (tu’ux yaan ba’al u yil bix u juum, bix u sit’láankil t’aan yéetel bix u ya’alal). 
Kéen t’aanako’ob yéetel máaxo’ob ma’ jach náachchajak u kaambalo’ob ti’ bix u yu’ubiko’ob u yúuchul t’aan (je’ex chaampalo’ob yéetel peek’o’obe’), ti’al u yu’ubajo’obe’ ku yantal k-k’exik bix kt’aan, k-jelbesik bix u chichil yéetel bix u juum. K’a’anan bix kt’anik juntúul chan neene’ tumen le bix kbeetiko’, ku yáantaj ti’al u kanik túumben ba’al yéetel no’oja’an u ti’alo’ob. Ba’ale’, bix túun, táak wáaj túun peek’ na’atik bix u t’a’analo’ob. 
Xaak’ale’ tu chíibkesaj, asab ma’alob u yu’ubajo’ob Ajxak’al xooko’obe’ ti’ p’iso’ob bix u péek ba’al tu ts’o’omel u pool peek’ ka’ansa’an. Beeta’ab ti’ob réesonansyáa magneetikáa fúunsyonáal (fMRI), tu’ux jts’a’ab u yu’ubo’ob t’aan beeta’an jach chéen ti’al peek’, neene’ob yéetel nojoch máako’ob. T’aan u’uya’abe’ táabsa’ab tumen 12 ko’olel yéetel 12 xiibo’ob. 
Beey túuno’, xaak’al tu ye’esaje’ le tu’ux ku yu’ubaj peek’ ichil u ts’o’omel u pool peek’e’ asab péeknaj ka tu yu’ubo’ob t’aan beeta’ab chéen u ti’al peek’ yéetel ti’al u t’a’anal chaampalo’ob; ma’ beey úuchik ka tu yu’ubo’ob t’aan beeta’ab ti’al nojoch máak. 
Beyxan, asab chíikpaj u’uya’ab ba’ax a’alab ka’aj t’aanaj ko’olel, tumen yanchaj ba’al u yil  u kóochil t’aan yéetel bix u juum. Le beetike’, ku tukulta’ale’ k’a’anan bix kt’anik peek’o’ob, tumen u ts’o’omel u poolo’obe’ ku asab péek wa ku k’a’am t’aan ko’olel.   
"
Chakay ,01/09/2023,"Le k’áak’náabil ba’alche’a’, ts’a’aban u sientiifikoil k’aaba’ beey Panulirus argus, ts’o’okole’ jach k’a’anan ti’al kuxtal yaan ich ja’, beyxan ti’al wíinik, tu ya’alaj Gonzalo Merediz Alonso, máax jo’olbesik Amigos de Sian Ka'an.Tu ya’alaje’ u chakayil Caribee’, wa langosta, ku péek ichil tuláakal u ja’il le baanta je’elo’, tu ya’alaj. Ts’o’okole’, wa jok’a’an k’iine’, le krustaseoa’ ku máan u kaxt bo’oy, yéetel le je’elo’ uts ti’al máaxo’ob ku máan chuk kay, ti’ kaajo’ob je’ex Punta Allen, tumen beyo’ ku páajtal u séeb chuuko’ob ikil u k’a’abéetkunsiko’ob nu’ukul ku k’aaba’tik “casitas cubanas” ti’al u kóoliko’ob le chan ba’alche’a’, tumen ba’ax ku beetike’, u bo’oykinsik ja’, tu’ux ku yokol.
Tu tsikbaltaj chakaye’ je’el u p’isik tak 60 sentiimetróos tu chowakil, ts’o’okole’ yaan ka’ap’éel u nojoch k’i’ixel, yéetel ku bulkubáaj tak tu taamil 90 metróos.U boonile’ óol ya’ax wa éekume’en chak, ts’o’okole’ tu sóol u paache’ yaan u wáawayil sak, yéetel yaan ichil kamp’éel tak wakp’éel nojoch wiits’ k’an boonil tu nak’.Je’el u kuxtal tak 20 ja’abo’ob, yéetel ku jaantik aalgáas, u juubilo’ob k’áak’náak yéetel uláak’ ba’alche’ob yaan ich ja’.
"
Kaxta’ab u baakel u pool juntúul úuchben ba’alche’ kuxlaj Argentina,04/09/2023,"Junmúuch’ argentinoil páaleontologóose’ tu kaxtaj u baakel u pool jump’éel túumben jejeláasil anuro, juntúul ba’alche’ kuxtal tu jats k’iinil Pleistoceno ti’ le lu’umil je’elo’, beey jts’a’ab k’ajóoltbil tumen Museo Paleontológico de San Pedro.U múuch’il Grupo Conservacionista de Fósiles ti’ le kúuchill e’esajil yaan tu noj kaajil San Pedro, tu lu’umil Buenos Airese’, tu kaxtaj le úuchben ba’alche’ tukulta’an kuxtal walkil 100 mil ja’abo’ob paachil.
Úuchik u kaxta’al nonoj u baakel u pool le ba’alche’a’, béeychaj u ke’etel yéetel uláak’ úuchben baako’ob láayli’ ti’ le ba’alche’ob, le beetik páajchaj u ya’alale’ “Juntúul ba’alche’ mix juntéen yáax ila’ak”. Jump’éel túumben jejeláasil ba’alche’ suuka’an ka’ach u ts’onik je’el ba’axak ka máanak tu táan”, tsola’ab ti’ k’aa’ytajil beeta’ab. Beyxan yéetele’, ku béeytal u na’ata’al bix u jejeláasil ba’alche’ob te’e k’inako’obe’, yéetel bix úuchik u bin u k’éexelo’ob. Páatchaj xan u jeel tukulta’al uláak’ ba’alo’ob ti’ bix úuchik u ch’éejel ba’alche’ob tu k’iinil ka’aj yanchaj u ts’ook glasiasyoon tumen tu jelbesaj kuxtal nukuch ba’alob yaan ka’achij, ba’ale’ beyxan uláak’o’ob je’el bix muucho’ob.
"
Jmexikoil ajxak’al xooko’obe’ tu beetajo’ob u poolboil leeche ti’al u tséenta’al chan paalo’ob,04/09/2023,"Jmexikoil xak’al xooko’obe’ béeychaj u meyajtiko’ob leeche yéetel le ku chu’uch mejen paalal ti’al u beetiko’ob u poolboil, yéetele’ yaan u béeytal u tséenta’al u paalal ko’olel oksa’an tu kúuchil k’alab yéetel uláak’ mejen neene’ob ma’ táan u béeytal u ts’a’abal u chu’ucho’ob tumen u na’ob.Blanca Aguilar Uscanga, x-xaak’al ti’ u kúuchil ciencias exactas ti’ u noj najil xook Universidad de Guadalajara, tu ya’alaje’ xáanchaj lajunp’éel ja’ab tu meyaj ti’al u béeytal u yantal u leecheil yéetel le ku chu’uch mejen paalal ti’al u béeytal u meyaj, tumen najmal u yilik ma’ u k’astal.Ka’aj káaje’ chéen jump’éel u meyajil teesis ti’al u dóoktoradoil Biotecnología, ba’ale’ ka’aj ts’o’oke’ tu sutaj jump’éel baaako tu’ux ku líik’sa’al leeche yéetel le ku tséenta’al u paalal ko’olelo’ob k’ala’an yéetel ma’ tu béeytal u tséenta’al. Tu jo’oloje’, béeychaj túun u tikikúunsa’al yéetel u ju’uch’ul le leecheo’.
Tu tsolaje’, ti’ uláak’ u baankoilo’ob leeche’ yaan tu najilo’ob ts’ak yaj tu noj lu’umil Méxicoe’ yaan líik’sa’ani’, ba’ale’ ti’al u beeta’ale’ ku kóonjelarta’al yéetel ku páasteurisaarta’al, chéen ba’axe’ kéen beeta’ake’ yaan ba’alo’ob ku jelpajal ti’. “Tin tukultaj: k’a’anan in kaxtik bix in beetik ti’al ma’ u k’astal yéetel tu’ux ka béeyak in meyajtik ti’al u xáantal”, tu tsolaj.Yéetel u yáantajil túun xoknáalo’ob yéetel uláak’ máako’ob táan u xokik u dóoktorado’obe’, tu jo’oloj jayp’éel ja’abo’obe’, tu na’ato’obe’ u tikikúunsa’al kéen jo’op’ok u wiwits’ja’ta’ale’ asab uts ti’al ma’ u k’astal le lecheo’ yéetel ti’al u p’áatal beey ts’aka’anilo’, tumen ku p’áatal u próoteinasil, lípidos yéetel grasas tak tu 98 por sientoil, yéetel uláak’ ba’alo’ob, je’el bix lactoferrina, le je’ela’ jump’éel ba’al k’a’anan ti’al u yutsil tséenta’al mejen paalale’, ku p’áatal tak tu 90 por siento.Kúulpach ti’ ba’ax ku beeta’al tumen mola’ayo’ob ku koonole’, poolbo béeychaj u meyajtiko’obe’ ma’ ts’a’aban u jeel ba’alo’ob ti’al u mu’uk’ankúunsa’al, mina’an xan u kóonserbadoresil mix u sáaborisanteil, le beetik jach óole’ je’ex u ti’al le ku beetik ko’olel kéen jo’op’ok u tséentik u paalal.
"
Tren Maya yéetel uláak’ meyajo’obe’ bo’ol p’aax ti’al u noojol-lak’inil le lu’uma’,04/09/2023,"Le k’iino’ob máana’, u petenil Yucatáne’ tu yilaj ba’alo’ob bíin p’áatak tu k’ayla’ayil le lu’uma’ tu paach k’iin; yáax áalkab tu beetaj tsíimin k’áak’e’, j-úuch ka’alikil na’aka’an López Obradori’, ts’o’okole’ k’a’aytab ts’o’ok u je’ebel u joolilo’ob Chichén Viejo yéetel u bejilo’ob Q. Roo, ichil uláak’ ba’alo’ob. U bin u ts’o’oksa’al meyajo’ob táan u beeta’al ti’al u máan nojoch xnook’ol yéetel le uláako’obe’, uts lúubik ti’ le lu’uma’ tumen tu ts’áaj tu’ux u meyaj kaaj.
"
U winalil Téestamento tu lu’umil Yucatán yaan u ts’áak déeskuntos tak tu 100 por sientoil ,05/09/2023,"U jala’achil u lu’umil Yucatáne’ tu k’a’aytaj u nu’ukbesajil “Mes del Testamento” tu’ux yaan u yáanta’al kaaj ti’al ma’ u yantal u bo’otik, wa ti’al u p’íitchajal u bo’olil, najmal u beeta’al kéen jo’p’ok u beeta’al u ju’unil téestamento, ichil u winalilo’ob septiembre yéetel octubre.Beey túuno’, u jóok’sa’al jump’éel u ju’unil téestamento oloografóo, k’ajóolta’an beet u téestamentoil puño y letrae’ ma’ táan u tojoltik mix ba’al, ka’alikil u beeta’al téestamento tu táan Notario Público chéen yaan u tojoltik le beyka’aj jets’a’an tumen Colegio Notarial de Yucatán unaj u bo’ota’al ti’al le ja’aba’, 2 mil pesos.Beyxan a’alabe’, kéen beeta’ak téestamentóo tu táan Notario Públicoe’ yaan xan u yéensa’al u tojol ti’al wíinik ts’o’ok 60 u ja’abil, yéetel máaxo’ob yaan ti’ob wa ba’ax díiskapasidaad, ti’al u yantal u bo’otiko’ob chéen mil 600 pesos yóok’lal. Ichil túun máaxo’ob oka’ano’ob ti’al le utsila’, ti’ yaan xan éenfermeros yéetel páaramedikóos táan u meyajo’ob walkila’, yéetel u meyajnáalilo’ob Secretaría de Seguridad Pública (SSP).Ti’al u béeytal u beeta’al téestamento tu táan Notario Públicoe’ k’a’abéet u áaktail náasimiento máak, CURP, jump’éel íidentifikaasyóon yaan u yoochel máax beetik le ju’uno’ yéetel ka’atúul testigóos. 
Tu péetlu’umil Yucatáne’ yaan 134 u túul notaryóos je’el u béeytal u beetiko’ob le k’a’anan ju’una’. Uláak’ ba’ale’, wa yaan máax taak u beetik u ju’unil téestamento de ts’íib k’abile’, ku páajtal u t’aan Archivo Notarial ti’al u tsolnu’uktal bix u beeta’al, tumen ti’al u béeytale’ k’a’abéet ts’o’ok 18 u ja’abil máax beetik, beyxan u yojel xook yéetel ts’íib, yéetel najmal u beetik ka’atéen u ts’íibil, jach je’el bix beeta’abik le yáaxo’; u k’u’ubul u óorijinalil yéetel u yoochel INE, CURP yéetel u áaktail náasimiento, je’el bi xan u k’u’ubul u láapiseroil yéetel le ts’íibta’ab le ju’uno’. Ti’al u beeta’ale’, k’a’abéet u t’aan máak (999)9303022, extensión 53287 ti’al u k’áata’al jump’éel sitáa.Ma’ tun bin k’ambil ju’uno’ob beeta’an yéetle maakináa, mix ti’ kóomputadoráa w beeta’an tumen yaanal máak ti’ le máax k’áatiko’. Wa ma’ u yojel, wa ma’ tu béeytal u xook mix u ts’íibi’, ma’ táan u béeytal u beeta’al téestamento oloografóo, yéetel yaan u yantal u beeta’al tu táan Notario Público. Ti’al u yojéelta’al uláak’ ba’alo’obe’ k’a’abéet u túuxta’al ts’íib te’ela’: [email protected].
"
"Kaxta’ab juntúul Chakmo’ol tu kaajil Pátzcuaro, Michoacán; le tu’ux yaan ka’acho’ ma’ suuka’an u yila’ali’",05/09/2023,"Le 30 ti’ agosto máanika’, kaxta’ab tumen u meyajnáalilo’ob Instituto Nacional de Antropología e Historia (INAH), ichil jump’éel k’áax tu’ux táan ka’ach u beeta’al meyajo’ob te’e kaajo’, u chíikulal juntúul úuchben Chakmo’ol.Tumen ma’ jkaxta’ab uláak’ nu’ukulo’ob wa ba’alo’ob e’esik ba’axten wa bix úuchik u ts’a’abal le úuchben ba’alo’, ajxak’al xooko’obe’ ku ya’aliko’obe’ míin yanchaj u péeksa’al tu’ux yaan ka’achij, ts’o’oke’ míin naats’.
Ti’al túun u ts’aatáanta’ale’, u mola’ayil Secretaría de Cultura ti’ u Jala’achil u Noj Lu’umil México, ikil tu meyaj u kúuchil Centro INAH Michoacán, ts’o’ok u káajsik jump’éel nu’ukbesaj ti’al u ts’aatáantik le úuchben ba’ala’, ti’al u beeta’al uláak’ xaak’alo’ob tu bak’pachil.
"
Ts’o’ok u káajal u jóok’la’ajal máaxo’ob bin u cha’anto’ob Burning Man ,05/09/2023,"Cha’ane’ suuk u beeta’al ja’ab man ja’ab tu saamil Nevada (Estados Unidos), ba’ale’ ti’ le yanchaj walkila’, jp’áat k’aalil kex 64 mil u túul máako’obi’, úuchik u seen k’a’amtal cháak yéetel tumen láaj luuk’chaj lu’um. Le lunes máanik túuna’, béeychaj u bin u jóok’olo’ob.
"
"K’u’ob beeta’an yéetel sojol beyxan plaastikoe’, sajbe’entsil ti’al ch’íich’o’ob ku máano’ob chuuk",06/09/2023,"Jump’éel xaak’al beeta’ab tumen junmúuch’ ajxak’al xooko’obe’, tu ye’esaje’ aaguiláas ku máano’ob chuuke’ táan u k’a’abéetkunsiko’ob sojol yéetel plaastikóos ti’al u beetik u k’u’ob, ts’o’okole’ le je’elo’ jump’éel ba’al ku p’atik ich sajbe’entsil u kuxtalo’ob. 
Ti’al u beeta’al xaak’ale’ táan u táakpajal u máakilo’ob Museo Español de Ciencias Naturales (MNCN-CSIC), máaxo’ob tu xíimbalto’ob u patenil Boa
Vista, tu baantail u afrikanoil múuch’ peteno’ob Cabo Verde, tu k’áak’náabil Atlántico.
Ka’alikil máan u jatsk’iinilo’ob u ya’abtal ba’alche’, ichil u ja’abilo’ob 2019 yéetel 2022, ajxak’al xooko’obe’ tu jach ts’aatáantajo’ob bix beeta’anil 36 u p’éel k’u’ob, je’el bix xan beyka’aj ba’alche’ob ku tóop’olo’obi’, beyxan jaytúul u nojochilo’ob yéetel u mejenilo’ob kíimij úuchik u k’a’alo’ob ich báasuráa.
Tu ts’ook ila’abe’ ti’al u beeta’al 91.7 por sientoil k’u’obe’ k’a’abéetkunsa’ab sojol ba’alo’ob -xoka’ab mil 49 u p’éel ba’alob je’el bix reedes wa maayáas- yéetel u 88.9 por sientoile’, plaastikóos.
Ichil ba’ax a’alab tumen ajxak’al xooko’obe’, le beyka’aj xlalab ba’al kaxta’ab tu k’u’ aaguilas ku chuuke’, sajbe’entsil ti’ wíinik tumen, kéen máanak ja’abo’obe’, yaan u jelpajal xan bin u ya’abtalo’ob.
“To’one’ taak ka’ach kxak’altik ba’ax ku yúuchul yéetel ba’alche’ob kéen p’a’atak plaastikóos tumen wíinik te’e jáal ja’o’, ba’ale’ u ya’abile’ yéetel aaguiláa ku máan chuuk, suuk u tséentikubáaj yéetel kayo’ob, ts’o’okole’ suuka’an u beetik u k’u’ nuuktak, yéetel ku k’a’abéetkunsik ja’ab man ja’ab”, tu ya’alaj ajxak’al xooko’ob.
"
"Táan u líik’sa’al meyajo’ob ti’al u kaláanta’al ka náachchajak máak ti’ tuukul óotik u kíinsikubáaj, tu kaajil Jo’",06/09/2023,"U kúuchil Centro Peninsular en Humanidades y Ciencias Sociales (CEPHCIS) ti’ u noj najil xook UNAMe’, yaan u beetik u meyajil IV Jornada Regional de Prevención del Suicidio, le 8 ti’ septiembre ku taala’, tu Auditorioil u kúuchil  Rendón Peniche CEPHCIS, ti’ le UNAMo’. Laura Hernández Ruiz, xka’ansaj ku meyaj te’e kúuchilo’, leti’e’ máax jo’olbesik le meyaja’.
Beey túuno’, meyaje’ yaan u chúunsa’al láas 8:30 ja’atskab k’iin. P’el u ts’o’okole’ yaan u beeta’al u noj tse’ekil Comportamiento suicida y muerte por suicidio, tumen Arsenio Rosado Franco, máax jo’olbesik Centro Integral de Salud Mental (Cisame) Yucatán.
“U xaak’alta’al jejeláas ba’al yaan ba’al u yil yéetel u tselik máak u kuxtal ichil junjaats kaaje’, ts’o’ok u jach much’ik meyaj ya’abach máako’ob ti’ jejeláas díisisplináas. Ba’ale’, kex ts’o’ok u máan ya’abach ja’abo’o káajak u beeta’ale’, láayli’ u jach yantal wíinik ku kíinsikubáaj, ts’o’okole’ ma’ táan u beeta’al nu’ukbesajo’ob ka u séeb ts’aatáanto’ob ichil u poliitikáasil kaaj ku beeta’al ti’al ka ch’éeneko’ob. Le túune’, Jornadae’ táan u kaxtik u ye’esik le noj talamil yaana’, ti’ jejeláas paakato’ob, ti’al beyo’ u béeytal u patjo’oltal uláak’ meyajo’ob yéetel poliitikáas ka u beet u chan ch’éenel le talamila’ tu noj lu’umil Yucatán” tu tsikbaltaj Hernández Ruiz.
Ichil Jornada Regional de Prevención del Suicidio yaan u yantal ukjaats tsikbalo’ob tu’ux yaan u táakpajal máako’ob jach kaambanaja’ano’ob yóok’lal: “El suicidio y la educación”; “El suicidio y la psicología “; El suicidio y la medicina”; “El suicidio y las ciencias sociales”, “El suicidio y los medios de comunicación”; “El suicidio y el arte”; “Asociación y el suicidio”.
Le meyaja’ yaan u beeta’al le 8 ti’ septiembre ku taala’, láas 8:30 ja’atskab k’iin tak 8 áak’ab, ti’ kúuchil yaan yóok’ol u bejil 43 s/n, ichil 44 yéetel 46, tu koloonyail Industrial.
"
"Ichil lajuntúul máasewal ko’olele’, óoxtúul péech’óolt’aan: Conapred",06/09/2023,"U mola’ayil Consejo Nacional para Prevenir la Discriminación (Conapred) tu chíikbesaj ba’ax jóok’ ichil Encuesta Nacional sobre Discriminación (Enadis 2022), tu’ux ila’abe’ láayli’ yaan máasewal ko’olel ku péech’óolta’al tumen ts’a’aban u kuuch yóok’lal u ch’i’ibalo’ob ichil tuláakal u noj lu’umil México; ila’abe’ ti’ lajuntúulale’, óoxtulo’ob yaan wa ba’ax péech’óolalil u máansmajo’ob.Úuchik u máan U K’iinil Máasewal Ko’olel (le 5 ti’ septiembre máanika’), beeta’ab páayt’aan ti’al u mu’uk’ankúunsa’al ba’ax táan u beeta’al ti’al u táakbesa’al le jaats kaajila’ ti’ tuláakal tu’ux ku kuxtal wíinik, tumen ya’abach tu’ux ila’ane’ láayli’ u péech’óolta’alo’ob, je’el bix tráansportee puublikóo, najil xook, tu meyajo’ob, yéetel tak ichil u láak’tsilo’obi’.Máasewal ko’olel ts’o’ok 12 u ja’abil táakpaj ti’ le u xookil Enadis 2022e’, tu ya’alajo’obe’ leti’e’ tu’ux ku asab ya’ab chíikpajal pech’ óolal.
Xaak’al tu ye’esaje’, u ya’abil péech’ óol ku beeta’ale’ ku yúuchul kéen réechasarta’ak ko’olel, kéen tse’elek ti’ ba’ax ku beeta’al ti’ múuch’ kaajo’ob, ku ts’ée’ pakta’alo’ob, ku po’och’olo’ob yéetel ku ya’alal ba’al ti’ob, je’el bix xan ku yoksa’al saajkil ti’ob yéetel ku túulch’inta’alo’ob. Ts’o’okole’, ti’ lajuntúul máasewal paalal yaan wakp’éel u ja’abil wa maanal ti’e’, bolontúule’ ti’ yaan tu jach kaabal ayik’al kaaj, 53.6 por sientoe’ ti’ yaan tu jatsil kaabal, yéetel 37.7 por sientoe’ tu chúumuk kaabalil.Beyxan, ti’ óoxtúul ko’olele’, ka’atúul ku chíimpoltikubáaj beey máasewal, ts’o’okole’ ma’ ti’ noj kaaj kaja’ani’ (66.5 por sientoil), lela’, u k’áat u ya’ale’, kaaj tu’ux yano’obe’ ma’ tu píitmáansik 15 mil kajnáalo’ob. Tu noojol-lak’inil México yaan u ya’abil ko’olel chíimpolta’an beey máasewal.Ichilo’obe’ ti’ yaan Oaxaca (15.7 por siento), Veracruz (12.2 por siento), Puebla (8.7 por siento), Guerrero (8.2 por siento) yéetel u estadoil México (7.9 por siento).
"
Jach óolak ch’éejek wíinik walkil 900 mil ja’abo’ob; chéen p’aatal ka’ach kex mil 300 u túulal,07/09/2023,"U ch’i’ibal wíinik kuxlaj walkil ya’abach ja’abo’ob paachile’, sajbe’entsil kuxlaj ti’al u káajbal yéetel u chúumuk u jats k’iinilo’ob Pleistoceno, tumen jach p’íitchaj le jaytúul xiibo’ob yaan ka’ach ti’al ka béeyak u ya’abtalo’obi’, le beetike’ chéen jp’áat óoli’ mil 300 u túulal, le beetike’ je’el ka’ach u jelpajal wíinik je’el bix k-k’ajóolmilo’ob tak bejla’e’.Jump’éel xaak’al xook jts’a’ab k’ajóoltbil tu pikil ju’unil Science jo’olbesa’an tumen Academia China de Ciencia tu ts’áaj k’ajóoltbile’ yaan jump’éel noj tuukul a’alike’, ichil u ja’abil 800 tak 900e’,  yanchaj jump’éel “cuello de botella” tu’ux, ti’al u káajbale’, pe’erchaj u 98,7 por siento úuchben máako’ob.Beey túuno’, ku tukulta’ale’, úuchik u ch’éejel le beyka’aj máako’, úuch yóok’lal bix úuchik u k’éexel yóok’ol kaab te’e k’inako’obe’: ka’aj úuch b’alao’ob yéetel gláasiasyoone’ yanchaj k’eexilo’ob tu síisil yéetel tu k’íinalil yóok’ol kaab, le beetike’ chowakchaj yáax k’iin, yéetel ch’éej uláak’ ba’alche’ob k’a’antak ti’al u tséentikubáaj máak, ts’íibta’abij.
"
Yáax juntéen úuchik u jach beetik ooxol ku xu’ulsaj óol te’e winalo’oba’: Copernicus,07/09/2023,"Agosto máanike’, ma’ chéen leti’e’ tu’ux jach tu beetaj ooxolo’, je’el bix jets’a’ab tumen ajxak’al xooko’ob yéetel u túumben nu’ukulo’obi’; beyxan u ka’ap’éel winalil tu’ux asab chokochaj u yooxol ichil tuláakal u k’ajla’ayil wíinik, chéen tu paach julio ti’ u ja’abil 2023, k’a’aytab tumen Organización Meteorológica Mundial. 
"
Bix úuchik u ''wéekel'' chak boon ichil tuláakal u noj lu’umil México tumen wech lu’um,07/09/2023,"Ti’al maayaob yéetel aztecaobe’, chak boon ku jóok’sa’al ti’ wech lu’ume’, u chíikulal yuumtsilo’ob, yuum K’iin yéetel k’i’ik’, ts’o’okole’ suukchaj u k’a’abéetkunsa’al ka’alikil beeta’ab kili’ich k’uubajilo’ob tumen úuchben miatsilo’ob; ba’ale’, ka’aj k’uch sak wíiniko’obe’, jach k’a’anankúunsa’ab le boono’, yéetel káaj u seen beeta’al ti’al u túuxtal tak uláak’ noj lu’umo’ob. 
Ichil ba’ax a’alan tumen u noj najil xook Universidad de Harvard, chéen u máasewal kaajilo’ob México u yojelo’ob bix u tséenta’al le chan ba’alche’a’ ku kajtal ich pak’am yéetel bix u beeta’al ti’al u jóok’sa’al u boonil.
“U beeta’al boone’ meyaj jéets’ ku béeytal u beeta’al chéen tumen máasewalo’ob, kex mix bik’in chíimpolta’abo’ob tu yóok’lal”, a’alab tumen Universidad de Harvard.
Ti’al u jóok’sa’al boone’, ku ch’a’abal wech lu’um tu k’ab pak’ame’, ts’o’okole’ ku tikinkúunsa’al yéetel ku ju’uch’ul ti’al u jóok’sa’al u poolboil, ti’al túun u ts’a’abal jayp’éel kiimikóos ti’ ti’al u beeta’al le boonilo’. Ku k’a’abéetkunsa’al kex 70 mil ik’elo’ob ti’al u beeta’al jump’éel kiloo boon. Le je’elo’ ku jóok’ol tumen yaan aasidóo karmiinikóo, ba’ax ku beeta’al tumen Dactylopius coccus, u sientiifikoil k’aaba’ le chan ik’ela’.
Tu jo’oloj ya’abach ja’abe’, sak wíiniko’obe’ tu ch’a’aj u meyajto’ob úuchik u palitsilta’al máasewalo’ob, ba’ale’ siiglóo XVIII europeoilo’obe’ tu na’ato’ob bix u beeta’al yéetel bix u jóok’sa’ale’ ka’aj yanchaj u jeelo’ob meyajtik.Walkila’, boone’ ku beeta’al yéetel sinteetikóo ba’alo’ob, ba’ale’ yaan kaajo’ob tu’ux láayli’ u meyajta’ale’.
"
Sak chi’ik,07/09/2023,"Jach chéen jats’uts u k’aay, ts’o’okole’ u yojel u yéets’ uláak’ ch’íich’o’ob, sak chi’ike’, kaja’an Laguna de Términos, yéetel u ch’a’amaj u ch’i’ibal ti’ u baatsil Mimidae.
Yaan uláak’ tu’uxe’ k’ajóolta’an beey sinsontle común, paraulata llanera, centzontle sureño, calandria tropical yéetel mirla blanca.
Ma’ seen nojochi’; ku p’isik tak 25 sentiimetróos. U pool yéetel u paache’ samal boox, u xiik’e’ boox yéetel u jáalikilo’obe’ sak, tu tsikbaltaj Jacqueline May Díaz, máax beetik u k’a’aytajilo’ob u múuch’il “Desarrollo y Medio Ambiente, A.C.”. Tu ya’alaj xane’, u nej sak chi’ike’ boox; u nak’, u tseem yéetel u kaale’, sak. “U xaawe’ boox, beyxan u koj yéetel u yoche’ k’aank’an”.
Sak chi’ike’ ku yila’al tu chúumukil México tak tu lak’inil Brasil, ba’ale’ yaan tu’ux mina’an je’el bix Panamá yéetel Costa Rica. Xbiologáa Yanec Jiménez Ruiz, tu ya’alaje’ tu péetlu’umil Quitana Rooe’ kaja’an Laguna de Términos, u ya’abile’ tu’ux yaan ka’anal k’áax, Península de Atasta, Sabancuy yéetel tu baantail Ríos, Mamantel.
Ku yojéelta’al sak chi’ik ku k’aay, tumen jach jats’uts yéetel jejeláas bix u beetik. Ku tséentikubáaj yéetel ik’elo’ob, u yich che’ yéetel i’inajo’ob.
"
"Xya’axkach jelbesa’an u ch’i’ibale’ béeychaja’an u ts’áak  u mejenil kex mina’an u xiibili’, chíikpaj ti’ xaak’al",11/09/2023,"Xya’axkacho’ob jaantik u yich che’obe’, ku béeytal u yantal u mejenil kex mina’an u xibil ba’alche’il, beey chíikpaj ti’ jump’éel xaak’al beeta’abij.
Junmúuch’ u ajxak’al xookilo’ob Universidad de Cambridge (Reino Unido), tu xak’altaj ba’ax táan u yúuchul yéetel u xya’axkachil Drosophila melanogaster, tu’ux ila’abe’ táan u ts’áak u mejenil ba’ale’ yéetel ba’ax k’aaba’inta’an beey “partenogénesis”, le je’ela’ ku yúuchul kéen súutuk embrion le oobulóo’, kex ma’ yáax kóojsa’ak tumen espeermai’.
Xaak’ale’ jts’a’ab k’ajóoltbil tu pikil ju’unil Current Biology, tu’ux a’alabe’ jumpuul káajak u síijsa’al beyo’, ku máansik xan ti’ u mejen kéen u ts’aej. Le beetike’, xya’axkache’ ku béeytal u yantal u mejenil sexualmente wa yaan u xiibil, ba’ale’ wa mina’ane’ ku ts’áak chéen tu juun.
Beey túuno’, kéen u síijs u mejenil chéen tu juunale’, ma’ tu jóok’ol jach je’ex u na’obe’, ba’ale’ u ch’i’ibale’ jach óoli’ beyo’, yéetel kéen yanako’obe’ láaj ch’upul xya’axkach. 
“Jach noj ba’al tin wilaj bix úuchik u ts’áak u mejenil juntúul xya’axkach ku béeytal u ts’áak ulaák’ u mejenil kéen nojochchajak, ts’o’okole’ u beeta’al tuka’atéen tumen le ku líik’lo’obo’”, tu ya’alaj u yáax yuumil xaak’al, Alexis Sperling.
Beey túuno’, u xch’uupil ya’axkach jelbesa’an u ch’i’ibale’ máan u kaxt u xiibil ba’alche’ kex chúumuk u kuxtal, óoli’ 40 k’iino’ob, “ba’ale’ náak u yóolo’obe’ ka’aj káaj u ts’áak u mejenil chéen tu juunal”, tu ya’alaj.
Ma’ili’ k’uchuk ajxaak’alo’ob yiknal xya’axkach jelbesa’ane’, múuch’ xaak’alo’obe’ yanchaj u ts’íibtik ba’axo’ob jeenesil yaan ti’ ka’ap’éel u seepasil uláak’ juntúul xya’axkach, Drosophilia mercatorum. Tu’ux ila’abe’ juntúul ti’ le je’elo’obo’, jach k’a’abéet ti’ u xiibil ti’al u yantal u mejenil, yéetel uláak’e’ ku tsa’ayal chéen tu juunal.
Lee: Moscas modificadas genéticamente han logrado reproducirse sin macho, revela estudio
"
Tu k’u’ europeoil ch’íich’e’ ku yantal jump’éel  bakteeryáa ''p’isik'' bix u k’éexel u chokolil yóok’ol kaab,11/09/2023,"Jump’éel xaak’al tu’ux táan u táakpajal u noj najil xook Universidad española de Granada tu chíikbesaje’ tu k’u’ europeoil ch’íich’o’obe’ ku kajtal Arsenophonus nasoniae, jump’éel bakteeryáa ch’úuktik bix u k’éexel u chokolil yóok’ol kaab. 
Xaak’al ku ya’alike’, le bakteerya je’elo’ kach k’a’anan ti’al u p’i’isil bix u k’éexel u chokolil lu’um, ts’o’okole’ ts’o’ok xan u ya’abtal u bin u jaykubáaj tu lu’umil Europa, Portugal tak Finlandia, ts’o’okole’ yaan xan tak Reino Unido, Alemania yéetel Suiza; k’u’obe’ ku meyaj beey nu’ukul líik’sik le chan bakteeryao’ ikil u ts’a’abal tumen u xuuxil Nasonia vitripennis.
Lela’ jump’éel bakteerya luk’sik u 90 por sientoil u xiibil xuux k’ujsik te’e k’u’o’, ts’o’okole’ je’el u béeytal u k’a’abéetkunsa’al ti’al u na’ata’al ba’ax yaan u yil ichil bakteeryáas yéetel ik’elo’ob ts’áako’ob te’elo’; uláak’ ba’ale’, ku k’a’abéetkunsa’alo’ob ti’al u p’i’isil bix u bin u chokotal yóok’ol kaab yéetel bix u jelpajal u kuxtal ik’elo’ob tumen.
Beey túuno’, u yokol bakteeryáa ti’ u xch’upil xuuxe’ ku jelbesik u mejenil ken u tóop’sej, tumen ku p’áatale’ chéen u xch’uupil ku ts’áak, le beetike’ uts u bin u k’i’itpajal bakteeryáa.
“Xaak’ale’, jo’olbesa’an tumen Universidad de Liverpool, ts’o’okole’ ku ye’esik jach ma’alob u bin u k’i’itpajal ichil tuláakal Europa.
“Xuuxe’ k’uch tu lu’umil Europa jayp’éel siiglos paachil ka’aj luk’ Norteamérica, úuchik u k’atik le k’áak’náabo’. Walkila’ k-ojele’ yanchaj jaytúul máako’ob k’ucho’ob Europae’ láayli’ pa’ak’ ti’obi’”, tu ya’alaj u j-xaak’al xookil Zoología ti’ u noj najil xook Universidad de Granada, táakpaj xan te’e xaak’alo’, Jorge Garrido.
Te’e k’iino’oba’ ojéela’an bakteeryáas je’el bix le je’ela’, ku ch’a’abal ti’al u beeta’al xaak’alo’ob, tumen jach no’ojantako’ob ti’al u ts’a’abal u p’iis u yantal ik’elo’ob tsa’aysik jayp’éel k’oja’anilo’ob, je’el bix dengue, malaria o wa u chokwilil Nilo. 
Beyxan, je’el u k’a’abéetkunsa’alo’ob ti’al u xak’alta’al bix u k’éexel u chokolil yóok’ol kaab, tumen u ya’abil ti’ leti’obe’ ku yúuchul wa ba’ax ti’ob kéen k’éexek u chokolil lu’um.
Lee: Nidos de aves europeas resguardan una bacteria que ‘mide’ el cambio climático
"
Kaxta’ab 45 u p’éel reestos ts’ona’ab tumen úuchben máako’ob ku máan u luk’s poolo’ob tu lu’umil China,11/09/2023,"Úuchben ch’i’ibalo’ob yéetel kaajo’obe’ suukchaj u beetiko’ob jejeláas ba’alo’ob ti’al u mayjta’al poolo’ob yéetel u baakel u pool wíinik. Yaanal bixij, ba’ale’ walkila’ láayli’ u beeta’al jayp’éel ba’alo’ob yóok’lal ichil tuláakal yóok’ol kaab. Chéen ba’axe’ te’e k’iino’oba’ ajxak’al xooko’obe’ tu kaxtajo’ob uláak’ u chíikulal chuk pool beeta’ab ti’ úuchben Asia. Ka’alikil beeta’ab páan meyajo’ob tu’ux ets’laj u yúuchben kaajil Honghe, tu xaman-lak’inil China, tu chúumukil mileenyóo V a.C., tu’ux kaxta’ab tumen arkeeologóose’, 14 u p’éel kaajo’ob, tu’ux yanchaj 69 u p’éel chej baakel, wa eskeeletóo, ts’o’oke’ ti’ le je’elo’obo’ 41e’ xota’an u kaalo’ob, yéetel tuláakal baake’ u ti’al ko’olel yéetel paalal.Ts’o’okole’, yanchaj uláak’ muukilo’ob tu’ux kaxta’ab u baakel u pool xiibo’ob, máaxo’ob ku tukulta’ab k’ucho’bo te’elo’, úuchik u k’u’ubul ti’ máaxo’ob loots’najij, beey jts’a’ab k’ajóoltbil ti’ jump’éel ts’íib jts’a’ab k’ajóoltbil tu pikil ju’unil  Archaeological and Anthropological Sciences.Te’e ts’íibo’ ku ya’alale’ kaxta’ab u reestosil 33 máako’ob -32 ti’ le je’elo’obo’ mina’an u poolo’obe’- ich ka’ap’éel najo’ob, tu’ux muka’an u ya’abil le reestoso’. Ts’o’okole’ naats’ ti’ jump’éel ti’ le najo’obo’, kaxta’ab xan uláak’ muuk tu’ux yaan ka’ach kamp’éel u baakel u pool nojoch máako’ob, yéetel ma’ kaxta’ab mix uláak’ jump’éel baakeli’.
"
Yaan jump’éel cubanoil ts’aak ku yáantaj ti’al u yutstal tu’ux yaj u yook máax ti’ tsaayal diabeetes,11/09/2023,"Ichil ba’ax ts’a’aban k’ajóoltbile’, tu noj lu’umil Méxicoe’ kaja’an 14 miyoonesil máako’ob máaxo’ob tsaayal diabeetes, ts’o’okole’ ja’ab man ja’abe’ ku yantal u xo’otol ook kex 70 mil u téenal, yóok’lal ba’ax k’ajóolta’an beey pie diabeetikóo. Ba’ale’ walkila’, yaan jump’éel ts’aak meyajta’ab tu kúuchil Centro de Ingeniería Genética y Biotecnología (CIGB) tu noj lu’umil Cuba. Ila’abe’ ichi tuláakal máaxo’ob tu luk’o’ob le ts’aako’, u 90 por sientoile’ utschaj u yooko’ob, beey tu tsikbaltaj Julio Baldomero Hernández, máax jo’olbesik Investigaciones Clínicas ti’ u kúuchil CIGB.
Leti’ xane’ tu ya’ale’ tu jo’oloj óoxp’éel ja’abe’ ya’abach ba’alo’ob je’el u k’éexele’, tumen beey tu bin u p’áatal paachil u pak’be’en k’oja’anil Covid-19e’, yaan u béeytal u ch’a’ajolta’al múul meyaj táan ka’ach u beeta’al ichil CIGB yéetel u mola’ayilo’ob toj óolal ti’al u yáanta’al máaxo’ob tsaayal ti’ob le k’oja’ano’.Tu winalil junio ti u ja’abil 2006e’, u ts’aakil Heberprot-P béeychaj u beeta’al u rejiistroil sáanitaryóo tu noj lu’umil Cuba, ts’o’okole’ u pateenteile’ chíimpolta’an ti’ 47 noj lu’umo’ob, yéetel k’a’abéetkunsa’ab ti’al u yutsil maanal 450 mil máaxo’ob yaan ti’ob diabeetes ichil tuláakal yóok’ol kaab. Ku béeytal u lu’uk’ul tumen je’el ba’ax uulseráasil pie diabético (UPD). Julio Baldomero Hernándeze’ tu ya’alaje’ UPDe’ jump’éel ti’ le yáax ba’axo’ob beetik u talamtal ba’al yéetel le k’oja’anilo’. Ku chíikpajal ti’ u 15 por sientoil ti’ máaxo’ob yaan diabetées, ts’o’okole’ tu chúumukil le beyka’ajo’ kéen yaachajak u yooko’obe’ mix bik’in u ka’a utstal, le beetike’ sajbe’entsil u xo’ot’ol ti’ob.Cubanoil ajxak’al xooko’obe’ tu beetajo’ob u ts’aakil Heberprot-P, yáax yéetel chéen u jaajil yaan de beyo’, tu ya’alaj Baldomero Hernández. Te’e ts’aako’ ts’a’aban Factor de Crecimiento Epidérmico Humano Recombinante, jump’éel ba’ax ku beeta’al yéetel íijenieryáa jenéetika.Wíinik tooj u yóole’, ku beetiko’ob u yantal le suustansyáa je’elo’ ichil u wíinkilal, u ya’abile’ tu k’aab u chi’. Ku beetik uts ti’al u yantal organogénesis yéetel ti’al u ka’a yantal tejiidóos.Jxak’al xook tu ya’alaje’ le suustaansyáa je’elo’ ku beetik u tijil tu’ux yajo’, ba’ale’ máax ti’ tsaayal diabetese’ ma’ tu jach béeytal u beetiko’ob u yantal tu wíinkilal. Le beetike’ ma’ tu tijil tu’ux yaj. Yéetel túun u ts’aakil Heberprot-Pe’ ku ka’a yantal le je’ela’, ba’ale’ yaan ba’al u yil bix u máakil yéetel bix le tu’ux yajo’, beyxan bix u yutstal tu jo’oloj wakp’éel semaanáas.   
"
"UNAMe’ tu k’a’aytaj Misión Ixaya, sáatelitaal nu’ukbesaj ti’al u kaláanta’al ma’ u yelel k’áax",13/09/2023,"Ángel Vargas
U nu’ukbesajil Programa Espacial Universitario (PEU), ku taal u beeta’al tumen Universidad Nacional Autónoma de México (UNAM), tu k’a’aytaj u chúunul Misión Ixaya. U ti’al u béeytale’ yaan u beeta’al jump’éel nu’ukul yéetel yaan u beelbesa’al ti’ kump’éel oorbitae’, jump’éel náanosatelitée kun máak’antbil tuláakal tu noj lu’umil México. Yéetel le je’ela’ yaan u kaxta’al u kaláanta’al ma’ u jóopol k’áak’ ichil u k’áaxilo’ob le noj lu’uma’.
K’a’aytajile’, jbeeta’ab jayp’éel k’iino’ob paachil tu kúuchil Pabellón Nacional de la Biodiversidad, ti’ yaan tu kúuchil Centro Cultural Universitario, ts’o’okole’ te’elo’, k’a’aytab xan jump’éel túumben nu’ukbesaj ti’al u mu’uch’ul u taak’inil u beeta’al le noj meyaja’, tumen táan u tukulta’ale’ yaan u tojoltik 13 miyoonesil pesos; kex 775 mil doolarées.
Máax jo’olbesik u meyaj PEU, jfiisikóo José Francisco Valdés Galicia, tu ya’alaje’ le meyaja’ táan u kaxtik u ye’esik éespasyáal meyaj ku beta’al tu lu’umil México, ba’ale’ beyxan u chan líik’sa’al taak’in, kex 2 mil miyoonesil dolarées ti’ jump’éel ja’ab, tumen leti’e’ beyka’aj ku yantal u xu’upul ti’al u bo’otal táanxel mola’ayo’ob, ti’al u yantal sáatelitaal nu’ukbesajo’ob, u ya’abile’ oochelo’ob.
Tu tsolaj nu’ukbesaje’, -u k’aaba’ae’ Ixaya, ch’a’aban ti’ náhuatl t’aan, yéetel u k’áat u ya’al “p’il a wich”– yaan u meyajtik jump’éel náanosatelitée de tiipóo CubeSat yéetel óoxp’éel úunidad wa moodulóos, ts’o’okole’ yaan u p’isik kex 30 sentiimetróos, yéetel u aalile’ kex óoxp’éel kilóos. Beey túuno’, kéen belbesa’ak ti’ oorbitae’ yaan u béeytal u ch’a’abal oochelo’ob je’el u yutstal u k’a’abéetkunsa’al ti’al u beeta’al poliitikáas puublikás no’oja’an ti’al u kaláanta’al kaaj, ba’ale’ beyxan lu’um yéetel k’áax.
Tu sáasilkunsaje’ “yaan u sáatelital oochelo’ob jejeláas ba’al, ts’o’okole’ yaan xan ya’abach talamo’ob”, yaan ti’ le je’elo’obo’ metereolojiikóos yéetel yaane’ ku yúuchul kéen jóopok k’áak’ ich k’áax, ts’o’okole’ le je’elo’oba’ leti’e’ ba’ax nooykinsa’ab tumen le nu’ukbeasja’, tumen chéen ti’ le ts’o’ok u yáalkab ti’ le ja’abil 2023a’, ts’o’ok u yantal 6 mil 675 k’áak’ joopol ti’ le 32 péetlu’umilo’ob México, ts’o’okole’ u k’askúuntmajo’ob 815 mil 746 ektaareasil k’áax.
"
U xoknáalilo’ob primaaryae’ táan u beetiko’ob áanalte’ob yóok’lal u kaajilo’ob tu noojolil Yucatán,13/09/2023,"Jo’
Ichil ba’ax táan u beeta’al tu nu’ukbesajil Una mirada ligera a las comunidades del sur de Yucatán, xookil paalalo’ob primaaryae’ áantajnajo’ob ti’al u beeta’al áanalte’ob tu’ux ku chíikbesa’al u yóol, u k’ajla’ayil yéetel u miatsil  Dzan, Chumayel, Oxkutzcab yéetel Tekax.
Áanalte’obe’ beeta’ab jump’éel ti’ lalaj kaaj, yéetel ku ye’esiko’ob bix u paakat paalal yaan te’e kaajo’obo’, tumen leti’ob máaxo’ob tsikbaltik jejeláas ba’alo’ob yóok’lal u k’ajla’ayil, beyxan bix u yilko’ob ba’al ti’al u paachil k’iin te’e baantao’. 
Una mirada ligera a las comunidades del sur de Yucatán jump’éel ti’ le kamp’éel nu’ukbesajo’ob yaan u beeta’al ichil u nu’ukbesajil Programa Somos el Cambio; lelo’ jump’éel ketlam beeta’abij, yéetel náajalta’ab ti’al u beeta’al jejeláas meyajo’ob. Náajale’ k’uba’ab le 8 ti’ septiembre máaniko’, tu kaajil Nuevo Vallarta, Nayarit.
Le je’ela’ yáax juntéen u táakbesa’al xoknáalo’ob ichil jump’éel nu’ukbesaj ku beeta’al tu noj lu’umil México, tu’ux ku kaxta’al u péektsilta’al tsikbalo’ob yéetel ts’íibo’ob suuk u beeta’al te’e kaajo’obo’. 
Ti’al u beeta’al áanalte’obe’ páayt’anta’ab u xookil paalalo’ob primaryáa tu noojolil Yucatán, máaxo’ob tu ts’áajo’ob tsikbal a’alab ti’ob tumen le nojoch máako’ob tu kaajalo’ob.
"
"Táan u yila’ale’, tu ja’abil 2023 kun u’uybil u asabil ooxol yáax yanak tu k’ajla’ayil wíinik: Copernicus",13/09/2023,
Maaya ko’olelo’obe’ suukchaj u beetiko’ob meyajo’ob ku tukulta’ale’ chéen xiib beetik,13/09/2023,"Jach úuch káajak u péeksa’al u yóol ajxak’al xooko’ob tumen maaya miatsil; yaan ya’abach ba’alo’ob je’el bix le úuchben kaajo’obo’, le úuchben kaajo’obo’, u tuukul úuchben kaajo’ob, ba’ale’ beyxan le bix kuxlik u máakilo’obi’. Le ka’acho’, ko’olele’ ku béeytal u beetik meyajo’ob tukulta’an chéen xiib ku béeytal u beetik. Xaak’alo’ob beeta’an yéetel jejeláas nu’ukulo’ob kaxta’ab te’e úuchben maaya kaajo’obo’, ts’o’ok u ye’esiko’obe’ yanchaj k’a’anan ko’olel jach muuk’chajo’ob tu táan kaaj, yéetel yanchaj ti’ jaytúul ti’ leti’obe’ jts’a’ab ti’ob noj meyajo’ob je’el bix xts’íibo’ob yéetel xboono’ob.U kúuchil Centro de Estudios Mayas ti’ u mola’ayil Instituto de Investigaciones Filológicas, ti’ u noj najil xook UNAMe’ tu tsolaj yaan mejen k’at póolo’ob yéetel p’úulo’ob tu’ux ku chíikpajal tu beel yaan u boonil ko’olel, tumen chíika’an u yiimo’ob.Beey túuno’, ku páajtal u yila’al te’e boono’obo’ yaan ko’olel táan u chakik janal, beyxan yaan táan u koonol wa táan u ts’íibo’ob, u xooko’ob, u boono’ob wa u póolo’ob.Je’el bix jump’éel póol tuunich kaxta’an tu Petenil Jaina, tu lu’umil Kaanpech, tu’ux ku chíikpajal juntúul ko’olel u ets’kúunsmaj úuchben áanalte’ob tu píix, ts’o’okole’ lelo’ jump’éel ba’ax ts’áak na’atbile’, le ko’olelo’ u yojel xook.Beyxan, chíika’an u na’ u nool Pakal, Ix Sak K'uk', máax k’ajóolta’an beey ko’olel Quetzal Blanco, máax tu beetaj u xjala’achil u kaajil Palenque.Le 5 ti’ septiembre máaniko’, máan k’iin tu’ux ku k’a’ajsa’al yéetel u chíimpolta’al máasewal ko’olel; jump’éel k’iin ti’al u chíimpolta’al yéetel u k’ajsa’al ko’olel méek’a’an tumen u ch’i’ibal, máaxo’ob máansik jejeláas talamo’ob yóok’lal u mootso’ob, beyxan óotsilil yéetel loobilaj.
"
Táan u beeta’al k’oxolo’ob jelbesa’antak ti’al ma’ u seten pa’ak’al u k’oja’anil deenguée,14/09/2023,"Ichil jump’éel chan nu’ukule’, jupa’an ya’abach k’oxolo’ob táan u k’a’abéetkunsa’al walkila’ ti’al u ts’aatáanta’al u k’oja’anil denguée. Yaan kex 200 u túulal ku páa’tik u jóok’olo’ob. Ti’al u kaláanta’al ma’ u ts’a’ayal le k’oja’anila’, ku kaxta’al u láaj kíinsa’al le k’oxolo’obo’ wa ku kaxta’al ma’ u chi’ik máak, ba’ale’ walkila’, ichil le nu’ukulo’ yaan k’oxolo’ob meyajta’ab tumen aj xak’al xooko’ob, úuchik u ts’a’abal ti’ob jump’éel bakteeryáa ku k’aab’atik Wolbachia yéetel le ku k’ata’al u beel u seen pa’ak’al deenguée. Kéen yanak bakteryáa je’elo’ ichil u ch’i’ibal k’oxolo’obe’ ku máansa’al ti’ u mejenil kéen yanako’ob, ts’o’okole’ lelo’ ku beetik u p’íittal u tóop’olo’ob.U múuch’kabil Programa Mundial del Mosquito (WMP, yóok’lal bix u k’aaba’ ich inglése’) táan u péektsiltik le teeknikao’, yéetel ts’o’ok maanal lajunp’éel ja’abo’ob káajal u meyajtik ti’ lajka’ap’éel noj lu’umo’ob. Maanal u táanchúumukil u kajnáalilo’ob yóok’ol kaabe’ sajbe’entsil yanik u tsa’ayal ti’ob denguée, le beetike’ u mola’ayil Organización Mundial de la Salud (OMS) táan u jach t’u’ulpachtik ba’ax táan u yúuchul yéetel meyajo’ob yaan ba’al u yil yéetel lelo’.Beey túuno’, Hondurase’, ja’ab man ja’abe’ ku yantal 10 mil máax ti’ ku tsa’ayal denguée, le beetik WMP ts’o’ok u jets’ik múul meyaj yéetel Médicos sin Fronteras (MSF) ti’al u ch’a’ak’abtik kex 9 miyoonesil k’oxolo’ob, tu jo’oloj wakp’éel winalo’ob. Ti’al u béeytale’ táan u meyajta’al u nu’ukbesajil Wolbachia. Le je’elo’ jump’éel bakteeryáa ku yantal kex ichil u 60 por sientoil u jejeláasil ik’elo’ob, ba’ale’ ma’ tu yanchal ichil u k’oxolil Aedes aegypti.Kex walkil 40 ja’abo’obe’, ajxak’al xooko’obe’ tu yóotaj u k’a’abéetkunso’ob Wolbachina yaanal bixij: ti’al u p’íitkunsa’al k’oxol yaan. Tumen xiibil k’oxol máax ti’ob paak’al le bakteeryao’ chéen ku tóop’siko’ob xch’upul k’oxol máaxo’ob láayli’ yaan Wolbachinai’, le beetik tukulta’abe’ kéen cha’abak u xiibil yéetel kéen yanak u mejenil yéetel u xch’uupulil mina’an ti’ob bakteeryae’, ma’ tun bin tóop’olo’ob. Ba’ale’ ka’alikil u meyajta’ale’, u múuch’il Scott O’Neill, máax káajs WMPe’, tu yilaj k’oxolo’ob máax ti’ yaan Wolbachiae’ ma’ tu tsa’aysiko’ob dengue mix le uláak’ k’oja’ano’obo’, je’el bix Zika yéetel chikungunya. Le beetike’, kéen yanak u mejenilo’obe’, tu paach k’iine’ yaan “u p’áatalo’ob tu jeel” le uláak’ k’oxolo’ob mina’an ti’ob le biiruso’, ti’al beyo’ u ch’éenel u pa’ak’al.
"
"Ibis, ch’íich’ u láak’mukbáaj yéetel p’onto’",14/09/2023,"Ibis (Eudocimus albus) juntúul ch’íich’ kaja’an suuk u yila’al tu noj kaajil Cancún yéetel tu petenil Yucatán. U láak’mubáaj yéetel p’onto, wa pelikaanóo. Séeba’an u béeytal u k’ajóolta’al tumen u koj yéetel u xaawo’obe’ samal chak u boonil. U wíinkilale’ sak yéetel u p’íich’ u xiik’e’ boox.Kéen xuulchajake’ ku jelpajal, tumen ku p’áatal k’as booxchak yéetel yaan xan u sakil. Beyxan yaan ku yila’al Pacifícoi’, Golfo de México, ti’ jayp’éel u petenilo’ob Caribe, Centroamérica, yéetel ti’ jayp’éel u noj lu’umilo’ob Suramérica.María Cecilia Álvarez Ricalde, máax jo’olbesik meyaj ku beeta’al tu nu’ukbesajil ch’íich’ tu kaajil Cancúne’, tu ya’alaj u xch’uupul ch’íich’e’ ku kaxtik k’ab che’ naats’ yaan ti’ le k’áak’náabo’, ti’al u yantal ba’al u jaant naats’ ti’ u k’u’.Kéen yanak u mejenile’, leti’e’ xch’upul ch’íich’ kaláantiko’ob buul áak’ab, yéetel u xiibile’ ku beetik ka’alikil jok’a’an k’iin. Kéen u kaxt u núupe’ suuka’an u p’áatal chéen yéetel le juntúul beyo’; ma’ tu bin u kaxt u jeel. Ku kuxtal ichil 20 tak 28 ja’abo’ob. U mejenil ilik u talamil, tumen yaan ku jaanta’al tumen k’ulu’, ooch wa kaan. Ba’ale’ beyxan, u k’askúunta’al le tu’ux ku yantalo’obe’, láayli’ sajbe’entsil u ti’alo’ob.
"
"Jsa’at u kuxtal Fernando Botero, jboon yéetel jpóol nojoch wíinkilal ",18/09/2023,"Le nojoch máako’, suukchaj u meyajtik nojoch yéetel polok wíinkilalo’ob. Ts’o’okole’ jach k’ajóolta’ab ichil colombianoil its’at, ba’ale’ beyxan ichil tuláakal yóok’ol kaab. Ko’oj xan u ma’anal u meyaj, le beetike’ tu k’amaj u miyoonesil dolaaresil, ba’ale’ le viernes máaniko’, kíimij. 91 u ja’abil ka’achij. U k’a’aytajile’, beeta’ab tumen u yaal, Lina Botero: “In yuume’ kíim tu ja’atskabil le k’iina’, láas 9, tu kaajil Mónaco. Yaan neumonía ka’ach ti’”.
U noj lu’umil México ma’ jp’áat paachili’. Yaan jejeláas e’esajilo’ob u beetmaj yóok’lal, ti’ kúuchilo’ob tu’ux ku páajtal u yila’al ba’ax tu meyajtaj le máak kíim le 15 ti’ septiembre máaniko’. 
Tu kúuchil Museo Soumaya, tu noj kaajil Ciudad de México, ulabta’an u póol meyaj Hombre que camina, u chan wíinkilal juntúul chaknúul máak polok. Beyxan, yaan uláak’ u meyaj Monterrey, Nuevo León, tu’ux chíika’an Caballo, tu táan Museo del Noreste. K’ujsa’ab tu ja’abil 2008, yéetel yáax e’esa’ab Explanada de los Héroes de la Gran Plaza, Monterrey.
U ya’abil u meyaje’ ti’ yaan Colombia yéetel káaj ka tu chukaj 14 u ja’abil. Áanta’ab tumen u na’, ba’ale’ a’alab ti’e’ tu juunal ken u kaxt u tojol u xook. Yáax e’esajil tu’ux táakpaje’, tu k’aaba’taj Exposición de Pintores Antioqueños, tu ja’abil 1948. Ka’aj ts’o’oke’, tu kúuchil Galería de Arte de Leo Matiz, tu kaajil Bogotá, tu’ux tu yáax beetaj e’esajil tu juunal, tu ja’abil 1951, ichil uláak’ ba’alo’ob. 
Ti’al u ja’abilo’ob 1960, Boteroe’ káaj u boon polok wíinkilalo’ob yéetel nu’ukulo’ob, yéetel tu ya’ale’ leti’ máax “kaláantik” tuláakal nu’ukul yéetel ba’alo’ob beyo’.
"
Úuchben janalo’ob. Lela’ jayp’éel ba’alo’ob suukchaj u jaanta’al tu jatsk’iinil Edad de Bronce,18/09/2023,"U xaak’al u mejen xiixel ba’ax yaan ti’ úuchben kuumo’ob k’a’abéetkunsa’ab tu jatsk’iinil Edad de Broncee’ tu chíikbesaje’, u kajnáalilo’ob Cáucaso ku jaantiko’ob ka’ach jump’éel u jejeláasil kéej, siierbóo, taman, yéetel wakaxo’ob, tu k’iinilo’ob Maykop (3700-2900 a.C.).Ts’o’ok u chan máan k’iin káajak u je’ets’el tuukulo’ob tumen arkeologos, yóok’lal ba’ax seen nu’ukulo’ob ku beeta’a ka’achij. Ti’al u béeytale’ ku xak’alta’al úuchben ts’íibo’ob yéetel jayp’éel nu’ukulo’ob. Chéen ba’axe’, yóok’lal ba’ax yaan u yil yéetel janale’, ts’o’ok xan u káajal u yila’al ba’ax suukchaj u jaanta’al yéetel bix u beeta’al ka’achij.“Jach noj ba’al u tukulta’al ba’ax le ku cha’akal ka’ach te’e kuumo’obo’ -tu ya’alaj Shevan Wilkin, ti’ u noj najil xook Universidad de Zúrich (Suiza)-. U yáax chíikulal próoteina jaanta’ab ka’alikil táan ka’ach jump’éel k’iimbesaj: nojoch kuum. Chíika’an nonoj janal le ku beeta’alo’, ma’ chéen ti’al jaytúul máako’obi’”. 
Beey túuno’ ti’ túumben xaak’al beeta’abe’ -yéetel jts’a’ab k’ajóoltbil tu pikil ju’unil iScience- béeychaj u k’a’abéetkunsa’al arkeolojiyáa ti’al u yojéelta’al ba’ax sen cha’akab jach te’e nukulo’ob ila’abo’obo’. Mola’ab waxakp’éel u xiixel janal yaan ka’ach ichil ukp’éel kuumo’ob muka’an ka’ach tu baantail Cáucaso. Kaaj chúumuk yaan ti’ u k’áak’náabil Caspio yéetel Negro, yéetel ku yila’al tu chowakil u noojol-lak’inil Rusia tak Turquía, tu’ux táaka’an kaajo’ob k’ajóolta’an walkila’ beey Georgia, Azerbaiyán yéetel Armenia.
Ila’ab túune’, te’e kuumo’obo’ chaka’ab u bak’el sierbóo, wakax, yaks wa u buufalosil ja’. Beyxan ila’ab yaan u xiixel tamal, le beetik xane’ ti’ kuumo’obe’ beeta’ab xan laakteos.  Yéetel u yáantajil radiokarbonoe’ béeychaj u je’ets’el tumen ajxak’al xooko’obe’, kuumo’obe’ míin k’a’abéetchajo’ob ichil u ja’abilo’ob 3520 yéetel 3350 a. C.. Le beetike’, yaan kex 3 mil ja’abo’ob u yúuchbenilo’ob. 
"
"Jsa’at u kuxtal Fernando Botero, máax tu chíikbesaj tu boonilo’obe’ nojoch yéetel polok wíinkilal",18/09/2023,"Le nojoch máako’, suukchaj u meyajtik nojoch yéetel polok wíinkilalo’ob. Ts’o’okole’ jach k’ajóolta’ab ichil colombianoil its’at, ba’ale’ beyxan ichil tuláakal yóok’ol kaab. Ko’oj xan u ma’anal u meyaj, le beetike’ tu k’amaj u miyoonesil dolaaresil, ba’ale’ le viernes máaniko’, kíimij. 91 u ja’abil ka’achij. U k’a’aytajile’, beeta’ab tumen u yaal, Lina Botero: “In yuume’ kíim tu ja’atskabil le k’iina’, láas 9, tu kaajil Mónaco. Yaan neumonía ka’ach ti’”.
U noj lu’umil México ma’ jp’áat paachili’. Yaan jejeláas e’esajilo’ob u beetmaj yóok’lal, ti’ kúuchilo’ob tu’ux ku páajtal u yila’al ba’ax tu meyajtaj le máak kíim le 15 ti’ septiembre máaniko’. 
Tu kúuchil Museo Soumaya, tu noj kaajil Ciudad de México, ulabta’an u póol meyaj Hombre que camina, u chan wíinkilal juntúul chaknúul máak polok.
Beyxan, yaan uláak’ u meyaj Monterrey, Nuevo León, tu’ux chíika’an Caballo, tu táan Museo del Noreste. K’ujsa’ab tu ja’abil 2008, yéetel yáax e’esa’ab Explanada de los Héroes de la Gran Plaza, Monterrey.
U ya’abil u meyaje’ ti’ yaan Colombia yéetel káaj ka tu chukaj 14 u ja’abil. Áanta’ab tumen u na’, ba’ale’ a’alab ti’e’ tu juunal ken u kaxt u tojol u xook.
Yáax e’esajil tu’ux táakpaje’, tu k’aaba’taj Exposición de Pintores Antioqueños, tu ja’abil 1948. Ka’aj ts’o’oke’, tu kúuchil Galería de Arte de Leo Matiz, tu kaajil Bogotá, tu’ux tu yáax beetaj e’esajil tu juunal, tu ja’abil 1951, ichil uláak’ ba’alo’ob. 
Ti’al u ja’abilo’ob 1960, Boteroe’ káaj u boon polok wíinkilalo’ob yéetel nu’ukulo’ob, yéetel tu ya’ale’ leti’ máax “kaláantik” tuláakal nu’ukul yéetel ba’alo’ob beyo’. 
"
"K’askúunta’ab Puerta de Brandeburgo, tu noj kaajil Berlín",18/09/2023,"Máaxo’ob ku meyajo’ob ti’al u kaláanta’al yóok’ol kaabe’, tu wekajo’ob chak k’aank’an boon yóok’ol le kúuchilo’, tu ja’atskabil le domingo máanika’, ti’al u k’áatiko’ob ti’ jala’ache’ ka bin u séeb ts’aatáant ba’ax ku beeta’al ti’al u yutsil le lu’uma’.
"
Ja’ab man ja’abe’ ku kíimil 41 miyoonesil máako’ob yóok’lal k’oja’ano’ob ma’ pak’be’entako’obi’,19/09/2023,"Lalaj ja’abe’ maanal 41 miyoonesil máako’ob ichil tuláakal yóok’ol kaabe’ ku kíimilo’ob yóok’lal k’oja’anilo’ob ma’ pak’be’entako’obi’ (ENT, yóok’lal bix u k’aaba’ ich káastelan t’aan), ts’o’okole’ lela’ ku chíikbesik u 71 por sientoil ti’ tuláakal kíimilo’ob ku yantal yóok’ol kaab. Chéen ichil u lu’umil Américase’ yaan 5.5 miyoonesil kajnáalo’ob ku kíimilo’ob yóok’lal k’oja’anilo’ob je’el bix le ku tsa’ayal tumen u seen ts’u’uts’al chamal, wa u seen káaltal máak, íipertensiyóon wa diabeetées, ichil uláak’o’ob, beey a’alabik tumen u mola’ayil Organización Panamericana de la Salud (OPS).Ikil táan u máan ba’ax k’ajóolta’an beey Semana Mundial de Acción sobre ENT, káaj tu k’iinil 14 yéetel yaan u ts’o’okol le 21 ti’ septiembre ku taala’, táan u yantal jejeláas múuch’kabilo’ob, je’el bix Salud Justa yéetel Coalición México Salud-Hable, máaxo’ob táan u péektsiltik ka chan p’íitchajak nojoch xáak’abo’ob yaan ichil máax uts u ts’aatáanta’al yóok’lal le k’oja’anilo’oba’, yéetel máaxo’ob ma’, le beetike’ tu ya’alajo’ob “u miyonesil máako’obe’ ich óotsilil kuxa’ano’ob lalaj ja’ab tumen ko’oj u ts’akikubáajo’ob, u ya’abile’ leti’e’ máaxo’ob kuxa’an yéetel ENT, le beetik ku yantal u bo’otiko’ob le beyka’aj ko’ojil u ts’a’akalo’ob”.
Ti’ tsikbal beeta’ab ti’ Internete’ a’alab u k’a’ananil u yantal uláak’ ba’alo’ob, je’el bix téelemedisiináa, tumen u táanchúumukil máako’ob yaan yóok’ol kaabe’ mina’an ti’ob u páajtalil u ts’a’akalo’ob tak chéen yéetel ba’ax najmal u ts’a’akal, le beetik sajbe’entesil u ti’alo’ob u jach táaj yantal u xuupo’ob yóok’lal k’oja’anilo’ob ku tsa’ayal ti’ob, je’ex diabeetées, ts’unu’us, jéesbal, ichil uláak’o’ob.Tu ya’alo’obe’ maanal 50 múuch’kabilo’ob táakpajo’ob ti’ le noj péektsila’, úuchik u beeta’al páayt’aan tumen NCD Alliance, ti’al u k’a’aytal sajbe’entsilo’ob yaan ti’ kaaj yóok’lal le k’oja’anilo’oba’.Yóok’lal a’alan tumen OPSe’, ja’an man ja’ab, ichil tuláakal yóok’ol kaabe’, ku yantal kex 15 miyoonesil máak yaan u ja’abil ichil 30 tak 69 u ja’abil, yóok’lal ENT k’oja’anilo’ob. Beyxan tu ya’alaje’ maanal u 85 por siientoil “séeb” kíimilo’ob ku yantale’ ku yúuchul ti’ lu’umo’ob tu’ux ma’ ya’ab u yantal náajali’, ka’alikil tu baantail Américase’ ku kíimil kex 2.2 miyoonesil máako’ob yóok’lal ENT, ma’ili’ u chuk 70 u ja’abil máaki’. 
"
Webbe’ béeychaj u chíikbesik súupersoonikóo bel p’ata’an tumen táankelem eek’,19/09/2023,"Téeleskopyóo espasyaal Webbe’ tu ch’a’aj u yoochel K’iin ka’ach ma’ jach xuulaki’, tumen chéen jayp’éel miilesil ja’abo’ob yaan ti’ ka’aj ch’a’abij, yéetel u maasaile’ chéen 8 por sientoil k’ucha’anil.
Eek’e’, ti’ yaan tu chúumukil HH 211, jump’éel u nu’ukulil Herbig-Haro, káategorya yéetel el ku je’ets’el tu’ux baantail yaan sáasil bak’pachtik eek’o’ob táantik u síijilo’ob. Le je’elo’obo’ ku yantal kéen jaats’nak éestelar iik’o’ob wa kéen yanak gaases péeksik u oondasil péek ku yantal, tumen ku p’uchkubáaj gaas yéetel ta’an yaan te’elo’. Oochelo’obe’ k’a’anan ti’al u xak’alta’al jejeláas ba’alo’ob yóok’lal eek’o’ob ma’ seen úuchbentaki’, beyxan ba’ax ku jóok’siko’ob. Te’e oochela’ chíika’an jayp’éel aarkos yanchaj ka tu p’uchubáaj tu baantail noojol-lak’in (kaabal, xts’íik) yéetel xaman-lak’in (ka’anal, xno’oj), beyxan kóoch ba’al túulch’intik. Webbe’ ku ye’esik le oochela’, ba’ale’ yaan kex ichil 5 tak 10 u téen asab ya’ab réesolusyóon espasyáal, ts’o’okole’ lelo’ mix juntéen yáax jóok’sa’an tumen HH221.
"
"Amazonas de Yaxunah tu ts’íibto’ob túumben wáal tu k’ajla’ayilo’ob, tu lu’umil EU",19/09/2023,"U yukatekoil múuch’ softbole’ máan yóok’ol Falcons, ti’ u noj najil xook Universidad del Valle, ti’ u kaajil Phoenix úuchik u báaxalo’ob tu kúuchil Chase Field, naj tu’ux wulabta’an Diamantes de Arizona ti’ u noj keetilo’ob.
"
Úuchben reestos: kaxta’ab u asab nojoch ba’abal yanchaj América del Sur,20/09/2023,"Pampaphoneus biccai tu jets’aj u muuk’ América del Sur, úuchik u ye’esik leti’ u asab nojoch ba’abal ku máan janal te’e k’iinako’obe’, kex 40 miyoonesil ja’abo’ob ma’ili’ yanak dinosaurios.Ti’ jump’éel túumben xaak’al jts’a’ab k’ajóoltbil tu pikil ju’unil Zoological Journal of the Linnean Society, junmúuch’ ajxak’al xooko’obe’ tu ye’esajo’ob ba’ax kaxta’an yóok’lal le nuxi’ ba’ala’ yaan kex 265 miyoonesil ja’abo’ob u yúuchbenil, ts’o’okole’ jach tu beel ts’aka’anil. Ti’ kaxta’ab tu baantail mejen kaajo’ob yaan São Gabriel, tu noojolil Brasil.Ichil baakelo’ob kaxta’abe’ ti’ yaan u pooli’, beyxan jayp’éel u ch’ala’atel yéetel jayp’éel ti’ u k’abo’obi’. Pampaphoneus, jatsa’an ichil le yáax terápsidos k’aba’inta’ab dinocéfalos, yéetel kuxalaj ma’ili’ lúubuk k’áak’il tuunich jáaws kuxtal yaan ka’ach Yóok’ol Kaab, tu’ux jkíim u 86 por sientoil ba’alche’ob yaan te’e k’inako’obe’. Dinocéfalose’, ma’ seen mejentako’obi’, yéetel yaan le ku jaantik xíiw, beyxan bak’. U baakel u poolo’obe’ piimtak, ts’o’okole’ jach ojéelta’ab yanchaj Sudáfrica yéetel Rusia, ba’ale’ ma’ suukchaj u yila’al ti’ uláak’ lu’umo’obi’. Le jaaj Pampaphoneus biccai ojéela’an yanchaje’, Brasil kaxta’an.
"
Ichil tuláakal yóok’ol kaabe’ yaan kex 333 miyoonesil paalal kuxa’an ich jach óotslil,20/09/2023,"Paalale’ –chíikbesik chéen óox jaats ti’ u kajnáalilo’ob yóok’ol kaabe’– ku chúukbesik maanal u táan chúumuk kaaj kuxa’an ich jach óotsilil, ts’o’okole’ mina’an xan ba’al u jaanto’ob, u yotoch’o’ob, ts’aak mix kaambal k’a’abéet ti’ob ti’al kuxtal, beey chíikpaj ti’ jump’éel túumben tsoolmeyaj.Ti’ waktúul paal yaan yóok’ol kaabe’, juntúule’ ich jach óotsil kuxtal yanik. Lela’ ku chíikbesik 333 miyoonesil paalal, tumen ojéela’ane’ ma’ táan u yantal mix 2.15 doolarées sáansamal ti’ob, beey jóok’ tu xaak’alilFondo de la Organización de las Naciones Unidas para la Infancia (UNICEF) yéetel Banco Mundial (BM).Tu ka’ap’éel mola’ayo’obe’ tu jets’ajo’ob paalale’ leti’e’ máaxo’ob ilik u jach talamil kuxtal ikil jelekbal meyajo’ob táan u beeta’al ti’al u ch’éejsa’al u jach óotsilil kaaj, ts’o’okole’ a’alabe’ óoxp’éel ja’abo’ob bin le ma’ páatchaj u beeta’al mix ba’al yóok’lali’ úuchik u yantal u pak’be’en k’oja’anil Covid-19.A’alab xane’, wa tumen ma’ tun bin k’éexel wa ba’ax yéetel le je’ela’, ma’ xan tun béeytal Objetivo de Desarrollo Sostenible, jets’a’ab najmal u xu’ulsa’al ti’al u ja’abil 2030 tuláakal jach óotsilil yaan ich paalal. Jach náach yanik ba’ax jets’a’ab Agenda 2030 yanchaj tu ja’abil 2015, jets’a’ab te’e xaak’alo’.Beey túuno’, máax jo’olbesik u éejekutiboil UNICEF, Catherine Russell, tu ya’alaje’ ichil ba’axo’ob talamkúunsik u p’áatal paalal ich jach óotsilile’ ti’ yaan u bin u chokotal yóok’ol kaab, ba’ateltáambalo’ob yéetel talamo’ob yóok’lal taak’in; le ba’alo’oba’ ts’o’ok u beetik u je’elel meyajo’ob ku beeta’al ti’al u ch’éejsa’al óotsilil. Ba’ale’, tu beetaj páayt’aan ti’al u jatsa’al taak’in meyaj u ti’al, beyxan ka yanak u yóol kaaj ti’al u beetik.Xaak’al beeta’ab tumen UNICEF yéetel Banco Mundiale’ tu ye’esaje’, le jaytúul paalal kuxa’an chéen yéetel 2.15 doolarées sáansamale’, éemij. Ka’ache’, tu ja’abil 2013e’, yaan 383 miyoones, ba’ale’ ti’al 2022e’ éem tak 333 miyoonesil. 13 por siento úuchik u p’íitchajal, ba’ale’ pak’be’en k’oja’ane’ tu beetaj u je’elel meyajo’ob ti’al u ch’éejsa’al óotsilil, tumen wa ka’ach ka beeta’ake’ ma’ tun bin lúubul 30 miyoonesil paalal ichil le talamilo’. Banco Mundial yéetel UNICEFe’ tu jets’ajo’ob jejeláas ba’ax yaan u séeb beeta’al tumen jala’acho’ob yéetel uláak’ mola’ayo’ob ti’al u xu’ulsa’al jach óotsilil yaan, yéetel ti’al u kúulpachkúunsa’al ba’ax talamchaj yóok’lal pak’be’en k’oja’an, je’el bix: u yila’al u jach ts’aatáanta’al mantats’ paalal kuxa’an ich jach óotsilil ti’ lu’umo’ob tu’ux ma’ ya’ab náajal yani’; u táanilkúunsa’al ajeendáas jets’a’an ti’al u p’íitkúunsa’al u yóotsil kuxtalil paalal; u patjo’olta’al u jeel poliitikáas publikáas ti’al u yutsil paalal ti’al u k’uchul ti’ najo’ob tu’ux kaja’an mejen paalal ti’ mejen kaajo’ob, ichil uláak’ ba’alo’ob.
"
U múuch’báaxalil Yaxunahe’ tu beeto’ob u yáax ch’iinil ich Grandes Ligas,20/09/2023,"U xbáaxalilo’ob sóftbol taalja’an ti’ u lak’inil Yucatáne’ tu chúunsaj keetil báaxal yanchaj ichil u Diamantesil Arizona yéetel Gigantes de San Francisco, tu noj lu’umil Estados Unidos.
"
"Kex tumen ''chíikpaj éeme’'', láayli’ u kíinsa’al máaxo’ob kaláantik yóok’ol kaab",21/09/2023,"Ichil u ja’abil 2022e’, tu noj lu’umil Méxicoe’ kíinsa’ab 31 máaxo’ob kaláantik yóok’ok kaab. Lela’ ku chíikbesik “nonoj úuchik u p’íitchajal” wa ku ke’etel yéetel beyka’aj yanchaj tu ja’abil 2021, tu’ux yanchaj 54 máak kíinsa’abij; beyxan a’alabe’, 16 u túul ti’ le máako’obo’, máasewalo’ob yéetel kantúule’ abogado’ob.“Le bix yanik ba’al tu noj lu’umil Méxicoe’ ma’ ch’éenek u ye’esik sajbe’entsil u kuxtal máaxo’ob ku meyajo’ob ti’al u yutsil le lu’uma’”, a’alab ti’ tsolmeyaj beeta’ab tumen Global Witness.Beyxan te’e tsoolmeyaj ku k’aaba’tik Siempre en pie, personas defensoras de la tierra y el medio ambiente al frente de la crisis climática, a’alabe’ yaan uláak’ ba’alo’ob talamkúunsik u meyaj le máako’oba’, je’el bix u yoksa’al saajkil ti’ob, u k’ata’al u beelo’ob, u ch’a’pachta’alo’ob yéetel u ts’a’abal u kuucho’ob. Tsoolmeyaje’ ku ya’alike’, yanchaj mil 910 máako’ob ku meyajo’ob ti’al u kaláanta’al yóok’ol kaab ichil tuláakal yóok’ol kaab máaxo’ob kíinsa’ab ichil u ja’abil 2012 yéetel 2022, ti’ le je’elo’obo’ kex 177 u túulal kíinsa’ab le ja’ab máaniko’, (juntúul lalaj ka’ap’éel k’iin), yéetel kex bolontúul, ti’ lajuntúul kíinsa’abe’, úuch América Latina.
Beyxan, maanal óox jaats máaxo’ob kíinsa’abe’, úuch Colombia, tu’ux yanchaj 60 u túulal.
Tu ja’abil 2012 leti’ ka’aj káaj u ts’íibta’al tumen Global Witness u k’aaba’ máaxo’ob ku kíinsa’al tumen u kaláantiko’ob yóok’ol kaab, ts’o’oke’ ila’abe’, tu noj lu’umil Colombia yanchaj kex 382 u túulal, le beetik le noj lu’umil je’elo’ leti’e’ tu’ux asab ya’ab tak poolo’ob beeta’an yóok’lal u kíinsa’al máak beyo’, ichil tuláakal yóok’ol kaab te’e jaats k’iino’obo’.U 88 por sientoil máaxo’ob kíinsa’ab tu ja’abil 2022e’, úuch América Latina. Beyxan, yanchaj uláak’ 43 máak kíinsa’ab Brasil; 31 tu noj lu’umil México yéetel Hondurase’, 14.
Uláak’ ba’ale’, u 34 por siientoil loobilaj beeta’ab le ja’ab máaniko’, úuch ti’ máaxo’ob méek’a’an tumen máasewal kaaj, kex tumen la jaatsila’ ku chíikbesik chéen 5 por sientoil u kajnáalilo’ob yóok’ol kaab.
"
U meyajil chukwaje’ táan u beetik u chan ch’éenel u yantal u luk’ul máak tu kaajal: Aschoco,21/09/2023,"Tu noj lu’umil Méxicoe’, yaan ka’ap’éel meyajo’ob táan u péeksik u yóol táankelem máak: u meyajta’al kakaw yéetel u beeta’al u jejeláasil ba’alo’ob yéetel chukwaj. Le ba’alo’oba’ táan u beetik u chan ch’éenel le beyka’aj máak ku jóok’ol tu kaajal ti’al u bin táanxel tu’ux, yéetel tak u ch’éenel u kaxta’al u jeel meyajo’ob, beey a’alab tumen Alicia Páramo, máax jo’olbesik u múuch’kabil Asociación Nacional de Fabricantes de Chocolates, Dulces y Similares (Aschoco).
Ti’ tsikbal tu beetaj yéetel La Jornadae’, tu tsikbaltaje’ táan u péeksa’al u yóol táankeloem paalal ti’al u meyajta’al kakaw, yéetel ti’al u beeta’al u jeelo’ob yéetel. 
Ichil ba’ax ts’a’aban k’ajóoltbil tumen nstituto Nacional de Estadística y Geografía (Inegi) a’alabe’, tu ja’abil 2020, tu ja’abil pak’be’en k’oja’ane’, u meyajil chukwaj yéetel ch’ujuke’ jlúub 2.4 por siento, ba’ale’ ti’al u ja’abil 2022e’ ka’anchaj u taasail anual yóok’ol u 7.9 por sientoil.
Beey túuno’ Páramo tu ya’alaje’, u México ti’ yaan tu kúuchil 14 ichil máaxo’ob meyajtik kakaw ichil tuláakal yóok’ol kaab. Ts’o’okole’ ti’ lu’umo’ob je’el bix Tabasco, Chiapas, Guerrero yéetel Oaxacae’, ts’o’ok u chan nonojtal u meyajta’al kakaw yéetel mu’uk’an yanik tak tu táan moniliasis (kuuxum multik u che’il).
"
"Uts ba’al, u je’elsa’al tsíimino’ob k’áak’ ti’al u kaláanta’al táanxel kajil máako’ob: AMLO",21/09/2023,"U jala’achil u lu’umil Méxicoe’ t’aanaj yóok’lal Grupo México, ti’alinta’an tumen Germán Larrea, ti’al u ya’alike’ leti’e’ u k’áat ka uts yanak wíinik ku péek yéetel u ts’ook ba’ax tu yojéeltaje’, ka’a meyajnaj le nukuch ba’alo’, tu jo’oloj je’elsa’ak jun súutuk.
"
U asab ya’abil ba’alche’ob yéetel che’ob yaane’ leti’e’ chúumuktako’obo’; le ma’ seen nuuko’obo’,22/09/2023,"Tu jo’oloj 100 ja’abo’ob káajal u jach ch’úukta’al ba’ax ku beeta’al u jejeláasil ba’alche’o’ob yéetel xíiwo’ob yóok’ol kaabe’, ts’o’ok u yila’al yéetel u yáantajil mil miyoonesil daatóose’ u jach ya’abil jejeláasil kuxtal yaane’ leti’e maas chéen chúumuk yaan ti’ le beyka’aj yano’obo’, tu táan le jach táaj suuk u yila’alo’obo’ wa le jach jela’antako’obo’. 
Beey chíikpaj ti’ jump’éel xaak’al jts’a’ab k’ajóoltbil tu pikil ju’unil Nature Ecology and Evolution, tu’ux ku jach tsikbalta’al ba’ax ku ch’a’abal beey u p’iisil ti’al u na’ata’al nonoj ba’alche’ob yéetel che’ob yaan, yéetel bix xan k’i’itbesa’ano’ob ichil le ts’ook ja’ao’ob’oba’. Le beetike’ jch’a’ab ka’ap’éel modelóos: Ronald Fisher yéetel Frank Preston. 
Le yáaxo’ ku ya’alike’, yéetel bix yanik u áalgoritmosile’, u ya’abil ba’alche’ob yéetel che’obe’ jach jela’antako’ob yéetel le maas ma’ jach táaj yano’obo’ leti’e’ suuk u yila’alo’obo’; ka’alikil Prestone’ ku ya’alike’ kúulpach bin. 
Walkila’, yéetel xaak’al beeta’abe’, maanal mil miyoonesil datóos chíikpaj ti’ tsoolts’íib beeta’ab tu jo’oloj maanal jump’éel siigloe’ (1900-2019), ts’o’ok u ye’esiko’obe’ le ba’alche’ob jach suuk u yila’al yóok’ol kaabe’ leti’e’ mix jach táaj yano’obi’, ba’ale’ beyxan le ma’ jach táaj p’íito’obi’. 
Ku tukulta’ale’ juntúul ba’alche’ jela’an kéen je’ets’ek chéen juntúul wa ma’ ya’ab ila’ani’; le ma’ jach jela’ani’ wa óol yaane’ leti’e’ ku yila’al kex jayp’éel u sientoisil, yéetel le suuko’obo’, kéen ila’ak u sientosil miiles wa miyoonesil. 
Beey a’alab tumen juntúul ti’ máax jbeet le xaak’alo’, Henrique Pereira, máax ku meyaj tu kúuchil Centro Alemán para la Investigación Integrada de la Biodiversidad yéetel Instituto de Biología Martin Luther University Halle-Wittenberg, máax tu múul meyajtaj xaak’al yéetel u ajxaak’alilo’ob Universidad de Florida. 
Pereidae’ tu ya’alaje’ ichil ba’alche’ob ila’an tu beel tumen chan nonoj yano’obe’, ch’íich’o’ob, cícadas, coníferas, wa jun jaats ya’ax aalgáas k’aaba’inta’an olvophutes; ka’alikile’, ichil u ts’ook múuch’o’ob ma’ jach ya’ab ba’al ojéela’an yóok’lalo’obe’ ti’ yaan crustáceos, briozoos, amo’ob, anélidos xnook’olo’ob.
"
Áalambre kaan,22/09/2023,"Áalambre kaane’, k’ajóolta’an ich káastelan t’aan beey ciempiés de panza negra (tantilla molesta) ts’o’okole’ suuka’an u máan de áak’ab. 
Le chan boox ba’alche’a’, ma’ tu seen nojochtal, ku chukik kex 60 cms u chowakil. U wíinkilale’ júul boox wa samal boox, ts’o’okole’ yaan jump’éel k’an t’o’ol tu bak’pachil u pool yéetel tu kaabal kama’ach. 
“Suuka’an u máan u jíiltikubáaj lu’um, jach talam u yila’al tu k’ab che’; naats’ áaktuno’ob wa tu bak’pachil”, tu ya’alaj Pedro Enrique Nahuat Cervera, máax táaka’an tu múuch’kabil Ekuneil Península de Yucatán. 
“Je’el bix u ya’alik u k’aaba’e’ uts tu yich u jaantik chimes wa mejen ik’elo’ob mina’an u baako’ob, kex ma’ ya’ab ba’al ojéelta’an yóok’lal ba’ax ku jaantik”. 
Ma’ sajbe’entsil ti’al wíiiniki’, ba’ale’ ku tsa’ayal u kíins yéetel le ba’ax ku chukik ti’al u jaantik. Ts’o’okole’, kex ma’ ojéelta’an ya’abach ba’al yóok’lel bix u yantal u mejenile’, ba’ale’ ku ts’áak u ye’el; kex ichil 2 tak 5 u p’éel je’”. 
Wa áak’abe’ jach uts u paakat yéetel ma’alob u yu’ubik u book wa ba’ax. 
"
"SDA, tu lu’umil Kaanpeche’, tu k’a’abéetkunsik ik’elo’ob yéetel kuuxumo’ob ti’al paak’áalo’ob",25/09/2023,"Jairo Magaña
Tu jo’oloj yanak líik’saj t’aan jayp’éel k’iino’ob paachil ti’al u k’áata’al ka cha’abak u k’a’abéetkunsa’al jejeláas ba’alo’ob beeta’an yéetel agrokiimikóo ku k’aaba’tik Glifosatoe’, máax jo’olbesik Secretaría de Desarrollo Agropecuario (SDA), Ramón Ochoa Peña, tu ya’alaje’ táan u beeta’al meyajo’ob ti’al u péektsilta’al u k’a’abéetkunsa’al entomopatógeno kuuxum yéetel ik’elo’ob, je’el bix Crisopa Carnea, ti’al u ts’aatáanta’al k’aak’as ik’el yéetel ti’al u ma’alobkúunsa’al paak’áal ku beeta’al te’e péetlu’umo’. 
Tu ya’alaje’, ichil ba’ax yaan u yil yéetel Crisopa wa Crisoperla, jump’éel nu’ukbesaj beeta’ab bin tumen Instituto Tecnológico y Agropecuario de China (ITACH) ba’ale’ ma’ k’a’anankúunsa’ab tumen jala’ach oka’an meyaj ka’achij, kex tumen jach uts bix jóok’ik ba’al yéetel paak’áalo’ob tu’ux k’a’abéetkunsa’abij, u ya’abile’ túunta’ab ti’ u paak’alil ixi’im meyajta’ab Camino Real (Tenabo, Hecelchakán, Dzitbalché yéetel Calkiní). 
Beyxan, noj najil xooke’ táan u meyaj ti’al u beetik entomopatógeno kuuxumo’ob ti’al u k’a’abéetkunsa’alo’ob xan beyo’, tumen tu ka’ap’éel microorganismos yaan ba’alo’ob k’a’anantak, yóok’lal ba’ax ku beetiko’ob yéetel ba’ax suuk u jaantiko’ob; lela’ u k’áat u ya’ale’, kuuxume’ je’el u meyaj ti’al u kíinsa’al u loobil paak’áal, yéetel crisopae’ ti’al k’aak’as ik’elo’ob yéetel xnook’olo’ob ku yokol ti’ paak’al ixi’im ichil tuláakal yóok’ol kaab. 
Tu k’a’ajsaje’, ts’o’ok u beeta’al xaak’alo’ob ti’al u yila’al u yutsil u meyaj le ba’alo’ob beya’, ts’o’okole’ jump’éel je’el tak u beetik uts ti’ máaxo’ob meyajtik maanal 20 ektaareasil paak’áal. 
Uláak’ ba’ax tu ya’alaje’, walkila’ áagrokimikose’ u ts’ook ba’ax ku k’a’abéetkunsa’al ichil téeknolojiikóo meyajo’ob ku k’a’aytal ichil kolnáalo’ob; tak u mola’ayil Secretaría de Agricultura y Desarrollo Rural (Sader) kaxtik uláak’ ba’alo’ob ti’al ma’ u yantal u meyaj le áagrokiimikoso’, yéetel ts’o’ok u jets’ik mokt’aano’ob ti’al u yantal múul meyaj ichil mola’ayo’ob beetik xaak’alo’ob, ti’al u béeytal u k’a’abéetkunsa’al le bioteknikaso’oba’ ti’ le maanal 130 mil eektareasil paak’áal yaan tu péetlu’umil Kaanpech.
"
Cofeprise’ tu chíikbesaj waxakp’éel túumben mola’ayo’ob k’i’itbesik yéetel konik xma’ patal nu’ukulo’ob ti’al ts’aak,25/09/2023,"Carolina Gómez
U mola’ayil Comisión Federal para la Protección Contra Riesgos Sanitarios (Cofepris) tu ts’áaj k’ajóoltbile’ yaan uláak’ waxakp’éel túumben mola’ayo’ob ku xma’ no’ojan k’i’itbesik nu’ukulo’ob ti’al ts’aakáankil ichil tuláakal u noj lu’umil México. 
A’alabe’ leti’ le je’elo’oba’: “Iván Misael Mora Venadero, Farmacia Estelar, Armonía Pharma y AD Medical, tu péetlu’umil Jalisco; Prodhosp y Distribuidora San Rafael, Ciudad de México; Soluciones Médicas y Hospitalarias, tu péetlu’umil Aguascalientes yéetel Alfredo Armando Muñoz Mitlich tu péetlu’umil Chihuahua”. 
Ichil ba’ax ila’ab tumen Cofepris ma’ patal yéetelo’obe’, ti’ yaan tumen ku koniko’ob “u nu’ukulil ts’akyaj ma’ jaajtako’obi’, ts’o’okole’ mina’an xan u reejistroil tu noj lu’umil México, yéetel le tu’ux ku líiks’a’al ts’aak ku koniko’obe’ ma’ xan no’ojan yanik u ti’al”, ichil uláak’ ba’alo’ob. Ichil jayp’éel ba’ax ila’ab te’e mola’ayo’obo’, ti’ yaan: Farmacia Estelare’ xíimbalta’ab ti’ le kúuchil ku chíikpajal te’e fáakturao’ kéen koonolnak, ba’ale’ kex tumen kaxta’ab le najo’, mina’an mix jump’éel ts’íib wa ba’ax chíikbesik kúuchil koonol. Ka’alikile’, AD Medical xot’a’ab meyaj ti’, tumen ka’aj xíimbalta’abe’ ila’ab “mina’an u p’iisil téemperaturáa k’a’abéet ti’al u líik’sa’al ts’aako’ob, tumen mina’an mix jach u p’íitil ba’ax k’a’abéet ti’ kúuchil ti’al u yutsil beeta’al”. Ts’o’okole’, yaan tak poolo’ob beeta’an tu táan Cofepris. Beyxan Prodhospe’ taka’ab u pool tumen “ku konik ts’áak yéetel nu’ukulo’ob ma’ jaajtaki’, ts’o’okole’ ojéela’an ti’ ku k’a’aytik tu kúuchil Internet”. 
Coferpise’ tu beetaj páayt’aan ti’al u xak’alta’al u k’aaba’ mola’ayo’ob tu’ux ku ma’anal nu’ukulo’ob yéetel ts’aako’ob, ti’al ka jach ila’al máakalmáako’ob yano’ob ichil le 123 u p’éelal ma’ no’oja’an yanik u meyajo’obi’, tumen ma’ tu beetiko’ob ba’ax jets’a’an ichil a’almajt’aani’. 
"
"10 u téenal u asab maan México ti’ China keetel yéetel le beyka’aj ku konik ti’o’, tu k’a’aytaj BdeM",26/09/2023,"Le jejeláas ba’ax ku ma’anal ti’ China tumen u noj lu’umil Méxicoe’ ku píitmáansik 10 u téenal le beyka’aj ba’ax ku túuxta’al tak te’elo’; lela’ u k’áat u ya’ale, yóok’lal lalaj 10 doolarées ku konik México ti’ nojoch asiatikoil lu’ume’, leti’e’ ku konik te’e noj lu’uma’ 100 doolarées, beey jts’a’ab ojéeltbil tumen Banco de México. Te’el túuno’, ku chíikpajal beyka’aj náach yanik ba’al yaan u yil yéetel koonol ichil le ka’ap’éel noj lu’umo’obo’.
Mola’aye’ tu ya’alaj tu ja’abil 2022e’, u noj lu’umil Méxicoe’ tu manaj ti’ China ba’ax k’ajóolta’an beey bienes yéetel serbisyóos tu tojoltaj 118 mil 696 miyoonesil doolarées; ba’ale’, tu kúulpachile’, chéen béeychaj u konik ti’ Chinae’ 10 mil 917 miyoonesil doolarées; lela’ u k’áat u ya’ale’ mana’ab óoli’ mil por siento maanal ti’ le beyka’aj kona’abo’.Ti’ le ja’ab táan u yáalkaba’, láayli’ táan u yúuchul ba’al je’el bix le ja’ab máaniko’, tumen ichil ba’ax a’ala’an tumen bankoo sentral, ichil enero tak julio máaniko’, le beyka’aj ts’o’ok u konik México ti’ Chinae’ u chukmaj 5 mil 983 miyoonesil doolarées, ka’alikil le beyka’aj ts’o’ok u maniko’, u chukmaj 63 mil 854 miyoonesil, láayli’ leti’e’ beyka’aj u jela’anilo’, kex mil por siento.Yóok’lal le je’ela’, máax beetik u éembajadoril China tu noj lu’umil Méxicoe’, Zhang Run, tu ya’alaj u kaajale’ ma’ táan u kaxtik ka p’áatak mantats’ chéen leti’ ku yoksik ba’al te’e noj lu’uma’.U noj lu’umil Chinae’ ku chíimpoltik libree komersyóo, le beetik ku k’amik mexikoil nu’ukulo’ob, wa ti’ uláak’ táanxel lu’umo’ob, wa ku yilik no’ojantako’ob ti’al u ke’etelo’ob yéetel ba’ax ku beeta’al tumen China. Ba’ale’, u noj lu’umil Méxicoe’ k’a’abéet u ts’áak u yóol ti’al u ma’albkúunsik bix yanik ba’al yéetel koonol ku beetik, a’alab jayp’éel k’iino’ob paachil, ti’ múuch’tambal beeta’ab tu kúuchil Centro de Estudios China-México (Cechimex).
"
"Bala’an k’áak’náab yaan Europa uje’, leti’ beetik u yantal CO2 Júpiter",26/09/2023,"Ka’ap’éel xaak’alo’ob beeta’ab yéetel u yáantajil espasyáal téeleskopyo Webb, yóok’lal bix yanik hielo de dióxido de carbono (CO2) ti’ uj ku k’aaba’tik Europa, tu planeetail Júpiter, tu ye’esaje’ ku yantal ichil jump’éel k’áak’náab yaan tu ts’u’.Ba’ax kaxta’ab tumen u ka’ap’éel múuch’ilo’ob meyaj beet xaak’ale’, ku chíikbesik túumben ba’alo’ob yóok’lal bix yanik k’áak’náab tu ts’u’ Europa. Ku tukulta’ale’, yáanal junyáal yeeloe’, u Europa uj ti’alinta’an tumen Júpitere’, yaan jump’éel u k’áak’náabil ch’óoch’ ja’.
Le beetike’, Europae’ uje’ k’a’anan u xaak’alta’al ti’al u yila’al wa je’el u yantal kuxtal ti’ uláak’ u lu’umilo’ob Sistema Solar. U yila’al wa je’el u yantale’ yaan ba’al u yil yéetel bix u kiimikosil ler ja’o’, tumen k’a’anan u yila’al wa yaan bilojiikóos je’el bix karbono.Xaak’alo’ob ts’o’ok u yáax beeta’ale’ u ye’esmajo’ob yaan u chich yeeloil CO2 tu yóok’kabil Europa, ba’ale’ tak bejla’ ma’ béeyak u je’ets’el wa CO2e’ yanchaj ti’ k’áak’náab yaan tu yáamil, wa jk’uch tak tu yóok’kabil uj úuchik u p’úuchul meteoritóos, wa yanchaj tumen xa’ak’paj yéetel u magnetosferail Júpiter.Ti’ ka’ap’éel xaak’alo’ob ku beeta’al táan u yila’al u espectroscopiail ti’ infrarrojo naats’ yanik ti’ CO2 tu yóok’kabil Europa, jóok’sa’an yéetel JWST.
"
Kaxta’ab úuchben muuk beeta’ab tu kaajil Palenque ,26/09/2023,"Kúuchil tu’ux muka’ab reestose’ kaxta’ab le 11 ti’ septiembre máaniko’; chíika’ane’ ti’al juntúul máak láak’inta’ab yéetel óoxp’éel p’úulo’ob, beey jts’a’ab k’ajóoltbil tumen Diego Prieto, máax jo’olbesik INAH, tu súutukil táan La Mañanera.
"
Úuchben póol tuunich beeta’ab Namibiae’ ku ye’esik u pe’echak’ ba’alche’ob yéetel wíiniko’ob yanchajij,27/09/2023,"Tu jatsk’iinil Edad de Piedra, ti’ lu’um k’ajóolta’an bejla’a’ beey Namibiae’, yanchaj jejeláas póol meyajo’ob beeta’ab tu’ux chíikbesa’ab u chíikulal wíinik yéetel ba’alche’ob, ts’o’okole’ meyajta’an tak tu beelile’ le beetik ku páajtal u yila’al ba’ax ba’alche’ilo’ob, beyka’aj u ja’abil beyxan wa xiib, wa ko’olel ba’alche’il.Póol meyaj beeta’ab ti’al u ye’esa’al u pe’echak’ ba’alche’ yéetel wíinike’ ku chíikpajal ti’ úuchben jejeláas póol tuunich kaxta’an ichil tuláakal yóok’ol kaab. Beey túuno’, tu noj lu’umil Namibiae’ chan nonoj yaani’, tu’ux ku yila’al ajts’oono’ob yéetel aj-joocho’ob tu jaats k’iinil Edad de Piedra tardía.Ba’ale’, u ya’abil xaak’al beeta’ab yóok’lal úuchben its’ate’, much’a’an chéen ti’ ba’alo’ob yaan ba’al u yil yéetel formas jeomeetrikáas, ts’o’okole’ ma’ jach táaj ya’ab ba’al xak’alta’an yóok’lal pe’echak’o’ob, kex tumen chan yaan ti’ tuláakal yóok’ol kaab.Ti’ túumben xaak’al jts’a’ab k’ajóoltbil tu pikil ju’unil PLOS ONE, Andreas Pastoors, máax ku meyaj tu noj najil xook Friedrich-Alexander-Universität Erlangen-Nürnberg (Alemania), yéetel u yéet meyajo’obe’, a’alabe’ béeychaj u xak’alta’al bix úuchik u máan xíinximbal máasewalo’ob tu desyeertoil Kalahari, ti’al u yila’al u pe’echa’ak ba’alche’ob yéetel wíiniko’ob, yéetel u yáantajil úuchben its’at tu noj wiitsilo’ob Doro Nawas, tu chúumukil Namibia occidental.Ajxaak’alo’obe’ béeychaj u jets’iko’ob ba’ax ba’alche’il, beyxan wa xiib wa xch’up, beyka’aj u ja’abil yéetel tak máakalmáak ookil yéetel le pe’echak’najo’obo’, tak yóok’ol u 90 por sientoil, ti’ le 513 u p’éel póol meyaj xak’alta’abo’obo’. Ti’ meyaj beeta’abe’ e’esa’ab úuchben its’at beeta’abe’ ku ye’esik u jejeláasil ba’alche’ob kuxlajo’ob te’e k’inako’obe’. 
"
Sáansamale’ ku yantal ka’atúul ko’olel ku kíimil ikil u loobilta’al ka’alikil yo’omchaja’an wa kéen síijik u neene’: UNAM,27/09/2023,"Xookil beeta’an tumen u mola’ayil Instituto Nacional de Estadística y Geografía (Inegi) yéetel tumen Grupo de Información en Reproducción Elegida (GIRE) xak’alta’abo’ob tumen u noj najil xook UNAMe’ tu ye’esaje’, sáansamale’ ku yantal ka’atúul ko’olel ku kíimil yóok’lal ba’alo’ob yaan ba’al u yil yéetel u yo’omil wa u yantal u chaampale’, ichil tuláakal u noj lu’umil Méxicoe’.Juan Carlos Pérez López, máax ku meyaj tu noj najil xook Facultad de Estudios Superiores (FES) Zaragoza tu tsolaje’, violencia obstétrica, je’el bix k’ajóolta’anilo’, ku yantal kéen beeta’ak k’aak’as ba’al ti’ ko’olel ka’alikil yo’omchaja’an, kéen yanak u chaampaal wa kéen ts’o’okok, tumen ya’abach juntéenake’ ku beeta’al u jets’iko’ob wa ba’ax kex ma’ u k’áato’obi’, wa ku pe’ech’óolta’al u páajtalilo’ob ti’al kéen yanak u paalalo’ob. Je’el bix, u ts’a’abal ts’aak ti’ob ti’al u xchukulta’al u síijil u neene’ob kex ka máanako’ob yóok’ol náatural paartóo, wa ku ts’a’abal ti’ob áantikonseptiibóos kex ma’ éejenta’an tumen ko’olel.
También te puede interesar: Dos mujeres mueren al día por violencia obstétrica en México: UNAM 
Ichil u ja’abil 2016 tak 2021e’ kíim 5 mil 99 ko’olel ichil le kóondisyoones beya’, ts’o’okole’ le je’ela’ ku ye’esiko’ob u kíimil ko’olel kéen yanak u chaampale’ nojoch talam tu noj lu’umil México, tumen u sa’atal u kuxtal juntúul ko’olele’ ku beetik u téejel tuláakal u baatsil.“Kéen kíimik juntúul na’e’, ku jelpajal xan bix u xuultal paalal, u núup, yéetel ku káajal u talamtal ba’al, tumen ku p’a’atal tak xook, ku jáawal baatsil, yéetel ku káajal u meyaj paalal kex ma’ u chuk u ja’abili’”; tsola’ab tumen le noj najil xooko’.Ba’ax ku tukulta’al ku béeytal u beeta’al ti’al u ts’aatáanta’al le talamila’, leti’ ka béeyaj u no’ojankúunsa’al bix u k’a’amal neene’ob.  Le beetike’, jump’éel ti’ ba’ax tukulta’an u beeta’al ichil Objetivos del Desarrollo Sostenible péektsilta’an tumen ONUe’ leti’ ka béeyak u p’íitkunsa’al jaytúul ko’olel ku yantal u xo’otol ti’al u síijil neene’; u tuukulile’ ka yanak, tak u jach ya’abile’, u 15 por sientoil ichil tuláakal México, ba’ale’ walkila’ yaan ichil 20 yéetel 22 por siento.
Pérez López tu ya’alaje’, u xo’otol ko’olel kéen yanak u chaampale’, jump’éel ba’al je’el u beetik u yantal sajbe’entsilo’ob tumen je’el u yantal íinfexionees, u jach xáantal tu yutstal máak yéetel ku talamkúunsik ba’al wa ku yotik u ka’a yo’omchajal ko’olel. 
"
Bidene’ tu táakmuk’taj máako’ob u je’elso’ob meyaj ti’ kisbuuts mola’ayo’ob,27/09/2023,"Oochel mix juntéen yáax ila’ak: tu’ux chíika’an u jala’achil Estados Unidos tu tséel ajmeyaj máako’ob, ti’al u ye’esik ti’ob ku chíimpoltik u tuukulo’ob, tumen najmal u yantal maas utsil bo’ol.
"
Yucatáne’ ts’o’ok u chukik 5 mil 780 máax ts’o’ok u tsa’ayal deegnuée yéetel uktúul kimeno’ob yóok’lal,28/09/2023,"Chéen ti’ jump’éel p’iis k’iine’, ba’ax chíikpaja’an ichil Panorama Epidemiológico de Dengue 2023, meyajta’an tumen u mola’ayil Secretaría de Salud federal (SSA) tu chíikbesaj yanchaj uláak’ 925 u túul máax ti’ jeets’el tsa’ay ti’ob deenguée, yéetel uláak’ kantúule’ kíim tu yóok’lal wa ba’ax yaan u yil yéetel le k’oja’anilo’, chéen ti’ le beyka’aj k’iino’ob ts’o’ok u yáalkab le ja’aba’.
Ichil p’iis k’iin 37 ti’ le pak’be’en k’oja’anilo’, yaan ka’ach 4 mil 855 u túul máax ti’ jeets’el tsa’ay ti’ le k’oja’anilo’, yéetel uláak’ óoxtúul máak kimen yóok’lal, ba’ale’ ti’al u p’is k’iinil 38e’ chíikpaj chan nonojchaji.
Ba’ax jts’a’ab k’ajóoltbile’, meyajta’ab yéetel xookil beeta’an tumen u mola’alyil Secretaría de Salud ti’ u lu’umil Yucatán, tu jo’oloj xak’alta’ak yéetel meyajta’ak xookilo’obe’, jets’a’ab ba’ax le jtsa’ay ti’ le máako’obo’ yéetel ba’ax kíinso’ob, le beetike’, kex jts’a’ab k’ajóoltbil le 27 ti’ septiembreo’ túumbenkunsa’ab xookil beeta’ab le p’is k’iinil máaniko’, le beetik le je’elo’, ma’ táan u jach e’esik bix yanik k’oja’an hach te’e k’iino’oba’.
Ba’ale’, péetlu’ume’ láayli’ leti’ p’aatal beey le yáax lu’umil tu’ux asab ya’ab máak k’oja’an ti’ denguée, tumen k’ucha’an tak 247.81 u túul máak ku k’oja’anta’al yóok’ol lalaj 100 mil kajnáalo’ob. Ts’o’okole’, 73 por siento ti’ tuláakal máako’ob k’oja’an tu lu’umil Méxicoe’, ti’ yano’ob Yucatán, Veracruz, Quintana Roo, Morelos yéetel Puebla.
Ju’un jóok’sa’ab tumen SSA ku ye’esike’, kaajo’ob tu’ux asab ya’ab máak k’oja’an ti’ denguee’ ti’ yano’ob Cuncunul, Celestún, Uayma yéetel Tizimín.Beey túuno’, a’alabe’ kex tumen u ya’abil máaxo’ob k’oja’ane’ tsa’ay ti’ob Dengue con Signos de Alarma (DCSA), ti’ u ts’ook xookil le je’elo’obo’ tu chukaj 3 mil 45 kasóos. Ka’aj ts’o’oke’ 2 mil 560  up’éel kaasose’ jatsa’ab beey Dengue No Grave (DNG) yéetel 175 kasose’ beey Dengue Grave (DG).
Tu lu’umil Yucatáne’ ts’o’ok u yila’al táan u máan kamp’éel u jejeláasil denguée, ba’ale’ leti’e’ 3 maas jach suuk u pa’ak’alo’, yéetel xan leti’e’ chíikbesik asab sajbe’entsil ti’ máak.
"
Kaxta’ab jela’an bakteeryáa ku yantal ichil u taamil ja’,28/09/2023,"Ichil u xiixel séedimentos kaxta’ab tu taamil k’áak’náabe’, ajxak’al xooko’obe’ tu kaxtajo’ob jump’éel túumben yéetel jela’an u jejeláas espeesyeil k’áak’náab. Le je’ela’ jump’éel ba’al chíikbesik noj xáak’ab ti’al u na’ata’al bix yanik u taamilo’ob k’áak’báab yéetel míikrobiolojiyáa.
Junmúuch’ u ajxaak’alilo’ob Chinae’ tu pak’aj le bakteryao’ ti’ jump’éel láaboratoryóo, tu’ux k’a’abéetkunsa’ab u séedimentosil síis fíiltrasyóon, yéetel u ja’il beyxan luuk’ ti’ u taamil k’áak’náab. U múuch’il ajxak’al xooko’obe’ tu k’aaba’into’ob Poriferisphaera hetertotrophicis, yéetel jatsa’ab ichil u jejeláasil bakteeryáas ma’ béeyak u jach xak’alta’ali’; kex tumen ti’ yaan ichil tuláakal yóok’ol kaabe’: ti’ aak’alo’ob yéetel lu’um, ts’o’okole’ k’a’anan ti’al u ka’a k’a’abéetkunsa’al carbono yéetel nitrógeno.
“U ya’abil planctomicetos bakteeryase’ béeychaja’an u jatsa’al yéetel u yáantajil nutrieentées maas ma’ t’a’ajtako’obi’”, tsola’ab tumen microbiólogo Rikuan Zheng ti’ u noj najil xook Academia de Ciencias de China.
“Le beetike’ taakchaj ktúuntik wa kéen k’a’abéetkunsa’ak nuutrientes t’a’ajtake’ je’el u cha’ak u pa’ak’al yéetel u maas meyajta’al bakteryáas ma’ jach k’ajóolta’ani’”. 
Túumben paakat beeta’ab tumen Zheng yéetel u yéet meyajo’obe’ tu beetaj u p’áatal ba’al jach je’ex le yanik tu taamil k’aák’náab. Túumben bakteeryae’ P. hetertotrophicis, jump’éel seepa jests’a’ab beey ZRK32, ts’o’oke’ maas séeb úuchik u nojochtal tu táan u jeelo’ob pak’a’ab, ts’o’okole’ jela’an xan úuchik u ya’abtal tu táan uláak’o’ob óol beyo’. 
"
"Maanal 400 mil táanxel kajil máako’ob k’áato’ob Darién, Panamá, te’e ja’aba’ ",28/09/2023,"Le xookilo’oba’ mix juntéen yáax yanaik, ts’o’okole’ le ku yila’ala’ talam ba’al ku yúuchul yéetel máaxo’ob ku luk’ulo’ob tu kaajalo’ob, tumen jump’éel ba’al káaj u yila’al 2015, úuchik u káajal u k’áatal ya’abach cubanoilo’ob tak Estados Unidos.
"
Ts’unu’un waaj: janal ku yets’kúunsa’al tumen máaxo’ob tséentik xúunan kaab,29/09/2023,"Ti’ jayp’éel maaya kaajo’ob ti’ u péetlu’umil Yucatáne’, máaxo’ob tséentik xúunan kaabe’ láayli’ u beetiko’ob k’uubajilo’ob, je’el bix kéen ets’kúunsa’ak ts’unu’un waaj beeta’an yéetel kaab, juuch’ yéetel máantika, ti’al beyo’ u níib óolta’al yáax kaab ku yantal.Ts'unu'un waaje’, u chíikul úuchben tuukulo’ob xa’ak’paj yéetel katoliikóo tuukul, tumen tu’ux ku yets’kúunsa’ale’ yaan maaya chíikulalo’ob, ba’ale’ beyxan u ti’al saanto’ob.“Kéen beeta’ake’ ku t’a’anal yuumtsilo’ob, je’el bix Cháak wa Itzamnáaj, ba’ale’ beyxan ko’olebilo’ob, je’el bix u ko’olebil María wa Candelaria. Ts’o’ok u táakbesa’alo’ob tumen beey úuchik u xa’ak’atal tuukulo’ob yóok’lal ba’ax ku yoksaj óolta’al”, tu tsikbaltaj Alfredo Hau, jlingüista yéetel áaktibiistáa ti’al u péektsilta’al maaya tu lu’umil Yucatán.
U yets’kúunsa’al ba’al ti’al Xunáan Kaabe’, ku beeta’al ti’ le k’iin kéen yáax jóok’sa’ak kaab, ts’o’okole’ ku táakpajal máaxo’ob tséentik u yik’elo’ob kaab, beyxan u láak’stsilo’ob. Ku yets’kúunsa’al ts'unu'un waaj yéetel uláak’ ba’alob ti’al jaantbil yéetel ti’al uk’bil.Alfredo Haue’ tu tsikbaltaj ts’unu’un waaje’ píitbil u beeta’al. Ku pak’achta’al u waajil yéetel juuch’, ku ts’a’abal kaab, balche’, yéetel tu ts’ooke’ ku ts’a’abal u k’atabche’il. Leti’ xane’, meyajnaja’an yéetel Escuela de Agricultura Ecológica U Yits Ka'an, tu’ux xan táakpaj ka’aj xak’alta’ab u yúuchben áanalte’il Madrid, tu’ux chíika’an ts’unu’un waaj.“Chíika’an waaj, beyxan ts’unu’un, ba’ale’ ma’ u k’áat u ya’al wa yéetel leti’ beeta’ani’, tumen ts’a’aban u k’aaba’ le jejeláas ba’alo’ob je’el bix k’ajóolta’anilo’obo’”, tu tsolaj. 
Úuchik u meyaj yéetel kabnáalo’obe’ leti’ ka tu yojéeltaj ku beeta’al xan ts’unu’un waaj, ts’o’okole’ tu ya’alaje’ yaan kaajo’ob tu’ux láayli’ u beeta’al.
"
Am jit’ik k’aank’an k’áan,29/09/2023,"U yila’al le ama’, de seda dorada, (Trichonephila clavipes) táanka’abe’, ku ye’esik uts yanik che’ob yéetel xíiwo’obi’, beey tu ya’alaj César Raciel Lucio Palacio, máax ku meyaj tu najil xook Frontera Sur-Unidad Chetumal.
Tu tsolaj le chan ba’alche’a’ k’as nojoch, tumen u wíinkilale’ je’el u k’uchul u p’is tak ka’ap’éel sentimetróos u chowakil. Ts’o’okole’ ku yantal tu’ux chokoj u yooxol yéetel tu’ux yaan úumedad, tu noj lu’umil México, ba’ale’ yaan xan ku yila’al tu noojol-lak’inil Estados Unidos tak Argentina.Yaan tu’ux suuk u yila’al. Ts’o’oke’ k’a’abéet ti’ che’ob yéetel u k’ab che’ob tumen ti’ ku t’inik u nojoch k’áano’obi’. “Ku páajtal tak u ya’alale’, múuch’ kaja’an yéetel uláak’o’obo’ tumen ya’abach ti’ leti’obe’ kéen u yilo’ob ts’o’ok u ji’it’il jump’éel k’áane’, ku beetiko’ob u jeel tu tséelilo’obi’, le beetik múuch’ yano’ob, ts’o’oke’ mix táan u paklan jaantikubáajo’ob”, tu ya’alaj.
Suuk u yila’al u xch’upul amilo’obi’. Ku kuxtalo’ob kex jump’éel ja’ab yéetel u yooko’obe’ jach chowaktak. Ti’ le ka’ats’íit yaan táanile’, yaan beey mejen tso’otso’ob tu’ux ku yu’ubiko’ob jejeláas ba’alo’ob. U xiibile’ maas chan mejentak, chéen wa ku jach ilik máak u k’áano’obe’, ku yila’al. Leti’obe’ ma’ tu máano’ob chuuk, tumen ku jaantiko’ob ba’ax ku p’a’atal tumen u xch’uupil. U k’áane’ jach chíika’an, tumen óol beey k’aank’an doraadóo, yéetel kéen jula’ak tumen k’iine’ óoli’ beey ku léembale’, le beetik beey u k’aaba’o’. Ts’o’okole’ je’el u nojochkíinsa’al tak maanal jump’éel metróo y meedyóo u nojochil u wóolisil. 
"
"Tu k’a’aytaj México, tu táan Unesco, bix tu xíimbal meyaj ku beetik ti’al u kaláantik vaquita marina",02/10/2023,"Ka’alikil áalkabnaj u 45ª sesyonil Comité de Patrimonio Mundial beeta’ab tumen Organización de las Naciones Unidas para la Educación, la Ciencia y la Cultura (Unesco), tu noj lu’umil Riad, Arabia Saudita, jayp’éel k’iino’ob paachile’, u jala’achil u noj lu’umil México tu k’a’aytaj ba’ax ts’o’ok u béeykunsik ti’ u nu’ukbesajil Plan de Acción para la protección de la vaquita marina, éejenta’ab tumen Convención sobre el Comercio Internacional de Especies Amenazadas de Fauna y Flora Silvestres (CITES).
Tsolmeyaj beeta’abe’ tsikbalta’ab tumen jaytúul máako’ob táaka’an Grupo Intragubernamental sobre la Sustentabilidad en el Alto Golfo de California (GIS), tu’ux oka’an u máakilo’ob Secretaría de Medio Ambiente (Semarnat), Marina (Semar) yéetel Relaciones Exteriores (SRE).
“Tukulta’ab u beeta’al ukp’éel noj meyajo’ob, yéetel 34 u p’éel meetáas, tu’ux táakbesa’ab jayp’éel ti’ le ba’ax k’áata’ab ka yanak u beeta’al tumen u jeel múuch’o’ob yéetel táanxel kajil mola’ayo’ob, beyxan mokt’aano’ob. Yaan óoxp’éel noj bej jets’a’an: 1) Medio ambiente yéetel sostenibilidad; 2) Seguridad yéetel u chíimpolta’al a’almajt’aan; 3) U próoduktibidadil chuk kay meyaj. Ba’ale’, beyxan ku ch’a’anukta’al bix yaanik le kaajo’obo’, yéetel k’a’abéet u mu’uk’ankúunsa’al meyaj ichil noj lu’umo’ob, yéetel u táakbesa’al kaajo’ob ti’al u béeytal u je’ets’el ba’alob te’e baantao’”, jts’a’ab k’ajóoltbil.
"
"K’oja’anilo’ob ku tsa’ayal tu puksi’ik’al wíinike’, leti’e’ yáax ba’ax beetik u séeb kíimil, ichil tuláakal yóok’ol kaab",02/10/2023,"Le óoxp’éel deekadáas máano’obo’, cardiovascular k’oja’anilo’obe’ nonojchajo’ob, ts’o’okole’ “leti’e’ yáax ba’ax beetik u kíimil wíinik ichil tuláakal yóok’ol kaab”, yéetel u ja’abil máake’ ma’ xan jach táaj úuchbeni’. Tu ja’abil 1990e’ yanchaj 12.1 miyoonesil máak kíim yóok’lal le je’ela’, ts’o’oke’ ti’al 2021e’ jnáak 20.5, “le beyka’ajo’ tu chíikbesaj kex óox jaats ti’ le jaytúul máak kíim yóok’ol kaab”, jets’a’ab tumen World Heart Report 2023, beeta’ab tumen Federación Internacional del Corazón.Beey túuno’, le k’ajóolta’an beey cardiopatía isquémica leti’e’ yáax ba’ax beetik u séeb kíimil máak ti’ 146 u p’éel noj lu’umo’ob ti’al xiibo’ob, yéetel ti’ 98 ti’al ko’olel, ts’o’okole’ ichil jo’otúul máak ku kíimile’, kantúule’ yaan ba’al u yil yéetel wa ba’ax tu piksi’ik’alo’ob, ba’ale’ ku yúuchul xan ti’ óotsil u’umo’ob, tu’ux ma’ jach ya’ab u náajal máaki’, ka’alikil ts’aak yéetel túumben ba’alo’ob ku yojéelta’al yóok’lal, beyxan ti’al u puksi’ik’al wíinike’ ku yantal ti’ ayik’al lu’umo’ob, “jach chíika’an ma’ keet yanik u ba’al yéetel le nojoch talamila’, ts’o’oke’ unaj u séeb ts’aatáanta’al”.
A’alabe’ “xaak’ale’ ku ye’esike’ láayli’ xan ma’ keet yanik icbhil xiib yéetel ko’oleli’, beyxan yóok’lal u ch’i’ibal máak yéetel beyka’aj taak’in ku náajalta’ali’, ichil uláak’ ba’alo’ob. Yóok’ol kaabe’ náach yanik ti’al u béeykunsik ka kéet yanak ba’ax ku beeta’al ti’al u kaláanta’al máak, beyxan ti’al u séeb na’ata’al wa leti’e’ k’oja’anilo’, ti’al u séeb ts’a’akal yéetel ti’al u ts’aatáanta’al cardiovascular k’oja’anilo’ob”.Le viernes 29 ti’ septiembre máaniko’, máan u k’iinil Día Mundial del Corazón, tu’ux t’aanaj Zoé Robledo, máax jo’olbesik u mola’ayil Instituto Mexicano del Seguro Social (IMSS), ka tu ya’alaje’ u 80 por sientoil le manal 220 mil máak ku kíimil ja’ab man ja’ab tu noj lu’umil México yóok’lal u k’oja’anilo’ob tu puksi’ik’ale’, jach je’el u béeytal ka’ach u kaláanta’al wa ka séeb ila’ak tu bin u tsa’ayal ti’ máak.Tsikbalnaj yóok’lal “u yóoxp’éel A te’e le IMSSo’”, tu’ux ku péektsilta’al ka utsil janal máak: u p’íitkunsa’al procesada ba’alo’ob yéetel ba’axo’ob jach táaj ch’ujujktak; u ka’ap’éelile’, u péeksikubáaj máak, yéetel u yóoxp’éelile’, u séeb beetik máak.  
"
Jach táan miisáa ka’aj níik najil k’uj Tamaulipas: kíim kex 15 u túul máaki’,02/10/2023,"Yaan ka’atúul mejen paalal ichil le máax kíimo’obo’, úuchik u jenk’ajal u najil k’uj Santa Cruz, tu noj kaajil Ciudad Madero; ichil ba’ax tsikbalta’abe’, yanchaj uláak’ lajuntúul máak úuch ti’ob loob yéetel yanchaj u biinsa’alo’ob tu kúuchil ts’akyaj. 
"
"Xluukumo’obe’, mejen ba’alche’ob ku yáantajo’ob ti’al u béeytal u yutsil úuchul paak’áal",03/10/2023,"Xlukume’, sajbe’entsil yanik u ch’éejel ikil u seen meyajta’al lu’um, ba’ale’ leti’e’ “nonoj” u yáantaj ti’al u béeytal le koolo’, tumen yaan ba’al u yil yéetel kex u 6.5 por sientoil ti’ tuláakal u paak’áal serealo’ob ichil tuláakal yóok’ol kaab, beey úuchik u chíikbesa’al ti’ jump’éel xak’al xook jts’a’ab k’ajóoltbil te’e k’iino’oba’.
“Xlukumo’obe’ ku yáantajo’ob tu 6.5 por sientoil u paak’alil i’ixim, áarros, trigóo, sebadáa, ichil uláak’ ba’alo’ob, yéetel u 2.3 por sientoil léeguminosas chíikbesik maanal 140 miyoonesil tóoneladáas lalaj ja’ab”, jets’a’ab tumen ajxak’al xooko’ob ti’ ts’íib jóok’sa’ab tu pikil ju’unil Nature Communications.
“Áantaj” ku ts’áak xluukume’ ku na’ata’al tumen ajxak’al xooko’ob ikil u yila’al u porsentajeil beyka’aj ba’al ku yantal tu yóok’lalo’ob. Ojéela’anili’e’ ku beetiko’ob uts ti’ le lu’umo’, beyxan ti’al u nuuktal xíiwo’ob. U galeríase’ ku cha’ak u máan ja’, beyxan u ta’obe’ ku tséentik xíiwoo’o yéetel ku yáantajo’ob tak ti’al u yantal ormoonas ku cha’ak u nojochtal xíiwo’ob.
Ba’ale’ ajxak’al xooko’ob beet meyaje’ tu kaxto’ob bix u yáax béeytal u xokiko’ob beyka’aj uts ku beetiko’ob ti’ kool. Le beetike’, tu xak’alto’ob jach tu’ux ku yantal le xluukumo’obo’, beyxan tu’ux yaan ke paak’áalo’obo’ ts’o’oke’ tu ketajo’ob yéetel uláak’ xaak’alo’ob beeta’an tu’ux ku je’ets’el jayp’éel ba’alo’ob ojéela’an kéen yanak xnook’olo’ob te’e lu’umo’.
U yuumilo’ob xaak’ale’ tu ya’alo’ob áantaj ku ts’áak xlukume’ maas jach táaj chíika’an ti’ noj lu’umo’ob yaan te’e noojolo’, ts’o’okole’ ku ye’esik u 10 por sientoil le beyka’aj sereales ku meyajta’al África subsahariana yéetel u 8 por sientoile’ leit’e’ ku yantal América Latina yéetel Caribe.
Tu ts’ooke’ ajxak’al xooko’obe’ tu ya’aljo’obe’ u k’i’itbesa’al uláak’ bix u ma’alobkúunsa’al paak’áale’, ma’alob u péektsilta’al, tumen beyo’ ku béeytal u ts’aatáanta’al kuxtal, beyxan xluukumo’ob.  
"
"Yaan u beeta’al u ka’atéen k’iimbesajil bak’ tu noj kaajil Tizimín, ti’al u ts’o’okbal u wanilil octubre",03/10/2023,"Ti’al u ts’a’abal k’ajóoltbil bix le bak’ ku meyajta’al tu péetlu’umil Yucatáne’, yaan u beeta’al tu k’iinilo’ob 27, 28 yéetel 29 ti’ octubre u noj k’iimbesajil bak’, Festival de la carne, tu’ux yaan u mu’uch’ul u jach táaj ma’alobil máaxo’ob meyajtik yéetel beetik bak’ tu noojol-lak’inil Yucatán yéetel yaan xan u táakpajal u múuch’ paaxil Moenia.
Xma’ bo’olil u yokol máak tu k’iinil viernes yéetel domingo, ba’ale’ ti’al sábadoe’ yaan u tojoltik 250 pesos le jéeneralo’, yéetel mil pesos ti’al VIP, tumen yaan u táakpajal u múuch’il Moenia. U boletosile’ ku ko’onol tu kúuchil Carnes Santa Fé yéetel Palacio Municipal de Tizimín. 
Yaan u chúunsa’al cha’an láas 5 u taal u chíinil k’iin yéetel yaan u káajal kéen t’áabak u k’áak’il “Asando la Vaca de Carnes Santa Fe”, ts’o’oke’ kéen áak’abchajake’ yaan u ts’a’abal show tumen  El Chino Fernández yéetel yaan u paax Los Super Caracoles. 
Tu k’iinil domingo 29 ti’ octubre yaan u beeta’al u keetil Concurso Parrillero Amateur yéetel yaan u paax Habana Swing.
Ichil jayp’éel ba’alo’ob tsikbalta’ab tumen u jo’olpóopil Tizimín, Pedro Couoh yéetel tumen Jorge André Díaz Loeza, máax jo’olbesik Comité Organizador ti’ le cha’ano’ yéetel máax xan jo’olbesik Secretaría de Desarrollo Rural (Seder), a’alabe’ tu péetlu’umil Yucatáne’ ku beeta’al lalaj ja’abe’ 33 mil tóoneladasil bak’, ts’o’oke’ yaan kex 400 mil u túul wakax ku tséenta’al.
Couohe’ tu ya’alaje’ le ja’ab máaniko’ píitmáan le beyka’aj máak k’ama’ab te’e cha’ano’, ts’o’oke’ tuláakal máaxo’ob meyajtik bak’e’ chan koonolnajo’ob tu beel, le beetik te’e ja’aba’ táan u páa’tal ka yanak maanal 50 mil máako’ob te’e k’iino’obo’.
"
U Nobelil ts’aake’ ti’al máaxo’ob béeykuns u báakunail Covid-19,03/10/2023,"Chíimpolale’ yaan u k’u’ubul ti’ Katalin Karikó yéetel Drew Weissman yóok’lal xaak’al u beetmajo’ob yéetel yaan ba’al u yil yéetel u báakunasil ARN mensajero ti’al k’oja’an beet u yantal pak’be’en k’oja’an.
"
K’a’ayta’ab ba’ax ts’aakilo’bo ma’ unaj u yu’uk’ul wa yaan ba’ax e’esik tu tsa’ayal deenguei’,03/10/2023,"U mola’ayil Secretaría de Salud de Yucatán (SSY) tu ts’áaj k’áajóoltbile’, wa táan u yilik máak yaan ba’ax chíikbesik táan u tsa’ayal u k’oja’anil deenguee’ jach najmal ma’ u lu’uk’ul mix jump’éel ts’áak wa ma’ a’alan beey unaj u beeta’al tumen juntúul ts’akyaji’, tumen yaane’ jach je’el u talamkúunsik k’oja’anile’.
Le beetike’, u mola’ayil toj óolalae’ tu k’áataj ti’ kaaj ma’ u lu’uk’ul ácido acetilsalicílico, ibuprofeno, metamizol sódico, diclofenaco yéetel naproxeno sódico tumen je’el u beetiko’ob u maas yantal sajbe’entsil ti’ u kuxtal wíinik wa tumen jaaj táan u tsa’ayal le k’oja’anilo’.
Beyxan a’alabe’, jach k’a’anan ma’ u ts’akikubáaj tu juunal, yéetel ka yanak u bin máak tu kúuchil ts’akyaj maas naats’ yaan ti’ máak. Uláak’ ba’ax a’alab ma’alo’obe’, leti’ u yu’uk’ul ja’ mantats’ yéetel u je’elsikubáaj máak ku tsa’ayal le dengeo’. Uláak’ ba’ax k’áata’abe’, tak wa yaan, wa mina’an u chokwil máake’, kéen u chuk u yóoxp’éel k’iinil yéetel u wukp’éel k’iinil k’oj’ana’e’ láayli’ je’el u yantal uláak’ ba’axo’ob e’esik yaan sajbe’entsil, je’el bix u k’i’k’ankil máak, u yantal u xejil, u yaantal u nak’ máak wa u yu’ubik jach táaj ka’anan. 
"
Múul meyaj ichil SOLYLUNA yéetel Oxxo ti’al máaxo’ob paaktik kuxtal yéetel yaanal paakat,03/10/2023,"Múuch’kabil ku meyaj ti’al u yutsil kaaj, SOLYLUNA, a.c., ikil táan u múul meyaj yéetel u nu’ukbesajil Programa Cliente Oxxo tu beetajo’ob k’a’aytajil tsikbal tu’ux tu a’alabe’ táan u káajal jun jaats k’iino’ob meyaj ti’ ba’ax k’ajóolta’an beey réedondeo, káaj tu yáax k’iinil octubre máaniko’, yéetel yaan u ts’o’okol tak tu winalil diciembre, ti’al u yutsil paalal, ba’ale’ beyxan táankelemo’ob máaxo’ob yaan ti’ob, ba’ax k’ajóolta’an dibersidaad funsyoonal, wa le ku ya’al díiskapasidad. Taak’in kun molbile’, leti’e’ kun ts’áabil tumen kaaj tu Oxxosil Progreso, Saki’, Tízimin yéetel le yano’ob tu noojolil u kaajil Jo’.Taak’in kun much’bile’ yaan u k’a’abéetkunsa’al ti’al u yutskíinsa’al ka’ap’éel k’óoben, yéetel ka’ap’éel soolaro’ob. Kéen béeyak le je’elo’, u paalilo’ob SOLYLUNAe’ yaan u béeytal u pak’iko’on jejeláas janabe’enba’alo’ob, yéetel u kanik u chako’ob jayp’éel janalo’ob ti’al u tséentikubáajo’ob. Beyxan, taak’in kun much’bile’ yaan u k’a’abéetkunsa’al ti’al u ma’anal nu’ukulo’ob je’el u yáantajo’ob ti’al u ka’ansa’al u péeksik u chi’, u kama’ach, u yaak’ yéetel u kaal meken paalal, ti’al beyo’ u béeytal u tséentikubáaj tu juuno’ob, yéetel ti’al u káajal u t’aan le paalalo’obo’. Úuchben tuukulo’obe’, ku ya’aliko’ob díiskapasidaade’ ku na’ata’al beey ba’alo’ob ku binetik wa ma’ tu páajtal u beeta’al tumen wa máax, je’el ba’axak bíin yanak u yil yéetel u tuukul máak, u na’at, u wíinkilal, wa je’el ba’axak ka u talamkúuns u beettik u kuxtal máak chéen je’ex suuka’anile’. Ka’ache’ ku tukulta’ale’ chéen u talamil juntúul wíinik, ba’ale’ tu jo’oloj péektsilta’al ya’abach ba’alo’ob tumen máaxo’ob yaan ti’ jump’éel díiskapasidaade’ káaj u chíimpolta’al u páajtalil le máaxo’ob beyo’obo’, ts’o’oke’ káaj xan u jelpajal tuukulo’ob yaan u kuuch tu yóok’olo’ob; le beetik káaj u ya’alal ti’ dibersidaad funsyoonal. U nooyil le tuukula’ leti’ le je’ela’: ma’ wíinik ma’ tu tsa’ayal u beet wa ba’axi’, chéen jejeláas bixij.  Ichil ba’ax jets’a’an tumen Encuesta Nacional sobre Discriminación 2022 (ENADIS 2022), péech’óolal ku yantal yóok’ol máaxo’ob yaan ti’ob wa ba’ax yóok’lal dibersidaad funsyoonale’ ku chíikpajal tumen ku ja’atsalo’ob, ku ts’a’abal u kuucho’ob wa ku je’ets’el ba’alo’ob tu yóok’olo’ob kex tumen ma’ beyi’. Ts’o’oke’ u 33.5% máaxo’ob k’áatchibta’al yaan 12 u ja’abil wa maanal ti’e’, ku tukultike’ ma’ táan u jach chíimpolta’al u páajtalilo’obi’. Yéetel u 65.8% kaaj yaan 12 años wa maanal ti’ yéetel yaan díiskapasidaade’ tu jets’aje’ ya’abach ti’ leti’obe’ ma’ tu chíimpolta’alo’ob tumen u ya’abil kaaj.
"
Te’e octubrea’ táan u beeta’al xma’ bo’olil u máastografiasil tu k’íiwikil u noj kaajil Jo’ ,05/10/2023,"Ti’al u ts’atáanata’al u toj óolal ko’olel Jo’e’, u ayuntamientoil kaaje’ táan xan u táakmuk’tik ba’ax táan u beeta’al ti’al u yila’al ma’ u tsa’ayal u ts’unusil iim, wa kaanser de maamáa. Le beetike’, táan u beetik jump’éel nu’ukbesaj xma’ bo’olil, tu’ux táan u beeta’al maastografiasil, yéetel uláak’ ba’alo’ob ti’ u múuch’kajtalilo’ob u kaajil Jo’, yéetel u bak’pachilo’ob.  Meyaje’ táan u taal u beeta’al tumen u mola’ayil Dirección de Salud y Bienestar Social, yéetel ichil ba’ax u jeel ba’ax táan u beeta’ale’, ti’ yaan u kóonsultail yéetel ultrasonido jíinekolojikóo, óodontolojia, síikolojia yéetel nutrisyóon, ti’al u séeb ts’atáanta’al k’oja’ano’ob. Ts’o’oke’ tuláakal le je’elo’obo’, xma’ bo’olil u beeta’al.U jo’olpóopil u noj kaajil Jo’, Renán Barrera tu ya’alaje’, u ts’unusil iim ku tsa’ayal ti’ ko’olele’, leti’e’ ba’ax asab ya’ab u kíinsik, le beetike’ k’a’anan u péektsilta’al najmal u kaláantikubáaj manats’ ti’al u séeb ila’al wa tumen tu tsa’ayal ti’ máak. 
Beey túuno’, u kúuchil u beeta’al máasatografiae’ je’eb le 3 ti’ octubre máaniko’, yéetel yaan u p’aátal tak 31 ti’ octubre. Ti’ ts’a’aban Plaza Grande ti’al u ts’atáanta’al xma’ bo’olil tuláakal ko’olel bin u k’áatej.Beyxan, tu ya’alaje’, yaan xan u béeytal u k’áata’al le estudioso’ tu kúuchil Centro de Atención Médica a la Mujer (CAMM) yaan yóok’ol u bejil 88-A número 311-D, ichil 141 yéetel 143, Emiliano Zapata Sur II.Máax jo’olbesik u mola’ayil Salud y Bienestar Social, Ildefonso Machado Domínguez, tu ya’alaje’, ti’al u béeytal u k’áata’al jump’éel estudioe’ k’a’abéet táant u yichkíil ko’olel kéen xi’ik yéetel ma’ unaj yaan u íimplantesi’, mix xan u ts’áamaj u taalkoi’, u ki’i bokil mix déesodorante. Uláak’ ba’ale’, maas ma’alob wa u búukintmaj bluusa, faldaa wa páantaloon. 
Ti’al máaxo’ob kun bino’ob CAMMe’, unaj u yáax k’áatiko’ob siitáa tu numeroil 9994296653.
"
"U chokojtal yóok’ol kaab, nojoch sajbe’entsil ti’al anfibios, ku ya’alik xaak’al beeta’ab",05/10/2023,"Le bix táan u bin u k’éexel lu’um ichil tuláakal yóok’ol kaabe’, yaan ba’al u yil yéetel u ch’éejel xan anfibios, beey a’alab ti’ xaak’al jts’a’ab k’ajóoltbil tu pikil ju’unil Nature.Ba’alche’ob je’el bix muucho’ob yéetel kaano’ob, ichil uláak’o’ob jets’a’an beey de síis u k’íik’elo’obe’, ku béeytal u kuxtalo’ob ich ja’ ba’ale’ beyxan ti’ lu’um, ba’ale’ jach séeba’an u yu’ubiko’ob k’eexilo’ob ku yantal ti’ yóok’ol kaab, tumen mina’an u k’u’uk’melo’ob, mix tso’otso’ob wa eskaamáas ti’al u yáax k’a’amal ba’ax ku yu’ubiko’ob.  
Sáalamdras yéetel trituruse’ leti’e’ ba’alche’ob maas toopolo’ob tu yóok’lal, ts’o’okole’ u jach sajbe’entsile’ ti’al ba’alche’ob kaja’an tu petenilo’ob Caribe, Mesoamérica, yéetel tu’ux ku beetik ooxol tu k’áaxil Andes, Madagascar yéetel Sri Lanka, ichil uláak’ lu’umo’ob.Tu jach táaj ku beetik ooxol, yaan ba’al u yil yéetel u k’éexel yóok’ol kaabe’, le jaatsil ba’alche’obo’ séeba’an u lúubul u yóolo’ob, ts’o’oke’ p’áat mina’an úumedad k’a’abéet ti’al u ts’áak u mejenil. “Yaan k’iine’ ya’abach ti’ le k’eexilo’obo’ jach séeba’an u yúuchulo’ob, le beetik ma’ tu yantal mix u k’iinil u na’ata’al tumen le ba’alche’obo’”, tu ya’alaj Kelsey Neam, máax táaka’an tu múuch’il Grupo de Especialistas en Anfibios de la Comisión para la Supervivencia de las Especies de Unión Internacional para la Conservación en la Naturaleza (IUCN).
"
Óoxtúul sientifikóos ku k’amik u Nobelil Química yóok’lal u xaak’alil nanopartikuláas,05/10/2023,"Ti’ Bawendi, Brus yéetel Ekimov kun ts’a’abil le noj chíimpolalilo’ tumen yaan túumben ba’alo’ob tu kaxto’ob yook’lal puntóos kuantikóos; walkila’ le je’elo’ ku k’a’abéetkunsa’al ti’al u sáasilkúunsa’al u móonitoresil komputadoráas beyxan u páantayasil cha’an yéetel QLED, ichil uláak’ ba’alo’ob. 
"
"Kex mina’an u ts’o’omel u poole’, yaan juntúul u medusail Caribe ku béeytal u kanik péek",06/10/2023,"Xma’ ts’o’omel pool, ts’o’oke’ u nojochile’ chéen p’el u chukik jump’éel sentimeetróo. U k’aaba’e’ cubomedusa, ts’o’oke’ ku béeytal u k’a’abéetkunsik u paakat yéetel sensoorées ti’al u p’itik ba’alo’ob, beyxan ti’al u kaambal je’el bix u bin u yúuchul ba’alo’ob ti’; lela’ jump’éel ba’al ma’ ojéela’an ba’axten wa bix u béeyta’ali’.
Tripedalia cystophora, u sientifikoil k’aaba’, ts’o’oke’ ich káastelan t’aane’ k’ajóolta’an beey medusa del Caribe. Leti’e’ p’aayach u wíinkilal, beey chan kuuboe’ (le beetik k’ajóolta’an xan beey cubozoo), ts’o’oke’ u mejen k’abo’obe’ yaan u benenoil sajbe’entsil ti’ wíinik. Medusa je’el bix le je’ela’ chíika’an jach ma’alob ti’al u máan ich ja’ kex tumen tu jach wo’oltikubáaj, yéetel kex jach k’a’ak’al u beel yéetel u moots chakte’ob.
Chéen jan tukultbile’, yaan ya’abach ba’al ma’ tu jáan na’ata’al yóok’lal ba’alche’, tumen chéen p’el yaan ti’ jump’éel jaytsiléen ts’u’uts’uk yáal bak’pachik u wíinkilal, ba’ale’ ku béeytal u kaambal tumen yaan ba’ax chíika’an ti’ uláak’ ba’alche’ob yéetel u láak’mubáaj: kamp’éel sensoorées yéetel le ku béeytal u nu’uktik u wíinkilal.  
Ropalio u k’aaba’ lalaj sensoro’ob yéetel yaan ka’ap’éel u yich de beey leentee’, ts’o’oke’ chúumuke’ ti’ ku láaj na’atik ba’ax ku yilik.Ti’ lalaj u ropalioilo’ob Tripedalia cystophora yaan kex mil neuroonáas, ka’alikil chan xya’axkach Drosophila yaan kex 200 mil neuroonáas.
Xaak’al beeta’an tumen Jan Bielecki, ti’ u noj najil xook Universidad de Kiel, yéetel Anders Garm, ti’ u noj najil xook Universidad de Copenhague, ku chíikebsik ba’alche’ ku beetik ba’ax k’ajóolta’an beey condicionamiento operante, lela’ na’at ku káajal u yantal tu’ux ku béeytal u tuklik ba’ax je’el u yúuchule’.
Ajxak’al xooko’obe’ tu ya’alo’obe’, cubomedusae’ ku kanik u p’is beyka’aj na’ach yanik ti’ wa ba’ax, ts’o’oke’ lelo’ ku béeykunsik ikil u nupik ba’ax ku yilik yéetel ba’ax ku k’amik kéen kóojok wa tu’ux. Ti’al u yojéelta’ale’, ajxak’al xooko’obe’, tu ts’áajo’ob medusáa ichil jump’éel chan wóolis nu’ukul chuup yéetel ja’, tu’ux jts’a’ab ba’alo’ob óoli’ je’el bix mootso’obe’. Ba’alche’ tu kanaj u séeb péek ichil le nu’ukulo’, kex tumen chan talam u yila’al moots’o’ob, tu jo’oloj u yáax k’olkubáajo’ob te’e pak’o’obo’.
"
"Tsuutsuy, ku jach ila’al ti’ maaya kaajo’ob",06/10/2023,"U sientifikoil k’aaba’e’ Leptotila verreauxi. Juntúul ch’íich’ ku yila’al óoli’ ti’ tuláakal u petenil Yucatán, ba’ale’ te’e lu’umo’ yaan u jejeláasil úukumo’ob. 
Ch’íich’e’ ku yila’al ichil tuláakal Pacífico, centroamérica yéetel sudamérica. 
Suuka’an u kíinsa’al ti’al u jaanta’al, ba’ale’ ti’al finadose’ ma’ bin tu beeta’al tumen ku tukulta’al piixano’obe’ je’el u taalo’ob yéetel u k’aayo’obe’. 
Le chan ch’íich’a’ ku jaantik i’inajo’ob, u yich che’ob, yéetel jaytúul u mejen ik’elo’ob k’áax. Ku nojochtal kex 29 cms. K’as chak-koob u k’u’uk’mel, ba’ale’ tu’ux yaan u chan jobnele’ ku k’as saktal. Je’el u k’uchul kuxtal tak ichil 5 tak 7 ja’aobo’obe’.
Ichil tuláakal u kuxtale’ chéen juntúul u núup ku yantal ti’, yéetel kéen síijko’obe’ mina’an u k’u’uk’mel tumen jujump’íitil u yantal ti’. Ts’o’ok u kanik kuxtal naats’ ti’ noj kaajo’ob, ba’ale’ leti’e’ ku yila’al xan tu’ux yaan k’áax. 
"
Yaan u beeta’al múuch’tambal Espita ti’al u ye’esa’al ki’iki’ janalo’ob,09/10/2023,"U múuch’kabil Embajadores Gourmet keets’el tu lu’umil Yucatán, yaan u beetik tuka’atéen u múuch’il Congreso Gastronómico Internacional de Embajadores Gourmet tu kaajil Espita, chíimpolta’an beey Pueblo Mágico, tu k’iinilo’ob 31 ti’ octubre tak 2 ti’ noviembre.Meyaje’ yaan u beeta’al tu kúuchil Los Morales, yéetel yaan u táakpajal kex 25 u túul chefs taaljano’ob ti’ jejeláas lu’umo’ob je’el bix Perú, Colombia, Chile yéetel Estados Unidos. Beyxan yaan u yantalo’ob uláak’ mexicoilo’ob ku taalo’ob ti’ u péetlu’umilo’ob Baja California, Chihuahua, Coahuila, Quintana Roo yéetel Ciudad de México. Múuch’tambale’ xma’ bo’olil yéetel je’el u béeytal u bin je’el máaxake’.
"
Yaan u xak’alta’al bix u k’éexel ionosfera ka’alikil táan chi’ibil k’iin le 14 ti’ octubre ku taala’ ,09/10/2023,"NASAe’ yaan u túuxtik óoxp’éel koetéesil sondeo tak ionosfera ka’alikil táan u chi’ibil k’iin le 14 ti’ octubre ku taala’, ti’al u béeytal u xak’altik bix u jelpajal ba’al ti’ áatmoosfera superior kéen p’íitchajak u sáasil k’iin.U k’aaba’ meyaje’ jets’a’ab beey Perturbaciones atmosféricas alrededor de la trayectoria del eclipse wa APEP, ts’o’oke’ jo’olbesa’an tumen Aroh Barjatya, máax ku meyaj tu noj najil xook Universidad Aeronáutica Embry-Riddle. U chi’ibil k’iine’ yaan u chíikpajal tu chik’inil Estados Unidos, beyxan yaan tu’ux ti’ América Central yéetel América del Sur.Tu ka’analil 75 kiloometrose’, iik’e’ ku súutul elektrikóo. Le beetike’, k’aaba’inta’an beey ionosfera tumen te’elo’, le ba’ax k’ajóolta’an beey kóomponente ultravioleta ku jóok’ol ti’ le sáasilo’ ku jóok’sik u elektroonesil aatomóos ti’al u béeytal u beetik ya’abach iones yéetel elektroones ku ka’antalo’ob. U muuk’ K’iin túune’, ku p’atik jumpáayil le mejen ba’alo’ob ku paklan kóolkubáajo’ob bul k’iin. Ba’ale’, je’el bix u bin u yéemel K’iine’, ya’abach ti’ leti’obe’ ku ka’a xa’ak’tikubáajo’ob ti’al u súutul aatomóos neutróos ka’alikil oka’an áak’ab, ts’o’oke’ ku ka’a jatskubáajo’ob kéen jóok’ok k’iin.
"
Diciembre kun je’ebil u bejil Tren Maya Palenque-Cancún: AMLO ti’ xíimbal meyajil,09/10/2023,"Je’el bix ts’o’ok u suukbesike’, Jala’ache’ k’uch jayp’éel k’iino’ob tu péetlu’umil Quintana Roo, Kaanpech yéetel Yucatán ti’al u jach ilik bix táan u bin u meyajilo’ob le nukuch ba’alo’; beey túuno’, tu táane’ u jo’olpóopilo’ob petene’ tu k’a’aytajo’ob tuka’atéen ba’ax utsil ku taal tu yóok’lal, ka’alikil Obradore’ tu ya’alaje’ kex 50 ja’abo’ob tak 100 kun líik’il u muuk’ le baantaila’.
"
"OMSe’ táan u ya’alik ma’alob ka yanak u yáax báakunail deengue, tumen tu piimtal u pa’ak’al Latinoamérica",10/10/2023,"U mola’ayil Organización Mundial de la Salud (OMS) táan u ya’alike’ ma’alob u yáax báakunail deengue, meyajta’an tumen japonesail mola’ay Takeda, tu k’iinilo’ob jach táan u bin u ya’abtal u pa’ak’al le k’oja’anila’, ti’ lu’umo’ob je’el bix Latinoamérica, ikil táan u k’éexel u chokolil yóok’ol kaab, ichil uláak’ ba’alo’ob.U kuadribaleente báakunail TAK-003, mootschaja’an ti’ biirus ma’ jach mu’uk’a’an yéetel tsa’aysik deengue, ts’o’oke’ ku ya’alale’ no’ojan ti’al paalal yaan ichil wakp’éel tak 16 u ja’abil, ti’ kaajo’ob tu’ux ts’o’ok u jach piimtal le k’oja’anila’, beey úuchik u k’a’aytal tumen máax jo’olbesik OMS, Tedros Adhanom Ghebreyesus.Walkila’, ts’o’ok u ye’esa’al u no’ojanil le ts’aak túunta’an ichil máako’ob yaan u ja’abil ichil 4 tak 16, tu lu’umilo’ob Asia yéetel Latinoamérica, beey tsola’ab tumen xfinlandesail xaak’al xook Hanna Nohynek, máax jo’olbesik máaxo’ob tsolnu’uktik OMS ti’ ba’axob yaan ba’al u yil yéetel íinmunisaasyoon, yeetel máax tu much’ajubáaj tu kaajil Ginebra ti’al u tsikbalta’al jejeláas bix je’el u béeytal u ts’a’abal báakuna ti’ kaajo’ob.K’aaba’inta’an Qdenga. U báakunail TAK-003 ma’ úuch ku éejenta’al u k’a’abéetkunsa’al Europa, Reino Unido, Brasil, Argentina, Indonesia yéetel Tailandia, ichil uláak’o’ob. 
Ikil táan u chokojtal yóok’ol kaabe’, u jejeláasil k’oxol aedes, le ku pak’ik deengue yéetel u jeel k’oja’nao’obe’, ts’o’ok u kanik kuxtal tak yóok’ol jayp’éel meetros tu yóok’kabil k’áak’náab yéetel uláak’ tu’ux ma’ suuk u kuxtal ka’achili’, le beetik ku p’áatal ich sajbe’entsil kajnáalo’ob yaan te’e wiitso’obo’ yéetel tu’ux teempladóo u máan k’iin, tumen ka’ache’ tumen beey u máan k’iino’, ma’ tu jach k’uchul le pak’be’en k’oja’anilo’oba’. Tu jats k’iinil beraanoe’, a’alab ti’ europeoil noj lu’umo’ob tumen OMSe’ ka bin u kaláantubáajo’ob ti’ deengue je’el u jach pa’ak’ale’, tumen ooxol táan u beetike’, maas ku xáantal ts’o’oke’ maas táan u yu’ubal.Nohyneke’ tu ya’alaj múuch’ táan u tsolxikintik te’e OMSo’ “ku ya’alik ka tukulta’ak je’el u béeytal u k’a’abéetkunsa’al báakunáa ti’ kaajo’ob tu’ux piim yanik u k’oja’anil deengue yéetel tu’ux séeba’an u pa’ak’al”.  Ts’o’oke’ yóok’lal u ja’abil máax ti’ je’el u béeytal u ts’a’abale’, a’alab noj lu’umo’obe’ unaj u xak’alta’al wa tu paalil, wa tu táankelemil máak ku asab talamtal u tsa’ayal, ti’al u káajal u ts’a’abal.
"
Je’ek’ab joolnaj ti’ uláak’ e’esajil tu kúuchil Templo Mayor,10/10/2023,"U ye’esajil Insignias de los dioses. La madera en el Templo Mayor ku béeytal u cha’anta’al walkila’, ti’ kúuchil yaan tu k’íiwikil u noj kaajil Ciudad de México, yóok’ol u bejil Seminario 8. Te’elo’ yaan u béeytalu cha’antal kex 150 u p’éel úuchben nu’ukulo’ob meyajta’an ti’ che’ yéetel le chíikbesa’an úuchben chíikulalo’ob k’a’antako’ob. Le je’ela’ yaan u béeytal u cha’antal tak 28 ti’ enero ti’ u ja’abil 2024, tu k’iinilo’ob martes tak domingo. Ti’al u béeytal u yokol máake’, unaj u bo’ota’al 90 pesos, ts’o’oke’ tu k’iinilo’ob domingoe’ xma’ bo’olil ti’al jmexikoilo’ob.
"
U Nobelil Economíae’ u ti’al Claudia Goldin yóok’lal u xaak’alil ko’olel u beetmaj ,10/10/2023,"X-estadunidensee’ ts’o’ok u much’ik yéetel u xak’altik daatos meyajta’an ti’ maanal 200 ja’abo’ob tu lu’umil Estados Unidos, “ts’o’oke’ yóok’lale’ béeychaj u ye’esa’al bixij yéetel ba’axten yaan u jela’anil u bo’otal xiib tu táan ko’olel, yéetel bix ts’o’ok u k’éexel le jaytúul máax ti’ ku ts’a’abal meyaj ichil u máan k’iin”, le beetik jts’a’ab ti’ le chíimpolalo’.
"
Maas táanil úuchik kóoj wíinik Norteamérica; ma’ je’ex yáax tukulta’abi',11/10/2023,"Wíiniko’obe’ maas táanil úuchik u máano’ob Norteamérica, beey chíikpaj úuchik u beeta’al túumben xaak’al xook beeta’ab ti’ pe’echak’o’ob úuch wojchajak tu kúuchil Parque Nacional de White Sands, tu noj kaajil Nuevo México, tu’ux k’a’abéetkunsa’ab ka’ap’éel meetodóos ti’al u béeytal u je’ets’el u yúuchbenil wa ba’ax.Pe’echak’o’obe’ yaan ichil 21 mil tak 23 mil ja’abo’ob u yúuchbenil; lelo’ béeychaj u jets’a’al yéetel u teeknikasil je’ets’el u k’iinil ka’aj yanchaji, beeta’an yéetel radiokarboonóo beyxan lúuminiseensyáa optikaamente estimuladáa, a’alab tumen ajxak’al xooko’ob. Beey túuno’, yéetel le je’elo’, ku béeytal u je’ets’ele’, u jejeláasil wíinik Homo sapiens, ts’o’okili’ u jéets’el Norteamérica ka’alikil ma’ jach uts yanik ba’al ti’al u kuxtal máak te’elo’, tu ts’ook jaats k’iinilo’ob Edad de Hielo.
"
Kaxta’ab tu noj lu’umil África kaajo’ob ku tukulta’al ka’ach ts’o’ok u ch’éejelo’ob,11/10/2023,"Úuchben kaajo’ob yano’ob ka’ach ti’ angoleñail lu’um, tu saamil Namibe’, ku chíikbesiko’ob jeenetikóo ch’i’ibal oka’an tu taamil úuchben múuch’ kaajo’ob tu lu’umil África. Te’e noj lu’uma’ yanchaj wíiniko’ob kuxa’an te’e k’inako’oba’, ts’o’oke’ leti’e’ kóontinente tu’ux asab ya’abu jejeláasil jenetikáa yaan. Kex tumen jaaj u xaak’alilo’ob úuchben ADN táan u ye’esik jayp’éel ba’alo’ob yóok’lal bix líik’a’anil u jenetikaail África ma’ili’ káajak u beetik wíinik u yo’ochi’, ba’ale’ le ba’axo’ob yaan ba’al u yil yéetel bix úuchik u xa’aypajal jenetikóo materiale’ ts’o’ok u p’íitkunsik ba’ax béeychaj u yojéelta’al yéetel úuchben ADNi’.U ajxak’al xookilo’ob jump’éel TwinLabe’ luso-angolése’, u k’áat u kaxto’ob je’el ba’axak chíikul ti’ túumben kaajo’ob yaan walkila’, le beetike’ péeknajo’ob kaaxan tu angoleñoil saamil Namib, jump’éel náach kaaj tu’ux yaan u jejeláasil ch’i’ibalo’ob. Ba’ax kaxta’abe’ jts’a’ab k’ajóoltbil tu pikil ju’unil Science Advances.
"
Kóoj Lidia tu jáal ja’il Las Peñitas; jatsa’an beey chak ik’al 4 ,11/10/2023,"Jala’ach Andres Manuel López Obradore’, tu páayt’anaj kajnáalo’ob yaan tu jáalik kaajo’ob ichil Nayarut yéetel Jalisco, ti’al u jach kaláantikubáajo’ob úuchik u yokol u k’a’amkach iik’il le cháako’. Tu yáak’abil martese’, éem u muuk’il tak 2.
"
"U meyaj paalale’ ku chukik kex 3.7 miyoones u túulal, ku ya’alik xaak’al beeta’ab tumen Inegi",12/10/2023,"Clara ZepedaChéen tumen u k’áato’ob wa chéen ti’al u yáantajo’ob, ti’al u bo’otik u xooko’ob wa ti’al u chan yantal u taak’ino’obe’, je’el bix xan ti’al u kaambalo’ob wa tumen tu yotoch k’a’abéet u meyaje’, leti’e’ ba’axten ojéela’an ku meyaj juntúul paal, ichil lalaj lajun yaan, tu noj lu’umil México, kex tumen meyajo’ob ma’ unaj u beetiko’obi’, ts’o’oke’ na’ata’an beey empleo infantil, tu ja’abil 2022.
Ichil ba’ax chíikpaj tu xookil Encuesta Nacional de Trabajo Infantil (ENTI) 2022, tu noj lu’umil Méxicoe’ yanchaj  3.7 miyoonesil paalal yéetel táankelemo’ob yaan u ja’abil ichil jo’op’éel tak 17, máaxo’ob meyajnajo’ob (kex tumen ma’ unaj u beetiko’obi’, yéetel je’el u beetik k’aas ti’ bix unaj u líik’il juntúul paal); 12.1 por siento maanal ti’ le beyka’aj yanchaj tu ja’abil 2019 (tumen 3.3 miyoones ka’achij), tumen óoli’ suunaj je’el bix yanik ka’ach tu ja’abil 2015, ka’aj náak 3.5 miyoones.
Le 3.7 miyoonesil paalal meyajnaje’, tu chíikbesajo’ob u taasail 13.1 por siento ti’ kaaj yaan le beyka’aj ja’abilo’, ichil tuláakal u noj lu’umil México (28.4 miyoones). Le buka’ajo’, ka’anchaj 1.7 puntos porcentuales ti’ le beyka’aj yanchaj 2019. U taasail xch’úupalale’ k’uch 10.7 por siento, ts’o’oke’ xi’ipalale’, jnáak 15.5 por siento.
ENTIe’, meyajta’ab tumen Instituto Nacional de Estadística y Geografía (Inegi), ts’o’oke’ tu ya’alaje’, kex 1.8 miyoonesil (6.4 por siento) tu meyajto’ob ba’alo’ob ma’ cha’aba’ani’; 1.6 (5.6 por siento) chéen meyaj ichnaj kex ma’ no’oja’an yanik ba’al ti’al u beetiko’obi’, yéetel 318 mile’ tu xa’ak’to’ob meyaj ma’ cha’abani’ yéetel u meyajil ichnaj kex ma’ no’ojani’ (1.1 por siento).
Ichil péetlu’umo’ob tu’ux yaan u ka’anal taasasil tu’ux ku meyaj paale’, ti’ yaan Guerrero, tu’ux tu chukaj 24.5 por siento; Chiapas, 20.8, yéetel Nayarite’, 19.1. Ichil le tu’ux maas ma’ jach táaj ya’ab chíikpaje’ ti’ yaan: Ciudad de México, 4 por siento; Coahuila, 6.4, yéetel Baja California, 6.5.
"
Yáax juntéen chúukbesa’ab u ARNil juntúul ba’alche’ ts’o’ok u p’áatal mina’an mix juntúul ti’ yóok’ol kaabi’ ,12/10/2023,"Te’e k’iino’oba’, béeychaj u tso’olol u transcriptomail u yoot’el yéetel u k’áanil u éeskeletikóo muuk’il juntúul u ba’alche’il tigre de Tasmania, tijikúunsa’ab walkil 130 ja’abo’ob paachil.
Ba’alche’ ts’aka’an tu beel tumen oksa’an ich jump’éel síis kúuchil yaan Museo Sueco de Historia Natural, ti’ u kaajil Estocolmo. Le beetike’, béeychaj u xak’alta’al ti’al u yojéelta’al bix yanik u jenetiikail, ti’al u taal ilbile’ jach óole’ je’ex u ti’al máarsupiales ku yantalo’ob te’e k’iino’oba’. 
Tigre de Tasmaniae’, k’ajóolta’an xan beey tilacino. Juntúul máarsupial suukchaj u jaantik bak’, k’i’itpaj ti’ australianoil lu’um, yéetel tu petenil Tasmania.
Le ba’alche’a’ ch’éej ka’aj k’uch europeoilo’ob kajtal te’elo’, tumen a’alabe’ jach ku máano’ob u mult paak’áalo’ob, le beetik ti’al u ja’abil 1888e’, jets’a’ab u bo’ota’al jump’éel libráa ti’ máax bíin u kíins juntúul ti’ le je’elo’obo’. U ts’ook tigreil Tasmaniae’ ojéelta’ab yanchaje’, kíim ka’ach tu kaláanta’al tu ja’abil1936, tu kúuchil Zoológico Beaumaris, tu kaajil Hobart, Tasmania. 
Ba’ax mola’ab ti’ u yoot’ele’, béeychaj u ye’esik u ARNil u muuk’il le ba’alche’o’, yéetel beychaj u ts’íibta’al jeenes ma’ k’ajóolta’an ka’ach ti’ u ARNil ribosómicoil yéetel ti’ microARNil. 
"
Yóok’lal xaak’ale’ tu yila’ale’ ich áasteroide Bennue’ yaan karboono yéetel ja’,12/10/2023,"Xéexet’ajo’ob mola’abe’, yaan kex 4 mil 500 miyoonesil ja’abo’ob u yúuchbenil, ts’o’oke’ ila’abe’ yaan ba’axo’ob k’a’abéet ti’al kuxtal, le beetike’ ku mu’uk’anchajal tuukul a’alike’ le ba’ax yaan Yóok’ol Kaabe’ pak’a’ab ti’ uláak’ noj ka’anilo’ob.
"
Me’ex wa púuts’kay,13/10/2023,"Ich káastelan t’aane’ k’ajóolta’an beey cangrejo herradura wa cacerola de mar. Juntúul úuchben ba’alche’ ts’o’ok u suukta’al u kíinsa’al te’e k’iino’oba’, tumen ku ch’a’aba’al u ch’ooj k’i’ik’el ti’al u beeta’al ts’aako’ob, beey tsikbalta’ab tumen jbiologóo Cristóbal Carrión. Tu tsikbaltaje’, juntúul k’a’anan ba’alche’ suuka’an u kóojol tu jáal ja’ilo’ob Quintana Roo, tu petenil Holbox, ba’ale’ beyxan yaan tu’ux ti’ Yucatán.
Leti’e’ tu ya’alaje’, jach chéen leti’e’ ba’alche’ ch’ooj u k’i’ik’el. U sientifikoil k’aaba’e’, Limulus polyphemus, yéetele’ ku tso’olol tu’ux kaja’an; limo lu’um, ts’o’oke’ ti’ xan ku mukikubáaj. Uláak’ jump’éel t’aane’, polyphemus ku chíikbesik juntúul úuchebn griegoil máak ku tsikbalta’al ka’achij, Polifemo, juntúul siklopée jach k’ajóolta’ab tumen u yuume’ Poseidón yéetel u na’e’ Ninfa Toosa.
Ku ya’alale’, ba’alche’e ts’o’ok u kuxtal way yóok’ol kaabe’ kex walkil 475 miyoonesil ja’abo’ob, maas jach úuchbentako’ob ti’ díinosaurios kuxlajo’ob walkil 65 miyoonesil ja’abo’ob. 
U wíinkilal ba’alche’ ma’ jach k’éexei’, tumen ka’ach tu jats k’iinil mesozoico, tu béeyilii’ je’el bix u yila’al beora’, le beetik ts’o’ok u kanik kuxtal.Ku chowaktal tak 60 cm yéetel u kóochile’ kex 30 cm, yéetel suuk u jaantik mejen kayo’ob, xíiwo’ob yéetel moluuskóos. 
"
"Máaktsile’ ku jelbesik ba’ax ku beetik ba’alche’ob, ba’ale’ láayli’ najmal u beeta’al xaak’alo’ob yóok’lal: UNAM",13/10/2023,"Chi’ibilo’o k’iin ku yila’al Yóok’ol Kaabe’, ku beetik u k’éexel ba’ax ku beeta’al tumen jejeláas ba’alche’ob, ba’ale’ ma’ jach beeta’ak xaak’alo’ob yóok’lal ti’al u béeytal u tso’olol ba’axten ku yúuchul, a’ala’ab tumen UNAM.
U yéek’jolch’e’ental k’iine’ ku beetik u ch’éenel u beeta’al ba’ax suuka’an u beetik kaax, ts’o’oke’ ku líik’sikubáajo’ob ti’al u na’akal wenel; kóokayo’obe’ ku káajal u jojopáankil kex chúumuk k’iin; xooch’e’ ku k’aay; jmáase’ ku k’aay kex ma’ áak’abi’, ts’o’oke’ tak k’oxol ku líik’ilo’ob ti’ xíiw tu’ux t’uchukbal ti’al u máan chi’ibal, ichil uláak’ ba’alche’ob. Chéen ba’axe’ sientifiko xaak’alo’ob beeta’ane’ ma’ jach k’uchuk yiknal ba’alche’obi’, tumen maases ku beeta’al ti’al u yojéelta’al ba’ax ku yúuchul ka’an.
Ts’o’okole’, xaak’ale’ talam u beeta’al, tumen u yúuchul máaktsile’ ma’ tu jach xáantal, ts’o’oke’ jach náach k’iin u yúuchul, le beetik ma’ xan tu béeytal u ka’a xak’alta’al yéetel le miismóo ba’alche’obo’.
“Le ba’alob je’elo’, ma’ tu cha’ak kbeetik uláak’ kóondisyoones je’el bix kéen yanak máaktsil, mix xan tu béeytal u t’u’ulpachta’al le miismo ba’alche’obo’, mix xan ti’ jump’éelili’ kúuchili’”, tu tsolaj Ron Fernández, jneuroetologóo yéetel póosdoktorante ti’ u noj najil xook  Facultad de Ciencias (FC) te’e UNAMo’. 
U jelpajal ba’ax ku beetik ba’alche’e’ yaan ba’al u yil yéetel bix u nu’uktiko’ob ba’al yéetel K’iin, wa yéetel éek’jolch’e’enil, ts’o’oke’ kéen jelpajake’, ku k’as sa’atalo’ob.
Ron Fernández tu ya’alaje’, jach ma’ ya’ab xaak’alo’ob beeta’an yóok’lal k’eexilo’ob e’esik ba’alche’ kéen yanak máaktsil, ts’o’oke’ ma’ tu chúukpajal ti’al u núuka’al ba’ax ma’ sáasil yanik yóok’lal.
Ti’al máax u k’áat u ya’al je’el ba’axak bíin u yil le 14 ti’ octubre ku náats’ala’, Ron Fernándeze’ tu je’ek’abtaj u kúuchil soundsinthedarkness.org/ ti’al u na’aksa’al je’el ba’axak kun ilbil, ku u’uybil wa ku yojéeltbil ku beetik ba’alche’ ka’alikil táan.  
U tuukulile’ ka múul meyajta’ak yéetel wíinik ba’ax ku yila’al, ti’al u na’ata’al ba’axten ku jelbesik ba’ax ku beetik ba’alche’ob kéen áak’abchajak. 
"
U lu’umil Méxicoe’ yaan u káajsik u ts’áak u báakunail Covid-19 yéetel influenza,16/10/2023,"U jala’achil u noj lu’umil Méxicoe’ yaan u káajsik, bejla’a lunese’, u ts’áak u báakunail Covid-19 yéetel influenza estacional, ti’al u béeytale’ yaan u k’a’abéetkunsik maanal  54,6 miyoonesil doosis ti’al máaxo’ob ku tukulta’an táaka’an ichil múuch’o’ob najmal u táanilkunsa’alo’ob.
“U tuukulile’, leti’e’ ka béeyak u ts’a’abal 54.6 miyoonesil doosis; ti’ le je’elo’obo’, 35,2 miyoonese’ ti’al influenza yéetel 19,4 miyoonese’ ti’al SARS-CoV-2. Yéetel le je’ela’ táan u kaxta’al u p’íitkunsa’al u sajbe’entsil u yantal u yoksa’al máak tu najil ts’akyaj yéetel jaytúul máak ku kíimil yóok’lal le k’oja’anilo’oba’”; a’alab tumen u mola’ayil Secretaría de Salud (SSA) ti’ k’a’aytajil ts’íib. 
Mola’ayo’obe’ tu ya’alo’obe’ u báakunail ti’al influenzae’ ku kaláantik máak ti’ u jejeláasil k’oja’anil ku maas talamkúunsik u toj óolal wíinik: ka’ap’éel de tipo A yéetel ka’ap’éel de tipo B.
Ka’alikil túune’, ti’al Covid-19, yaan u ts’a’abal ti’ kaaj baakuna meyajta’ab tu lu’umil Cuba, Abdala, beyxan le meyajta’ab Rusia, Sputnik V, “tu ka’ap’éelile’ jets’a’an no’oja’antako’ob yéetel séeba’an u meyajo’ob ti’al u kaláantik kaajnáalo’ob, ts’o’oke’ ejéenta’an u k’a’abéetkunsa’al tumen u mola’ayil Comisión Federal para la Protección contra Riesgos Sanitarios (Cofepris)”, jets’a’ab tumen SSA.
Báakunase’ yaan u ts’a’abal ti’ máaxo’ob táaka’an ichi u jaatsil kaaj ku tukulta’al maas ma’ mu’uk’antaki’, je’el bix máaxo’ob ts’o’ok u chukik 60 u ja’abil, beyxan máaxo’ob ku meyaj tu mola’ayilo’ob toj óolal, ko’olel oka’an tu yáax óoxp’éel winalo’ob yo’omil, beyxan máaxo’ob yaan u ja’abil ichil 5 tak 59 ba’ale’ yaan xan u jeel k’oja’ano’ob beetik u p’áatal ich sajbe’entsil u toj óolalo’ob.  Ka’alikile’, máaxo’ob ichil 6 tak 59 u ja’abile’ chéen u baakunail influenza estacional kun ts’a’abil ti’ob.Ma’ seen úuche’, u jala’achil u noj lu’umil Méxicoe’ tu k’a’aytaj úuchik u manik maanal 10 miyoonesil báakunáas, kex ma’ tu ya’alaj máakalmáak u maarkail tu’ux u taal, ts’o’oke’ yaan u nupa’al ti’ le 9.3 miyoonesil doosis yaan u meyaj ti’al u k’iinilo’ob ke’el.
"
Táan u k’áata’al ka’ ka’a táakbesa’ak waaj ichil ba’ax unaj u yantal ti’ wíinik ti’al kuxtal,16/10/2023,"U múuch’kabil Consejo Nacional de la Tortilla (CNT) tu beetaj páayt’aan ti’al u k’áatik ti’ mexikoil jo’olpóopo’obe’ ka táakbesa’ak waaj tuka’atéech ichil ba’ax k’jaóolta’an beey kanastáa basikáa, ti’al u yila’al ma’ u jach na’aksa’al u tojol “xma’ p’iisili’”. Waaje’, ku jaantal ichil 98.6 por sientoil najo’ob yaan tu lu’umil México.“CNT táan u k’áatik ka táakbesa’ak tuka’atéen ichil a’ax unaj u yantal ti’ wíinik ti’al u yutsil kuxtal, tumen k’a’anan ti’al u tséentikubáaj tu beel kaaj, je’el bix k’áata’an tumen u mola’ayilo’ob jala’ach”, a’alab tuemn múuch’kabil.Tumen óoli’ tuláakal tu’ux ku jaanta’ale’, k’a’anan u beeta’al jejeláas meyajo’ob ti’al u na’ata’al tumen jala’acho’obe’, unaj u no’ojankúunsa’an bix u tséentikubáaj kaaj. 
“Táan k-k’áatik ka yanak u beeta’al meyajo’ob ti’al u yutsil tséentikubáaj kaaj, ba’ale’ ka jach ts’aatáanta’ak le yaan u yil yéetel waaj, tumen suuka’an u jach jaanta’al tumen mexikoilo’ob; ti’al u beeta’ale’ ku k’a’abéetkunsa’al jejeláas ba’alo’ob ku taasal ti’ uláak’ u péetlu’umilo’ob México, le beetik xane’ ku beetik uts ti’al máaxo’ob meyajtik juuch, waaj, kolnáalo’ob yéetel máaxo’ob k’i’itbesik”, tu ya’alaj.Le je’ela’ beey úuchik u ya’alal ikil táan u máan bejla’a 16 ti’ octubre u k’iinil Día Mundial de la Alimentación. “Jump’éel ba’ax unaj u beeta’al ti’al u na’ata’al beyka’aj k’a’anan waaj ti’al u tséentikubáaj máake’, leti’ ka béeyak u su’utul ichil kanastáa basikáa jets’a’an tumen u mola’ayil Secretaría de Agricultura y Desarrollo Rural, tumen wa ka beeta’ake’, yaan u ts’áak u páajtalil u ka yantal ich najo’ob, ts’o’oke’ ti’al u yila’al ma’ u seen na’akal u tojol”, tu ya’alaj Homero López García, a’alab tumen máax jo’olbesik CNT.Beey túuno’, CNT tu ya’alaje’ ku meyaj sáansamal ti’al u táakmuk’tik máaxo’ob meyajtik juuch’ yéetel waaj, ti’al u mu’uk’anchajal ba’ax ku meyajtiko’ob, beyxan ti’al u yila’al u yutsil tumen máaxo’ob jaantik tu noj lu’umil México.
"
Táan u nonojchajal líik’saj t’aano’ob tu táan kíinsajtáambal yaan Israel ,16/10/2023,"Te’e k’iino’oba’, ti’ ya’abach u noj kaajilo’ob yóok’ol kaabe’, píi’ta’ab palestinail paano’ob ti’al u ye’esa’al ku táakmuk’ta’al kaaj úuch káajak u péech’óolta’al tumen judíoil jala’ach; u jo’olpóopil EU, Joe Bidene’. tu ya’alaje’ u multa’al Gaza tumen Israele’ “ma’ patali’”. Ti’ oochele’ ku chíikpajal Bruselas, Bélgica.
"
Púlsarese’ ku beetik u leelem ba’ax k’ajóolta’an beey materia oscura: ajxak’al xooko’ob ,17/10/2023,"Junmúuch’ áastrofisikóose’ ts’o’ok u ye’esike’, wa tumen ba’ax k’ajóolta’an beey materyáa beeta’an yéetel axionese’, je’el u beetik u yantal kex uláak’ jump’íit sáasil ku taal ti’ pulsaante eek’o’ob.
Beey túuno’, ku ya’alale’, sáasil jóok’ol ti’ ba’ax k’ajóolta’an beey axionese’ -jump’éel chan súubatomikáa partikuláa ma’ béeyak u ye’esa’al wa jach jaaj ku yantale’- ku chíikpajal beey u oondasil radyóo, ba’ale’ le jump’íit sáasil je’elo’, chéen jun jaats ti’ tuláakal le beyka’aj sáasil ku k’uchul tak tu’ux yano’on to’on.  
K’a’anan u jach ojéelta’al tu beel bix je’el u yantal jump’éel púlsar xma’ axionesil, beyxan bix u yantal jump’éel púlsar yéetel axionesil ti’al u yila’al ba’ax u jela’anil, ti’al beyo’ u je’ets’el beey u p’iisil mateeryáa oskuráa.  
Le je’ela’, leti’e’ ba’ax meyajta’an tumen junmúuch’ fiisikóos yéetel astronomóos. Múul meyaj beeta’ab tumen u noj najilo’ob xook Princeton yéetel Amsterdame’, ts’o’ok u béeykunsik u jets’ik lu’um ti’al u na’ata’al bix u yantal ba’ax k’aaba’inta’an beey axiones, beyxan bix u púuts’ulo’ob ti’ gráabitasyoonail muuk’ kóoliko’ob ti’ u eek’il neutronées, yéetel bix u súutulo’ob ráadiasyoon de raadyo ma’ mu’uk’antaki’, kéen púuts’uk.  
Kéen ts’o’okoke’, ba’ax chíikpaj te’elo’, máansa’ab ti’ kóomputadoráa ti’al u béeytal u káajsa’al u beeta’al axiones tu bak’pachil púlsares, úuchik u k’a’abéetkunsa’al síimulasyoones yéetel u xookolilo’ob plaasmáa de ts’ook jeneraasyóon, yáax beeta’abo’ob ti’al u na’ata’al fisikáa ku yantal kéen jóok’sa’ak u oondasil raadyo tumen púlsares, beey ts’a’ab k’ajóoltbil tumen u noj najil xook Universidad de Amsterdam.
Tu jo’oloj beeta’ak púlsares birtuaalese’, máak’anta’ab ti’al u k’i’itbesa’al axiones yéetel u yáantajil kaampos magneetikóos ti’ u eek’il neutronées. Le je’elo’ tu ts’áaj u páajtalil u na’ata’al tumen ajxak’al xooko’obe’, beyka’aj ti’ le oondasil raadyos yanchaj tu ts’ook, beyxan u tukulta’al bix le je’ela’, je’el u beetik u yantal uláak’ u senyalil raadyo, jumpáay ti’ le ku yantal tumen le púlsaro’. 
Le ba’ax chíikpaje’, oksa’ab ti’ jump’éel yáax prueba. K’a’abéetkunsa’ab ba’ax ila’ab úuch yéetel 27 púlsares naats’tako’ob, ts’o’oke jke’et yéetel u oondasil radyo ila’ab yéetel le modeloso’, ti’al u yila’al wa yaan tu’ux jach píitmáan le beyka’aj yanchajo’, ti’al beyo’ u yila’al wa je’el u yantal wa ba’ax chíikbesik jaaj ku yantal axiones.
Ba’ale’, ba’ax ila’abe’ “ma’” beyi’, wa “ma’ béeytak u ye’esa’ali’”. 
"
"Walkila’, ch’éejsa’ab u meyaj 10 mil nu’ukulo’ob t’aan meyajnaj ti’al u yoksa’al saajkil ti’ kajnáalo’ob",17/10/2023,"U mola’ayil Secretaría de Seguridad y Protección Ciudadana (SSPC) yéetel Secretariado Ejecutivo del Sistema Nacional de Seguridad Pública (SESNSP), béeychaj u yojéeltike’ yaan kex 18 mil 900 u p’éel numeróos ti’al u yoksa’al saajkil ti’ máak. Lelo’ béeychaj u beetik tumen beeta’ab u tak poolil tu táan 089. Le beetike’, ch’éensa’ab u meyaj kex 9 mil 900 u p’éel telefonóos yéetel uláak’ kex 6 mil u táarjetasil SIM k’a’abéetkunsa’ab ti’al le k’aasil ba’ala’, ts’o’oke’ ojéelta’abe’ ti’ yano’ob ka’ach naats’ ti’ 90 u p’éel u kúuchilo’ob k’alab, beey jts’a’ab k’ajóoltbil tumen Clara Luz Flores Carrales.Ti’ tsikbal tu beetaj yéetel La Jornada, máax jo’olbesik SESNSP tu ya’alaje’ le je’ela’ jump’éel nu’ukbesaj táan u túunta’al. Káajsa’ab diciembre ti’ u ja’abil 2022, ba’ale’ ti’al u ts’o’okbal u winalil septiembree’ ts’o’okili’ u béeytal u yéensa’al le beyka’aj k’aasil ba’al ku beeta’al tumen máaxo’ob k’a’ala’an te’e péenitensiariaso’obo’.
"
Táakbesa’ab jo’op’éel túumben deportées ti’al Juegos Olímpicos Los Ángeles 2028,17/10/2023,"U múuch’kabil Comité Olímpico Internacional tu éejentaj ka oksa’ak flag football (óoli’ je’ex amerikaanóo futbool ba’ale’ p’isa’an u téenil u kóojol máak ti’ uláak’) squash, lacrosse, béisbol/softbol yéetel cricket.
"
AL yéetel Caribee’ tu chíikbesaj jach ya’abchaja’an xch’úupalal ma’ u chuk 15 u ja’abil ku yo’omchajal,18/10/2023,"Ichil ba’ax jts’a’ab k’ajóoltbil tumen Fondo de Población de las Naciones Unidas, chíikbesa’ab u lu’umil Latinoamérica yéetel Caribee “leti’e’ ka’ap’éel tu’ux maas jach táaj ya’ab xch’úupalal ku yantal u chaambal ma’ u chuk 15 u ja’abili’; ti’ lalaj 100 xch’úupalale’, ti’ jo’otúul yanchaj u chaambal tu ja’abil 2021”, a’alab tumen Movimiento Latinoamericano Son Niñas, No Madres.
Ich múuch’e’ táaka’an uláak’o’ob je’el bix Planned Parenthood Global, Centro de Derechos Reproductivos, Amnistía Internacional, Consorcio Latinoamericano contra el Aborto Inseguro yéetel Grupo de Información en Reproducción Elegida, ichil uláak’o’ob. Leeti’obe’ táan u beetiko’ob jump’éel nu’ukbesaj ku k’aaba’tik firmatón Son Niñas, No Madres, ti’al u yutsil máaxo’ob ku meyaj ti’al ka chíimpolta’ak u páajtalil xch’úupalal yaan América Latina yéetel Caribe.
Nu’ukbesaje’ táan u kaxtik u péeksik u yóol kaaj, yéetel jala’acho’ob ti’al u na’ata’al u k’a’ananil “u kaláanta’al xch’úupalal, yéetel ti’al u yila’al ka no’oja’an yanak servicios de salud sexual y reproductiva, tu’ux táaka’an xan u béeytal u xot’ik u yo’omilo’ob wa tumen beey u k’áato’ob, tumen táan u yila’ale’ jach tu ya’abtal paalal táan u yantal u chaambalo’ob ikil u seen loobilta’al xch’úupalal”.
Ts’o’oke’, tu lu’umilo’ob El Salvador, Haití, Honduras, Nicaragua, República Dominicana, Jamaica yéetel Suriname’ a’almajt’aan jets’a’ane’ ma’ tu cha’ik u xóot’ol u yo’omil ko’olel, ts’o’oke’ lelo’ láayli’ uláak’ bix u beeta’al u yantal u chaampal xch’úupalal”.  Beey túuno’, xookil beeta’an tumen Instituto Nacional de las Mujeres (Inmujeres) ku ya’alike’, tu noj lu’umil Méxicoe’ yaan kex 19 miyoonesil xch’úupalal yéetel xlóobayeno’ob ma’ u chuk 18 u ja’abil. Leti’obe’ ku ye’esiko’ob u 15 por sientoil tuláakal u kajnáalilo’ob México. Beyxan yaan 224 mil 454 táankelemo’ob yaan ichil 12 tak 17 u ja’abil ts’o’oka’an u beelo’ob, wa múul ka’an yéetel u núup; yéetel uláak’ 21 mil 167 u jatsmubáaj wa kimen u yíichamo’ob.  
Edición: Ana Ordaz
"
"''Unaj kna’atike’, ts’o’ok kmultik tu’ux ku yantalo’ob, ts’o’oke’ ma’ chéen to’on k’a’anano’oni’'': Rector Estrada Pinto",18/10/2023,"Óoxp’éel k’iin kun múuch’ul tsikbal ajxak’al xooko’ob, ajkaambalo’ob yéetel kaajnáalo’ob yóok’lal jejeláas ba’al yaan u yil yéetel ooch, ikil táan Primer Congreso Nacional de Marsupiales Americanos. Meyaje’ káajsa’ab le martes 17 ti’ octubre máanika, yéetel yaan u ts’o’okol tu k’iinil 19’, tu kúuchil Centro Cultural Universitario, ti’ u noj najil xook UADY.Yéetel meyaje’ táan u kaxta’al u tsikbalta’al yéetel u ye’esa’al ba’ax ojéela’an yóok’lal chan ba’alche’ ya’abach juntéenak séeba’an u kíiinsa’al, ba’ale’ leti’e’ k’a’anan ti’al kuxtal yaan yóok’ol kaab.
Jxak’al xook Hugo A. Ruiz Piña, juntúul ti’ máaxo’ob káajs xaak’al yóok’lal marsupiales tu petenil Yucatáne’, leti’ máax jo’olbesik u beeta’al le múuch’a’. Tu ya’alaje’, ma’ na’ata’ak u k’a’ananil ooch, ts’o’oke’ yéetel ba’ax táan u beeta’al te’e múuch’tambala’, leti’ u tso’olol ba’ax ojéela’an yóok’lal.“Ooche’ juntúul ba’alche’ tuláakal máak k-k’ajóolmajil, tuláakalo’on k-ilik, ba’ale’ ya’abach u kíinsa’al. Le bix u yila’ale’ míin ma’ patali’, ts’o’oke’ ma’ táan kchíimpoltik u k’a’ananil, tumen leti’ ts’áak u p’iis ik’elo’ob wa ba’alche’ob ku máano’ob muul. Le beetike’, múuch’tambale’ táan u beeta’al ti’al u yojéelta’al uláak’ ba’alo’ob tu yóok’lal yéetel ti’al u yojéeltik máak ba’ax kéen u beet kéen u yilej. K’a’abéet kna’atike’ ma’ chéen to’on kuxa’an wey lu’ume’, yéetel ma’ xan chéen to’on u jach k’a’ananil kuxtal”, tu ya’alaj Ruiz Piña.
"
Ti’ maaya lu’um ku yila’al u jach talamil ikil u tsa’ayal u ts’unusil iim tu péetlu’umil QRoo ,19/10/2023,"Tu baantail mayaa kaajo’ob tu péetlu’umil Quintana Roo, leti’e’ tu’ux ts’o’ok u yila’al yaan u jach talamil ichil máaxo’ob ku tsa’ayal u ts’unusil iim, beey úuchik u ya’alal tumen Frida Angélica Venegas Fabián, máax jo’olbesik u múuch’kabil Un Grano de Arena por Mujer, tu’ux ku yáanta’al ko’olel ti’al u séeb ilik yéetel u ts’aatáantik le k’oja’anila’.“To’one’ táan k-ilike’, kéen xi’iko’on te’e baantao’, ya’abach ko’olele’ ts’o’ok u k’uchul tu jach talamil le k’oja’anilo’, le beetik jach talam u béeytal k-áantiko’ob ti’al u líik’ilo’ob; to’one’ kbin kxíimbalto’ob, ktsikbal yéetelo’ob, ts’o’oke’ kéen k-il wa yaan máax k’oja’ane’ kmáansik yiknal u mola’ayilo’ob toj óolal”, tu tsolaj.
Tsikbal yéetel Venegas Fabián beeta’ab ka’aj ts’o’ok u tse’ek yóok’lal bix je’el u beetik máak ti’al u séeb ilik wa tsaayal u ts’unusil iim, tu kaajil Tulum, tumen bejla’a 19 ti’ octubre táan u máan Día Internacional de la Lucha contra el Cáncer de Mama.Ti’ tse’eke’ Ariadne Rincóne’ tu k’a’ajsaj u k’a’ananil u séeb na’ata’al wa tu tsa’ayal k’oja’anil, tumen wa ka beeta’ake’ je’el u yutstal tak 98% máax ti’ ku tsa’ayal. Ku ya’alale’, ma’alob ka káajs u xak’altik u yiim ko’olel kéen u chuk 20 u ja’abil. Unaj u beeta’al ukp’éel k’iino’ob ma’ili’ yéetel ts’o’okili’ u yéemel u k’oja’anil ko’olel.
Máax jo’olbesik u múuch’kabil Un Grano de Arena por Mujer tu ya’alaje’, ku beetik jejeláas ba’alo’ob ti’al u kaxtik u taak’inil u meyaj. Ko’olel bíin u yóot okol ti’al u k’amik u yutsil le múuch’ila’, ku béeytal u kaxtik u Facebookil yéetel u Instagramil Un Grano de Arena por Mujer wa u t’aan tu numeroil 9841355878.
"
Xak’alta’ab juntúul trilobite yanchaj kex 465 miyoonesil ja’abo’obe’ ts'aka'an ba'al tu choochel,19/10/2023,"Ajxak’al xooko’ob ti’ u noj najil xook Facultad de Ciencias méek’a’an tumen Universidad Carolina de Praga (UC) tu k’a’aytajo’ob tu pikil ju’unil Nature, juntúul trilobite yaan 465 miyoonesil ja’abo’ob yaan u ba’alil chooch láayli’ ts’aka’an.Le úuchben wíinkilala’, jach ts’aka’an tu ts’u’ nukuch tuunicho’ob yaan Rokycany (República Checa), yéetel kaxta’ab kex walkil 100 ja’abo’ob paachil. Ba’ale’ te’e k’iino’ob jts’a’ab k’ajóoltbil jayp’éel ba’alo’ob yóok’lal, úuchik u k’a’abéetkunsa’al uláak’ túumben ba’alo’ob ti’ tomografía sincrotrón. Xaak’ale’ ku sáasilkúunsik k’a’anan ba’alo’ob ti’al u na’ata’al trilobites yéetel bix úuchik u kuxtalo’ob paleozoico lu’umo’ob, ichil ba’ax a’alab tumen ajxaak’alo’ob. Úuchben trilobite kaxta’abe’, ila’ab tumen juntúul kóolexionistáa, ku k’aaba’tik Karel Holub tu ja’abil 1908; tu jo’oloj kaxta’ake’ biinsa’ab ti’ jump’éel kúuchil e’esajil.
“U béeytal u ch’a’abal u yoochel, je’el bix le ku jóok’sa’al ti’al tomografías komputarisaadáas tu najilo’ob ts’akyaje’, chéen yáax xáak’ab. Kéen ts’o’okoke’ ku ja’ajatsa’al yéetel jump’éel u softwareil rekonstruxion. Le kéen jóok’ok u tridimensional disenyoil le fosilo’, ku jóok’sa’al de birtual, tumen lelo’ ku taamkúunsik oochel, ti’al u ye’esik jump’éel oochel jach táaj ya’abach ba’alo’ob ku ye’esik”, a’alab tumen Valéria Vaskaninová, máax láayli’ ku meyaj te’e najil xooko’.
"
K’eexilo’ob táan u beeta’al ti’ Ley General de Vida Silvestre táan u xwo’okin QRoo,19/10/2023,"Máaxo’ob kaláantik kuxtale’ tu ya’alo’obe’ unaj u xu’ulul u k’a’abéetkunsa’al ba’alche’ ma’ suuk u alak’ta’ali’, ka’alikil Asociación Mexicana de Hábitats para la Interacción y Protección de Mamíferos Marinos tu ya’ale’, le ba’ax tu jelbesa’ale’ yaan u beetik u loobilta’al yéetel u kíinsa’al le maanal 300 delfino’ob yéetel téek’o’ob kuxa’an tu soloojikóosil México.
"
K’áata’ab ti’ Estados Unidos ka ts’a’abak u si’ipil México ikil u seen chu’ukul u jejeláasil caguama áak,20/10/2023,"U kúuchil Centro para la Diversidad Biológica (CDB) tu k’áataj ti’ u jala’achil Estados Unidos, Joe Biden, ka yanaj u ts’a’abal si’ipil yóok’ol México, ti’al u ch’éenel u seen chu’ukul u jejeláasil caguama áak ichil u ja’ilo’ob Océanos Pacífico Norte, tumen ba’alche’obe’ ku k’a’alalo’ob ichil reedes ku k’a’abéetkunsa’al ti’al u yúuchul chuk kay. 
Ti’ jump’éel k’a’aytajil ts’íib jóok’sa’ab tumen CDB a’alabe’, tu winalil agostoe’, u mola’ayil Servicio Nacional de Pesca Marina  tu ts’áaj u séentifikadoil México ikil u chukik ba’alche’ tu yáamil u a’almajt’aanil Ley de Protección de Moratoria de Estados Unidos, tumen yéetele’, walkila’ táan u páa’ta’al ka je’ets’ek si’ipil tumen jala’ach Biden, ti’al u ch’éenel u béeytal u túuxta’al tak EU mexikanoil janabe’enbalo’ob ku taal ti’ kay.  
“Ku jach táaj lúubul u yóol máak u yila’al Bidene’ ma’ táan u k’a’abéetkunsik a’almajt’aano’ob yaan tu lu’umil Estados Unidos ti’al u k’áatik ti’ México ka ch’éneek u seen chukik cauama áak”, tu ya’alaj Sarah Uhlemann, máax jo’olbesik nu’ukbesaj ku beetik CDB. “Caguama áake’ sajbe’entsul yanik u ch’éejel, le beetik k’a’abéet u yantal múul meyaj ichil noj lu’umo’ob ti’al u kaláanta’al. Jach k’a’anan u ch’éenel u cha’abal u yoksa’al kayo’ob yéetel mariiskóos ku mana’al ti’ México, ti’al u béeytal u je’ets’el si’ipil yóok’ol México”.  
Áako’obe’ ku luk’ulo’ob tu’ux ku beetik u k’u’ob tu ja’ilo’ob Japón, ti’al u k’uchulo’ob tak México yéetel Estados Unidos tu’ux ku kaxtik u yo’ocho’ob, ti’al beyo’, u suuto’ob Japón e’el. U cagamail áak’o’ob Océano Pacífico Norte sajbe’entsil yanik u ch’éejel, ts’o’oke’ yaan ba’al u yil kéen chu’ukuko’ob México.
Ichil ba’ax jets’a’an ich Ley de Protección de Moratoria de Estados Unidos, ti’ u mola’ayil Servicio Nacional de Pesca Marina ts’a’aban u muuk’il ti’al u “jets’ik” lu’umo’ob chukik ba’alche’ob kaláanta’an, tu’ux mina’an xan a’almajt’aano’ob wa noj mokt’aano’ob ti’al u kaláanta’al “je’el bix le yano’ob” Estados Unidos.
CDB tu ya’alaje’, u mola’ayil Servicio de Pesca tu yáax ilaj tu ja’abil 2013, chuka’ab tu noj lu’umil México u áakilo’ob k’áak’náab, le beetike’ tu ts’áaj jump’éel séertifikasyóon tu ja’abil 2015. Ba’ale’ te’e k’inako’obe’ Obamae’ tu náachkunsaj u k’iinil u je’ets’el si’ipil tumen Méxicoe’ tu k’exaj ba’ax ku beetik ti’al u kaláantik. Kex beyo’, ti’al u ja’abil 2021, kaxta’ab 682 u túul caguama áako’ob kimen ti’ jáal ja’ob.
"
"U peek'il ja', juntúul ba'alche' jach uts u báab",20/10/2023,"Ich káastelane’ k’ajóolta’an beey nutria del norestewa lobito de Río (Lontra longicaudis), juntúul ba’alache’ káaj u suuktal u yila’al ka’aj yanchaj pak’be’en k’oja’an, ba’ale’ sajbe’entsil yanik u ch’éejel, le beetik k’a’anan u kaláanta’al, tu ya’alaj Gonzalo Merediz Alonso, máax jo’olbesik Amigos de Sian Ka’an. 
Tu tsikbaltaje’ juntúul jats’uts ba’alche’ kuxa’an tu noojol-lak’inil México, ts’o’oke’ Quintana Rooe’ ku yila’al ti’ kaajo’ob je’ex Bacalar, Río Hondo yéetel Sian Ka’an, ichil uláak’o’ob. 
Beyxan tu ya’alaje’, ma’ séeb u yila’al tumen wíiniki’, tumen kuxa’an ich k’áax. 
Ku jaantik kayo’ob, moluuskóos yéetel kustaaseos, ku máano’ob chuuk ich ja’, ba’ale’ ku jóok’olo’ob yóok’kabil. 
Ojéela’an xane’ ku jaantiko’ob mejen ch’íich’o’ob wa ik’elo’ob. 
Ku yantalo’ob ichil u ja’il ríos, aak’alo’ob, ts’o’oke’ suuk u máano’ob de k’iin ba’ale’ beyxan de áak’ab. Ku máan tu juunal yéetel yaan k’iine’ ti’ múuch’o’ob ba’axe’ ma’ ya’abo’obi’. Jach ma’alob u báab yéetel u bulkubáaj ich ja’. 
Ku beetik u yotoch beey mejen áaktuno’ob, ti’al u yantal yéetel u mejenil yéetel ti’al u líik’saik u yo’och. Ku p’isik ichil 50 tak 130 sentiimetróos yéetel ku aaltal tak 25 kg.
"
Ku tukulta’ale’ yaan kex 500 miyoonesil máako’ob kuxa’ano’ob yéetel u k’oja’anil baako’ob,23/10/2023,"Ichil tuláakal yóok’ol kaabe’ tukilta’an yaan kex 500 miyoonesil máako’ob kuxa’ao’ob yéetel u k’oja’anil osteoporosis, ba’ale’ ya’abach ti’ leti’obe’ mix u yojelo’obi’, beey úuchik u ya’alal tumen xts’akyaj Karen Arguijo Muñiz, máax jo’olbesik u meyajil Servicio de Rehabilitación en Osteoporosis ichil u mola’ayil Instituto Nacional de Rehabilitación. Tu ya’alaje’, tu noj lu’umil Méxicoe’, juntúul ko’olel ti’ óoxtúul, yéetel juntúul xiib ti’ jo’otúul maanal 50 u ja’abile’, tsaayal ti’ob le k’oja’anila’.
Úuchik u máan Día Mundial de la Osteoporosis, le 20 ti’ octubre máaniko’, xts’akyaje’ tu tsikbaltaje’ kéen káajak u talamchajal ba’al yéetel le k’oja’anila’, je’el tak u káachal baako’ob tak chéen wa ka líik’sa’ak jump’éel nu’ukul, wa u péeksa’al jump’éel siyáa; ku p’áatal mina’an u muuk’ le baako’obo’.Osteoporosise’ jump’éel k’oja’an ku yokol tu baakel máak, ts’o’oke’ jujump’íitil u bin u talamchajal, tak kéen p’áatak jach sajbe’entsil yéetel séeba’an je’el u káachal baako’obe’.
Beey túuno’, xts’akyaje’ tu ya’alaje’ le k’oja’anila’ ku tsa’ayal yóok’lal jejeláas ba’alo’ob. Ichi le ma’ tu páajtal u k’éexelo’obe’, leti’ u síijil máak beey xiib wa beey ko’olel, tumen ts’o’ok u yila’ale’ maas ya’ab u tsa’ayal ti’ ko’olel; u bin u ch’íijil máak, u ch’i’ibal wíinik yéetel beyxan ba’ax k’ajóolta’an beey biotipo caucásico, je’el bix xan u yéemel le beyka’aj yanik u aalil u wíinkilal máak -índice de masa corporal (IMC)-.
Tu ya’alaje’, máax ti’ yaan u k’oja’anil artritis reumatoide, lupus yéetel diabetes mellitus, beyxan ko’olel ts’o’ok u ch’éenel u yéemel u k’ooja’anil -menopausia-, yéetel u p’íitchajal estrogenose’ láayli’ xan sajbe’entsil ba’al ti’al u k’oja’anil baako’ob.
Uláak’ ba’ax xan ku yúuchul yéetel ma’ táan u yáantaje’, yaan ba’al u yil yéetel ma’ tu tséentikubáaj wíinik tu beel, u p’áatal chéen kulukbal sáansamal, u seen ts’u’uts’a’al chamal yéetel u seen káaltal máak wa u yu’uk’ul káafe. 
"
"Heba Abu Nada, palestinail xts’íibe’, jkíim yóok’lal wa’awak’ ba’al táan Gaza",23/10/2023,"Palestinail xts’íib Heba Abu Nada jkíim yóok’lal seen wa’awak’ajil táan u yantal tumen israelíil muuk’, beey úuchik u ts’a’abal k’ajóoltbil le domingo máanika’, ti’ k’a’aytajil beeta’ab tumen u mola’ayil Al Mayadeen.
32 u ja’abil ka’ach palestinail xk’aay tuukul, Heba Abu Nada. Ti’ jlúubsa’ab tu kaajil Khan Yunis.
U Ministerioil Cultura tu kaajil Líbanoe’ tu jets’aj jaaj jkíim le xts’íibo’, yóok’lal ba’ateltáambal yaan tu xuul kajil Gaza.Wakp’éel ja’abo’ob paachile’, xk’aay tuukule’, tu náajaltaj u ka’a kúuchil ichil u ketlamil Premio Sharjah a la Creatividad Árabe úuchik u beetik u ts’íibil El oxígeno no es para los muertos.
Síij tu ja’abil 1991, tu kaajil La Meca. Ka’aj líik’e’ suukchaj u yu’ubik bix úuchik u péek u baatsil ti’al u wulatkubáaj táanxel tu’ux, úuchik u yúuchul ba’ax k’ajóolta’ab beey Nakba, tumen ka’aj úuche’, yanchaj u jóoks’a’al palestinoil kaaj úuchik u multa’al tumen Israel tu ja’abil 1948, beey k’a’ajsa’abik tumen Al Mayadeen.
Heba Abu Nada tu ts’o’oksaj u xookil Bioquímica tu noj najil xook Universidad Islámica de Gaza, meyajnaj beey xka’ansaje’, yéetel tu ts’o’oksaj u maestriail nutrición clínica.
Le jueves máaniko’, tu ts’íibtaj: “Wa jkíimo’one’, k-ojele’ ki’imak k-óol ts’o’oke’ wa’alakbalo’ob, yéetel ti’ k-k’aaba’e’ k-a’alik jach wíiniko’on… Oh, in ki’ichkelem Yuum, Heba”.
"
Méxicoe’ tu béeykunsaj uláak’ u medaayasil oro ich Panamericanos Santiago 2023,23/10/2023,"Citlali Cristian, tu keetil áalkab, yéetel William de Jesús Arroyo beyxan Cecilia Lee ti’ poomsae’ béeychaj u máano’ob tu jach ka’analil náajal, ti’al beyo’ u chúukbesik waxakp’éel noj chíikulalo’ob ti’al mexikoil lu’um.
"
Tu nonojchajal beyka’aj ku tuktula’al je’el u yantal nukuch chak ik’alo’ob Atlántico: xaak’al,24/10/2023,"Walkila’ táan u yila’ale’, chak ik’alo’ob ku síijilo’ob Atlánticoe’ maas séeba’an je’el u súutulo’ob “nukuch chak ik’alo’ob” (jaatsil 3 wa maanal ti’), ba’ale’ le je’ela’ ma’ beey yúuchul ka’ach ichil 1970 yéetel 1980, beey úuchik u chíikpajal ti’ túumben xaak’al xook beeta’ab, tu’ux xan a’alabe’ le k’eexilo’obo’, sajbe’entsil ti’al u kajnáalilo’ob jáal ja’.
K’áak’náabe’ u noj chuunil chak ik’alo’ob, ts’o’oke’ ti’ le ts’ook ja’abao’oba’, ts’o’ok xan u maas chokojchajalo’ob, tumen u ja’il k’áak’náabe’ u ts’u’uts’maj maanal u 90 por sientoil chokojlil ku yantal ikil u beetik wíinik jejeláas ba’alo’ob.
Xaak’alo’ob yáax beeta’ane’, tu ye’esajo’ob k’eexilo’ob táan u yantal yóok’ol kaabe’ táan u beetik u tuláakal ba’ax k’a’abéet ti’al u maas yantal u muuk’ chak ik’alo’ob, ts’o’oke’ séeba’an u mu’uk’antalo’ob tumen asab ya’ab u kuchiko’ob ja’, ba’ale’ ma’ xan jeets’el wa láayli’ mantats’ u yúuchul.Túumben xaak’ale’ jts’a’ab k’ajóoltbil tu pikil ju’unil Scientific Reports, ts’o’oke’ jach ila’ab bix u séeba’anil úuchik u k’éexel u k’a’amkach yiik’al chak ik’alo’ob yanchaj Atlántico ichil u ja’abil 1970 y 2020, tu’ux béeychaj u ya’alale’, tuláakal k’a’amkach ja’ob yanchaj Atlántico, nuuktak wa mejentake’, maas ku ch’a’ak u muuk’o’ob.
“Meyajo’ob beeta’ane’ ku ye’esik u séeba’anil u ch’a’ak u muuk’ chak ik’alo’ob yéetel u mantats’il u yúuchule’ ts’o’ok u k’éexel, tumen maas chíikpaj ti’ le ts’ook 50 ja’abo’oba’, ka’aj ila’ab xan k’éex u chokolil u yóok’kabil k’áak’nabo’ob, yóok’lal le jejeláas ba’alo’ob ku beetik wíinik”, a’alab tumen u yuumil xaak’al Andra Garner, máax ku meyaj tu noj najil xook Rowan, Estados Unidos.
Xaak’al tu meyajte’ ku ye’esik chak ik’alo’ob ku yantal Atlántico te’e k’iino’oba’ ka’atéen maas je’el u súutulo’ob jaatsil 1 tu jo’oloj jump’éel k’iin, ma’ jach táaj mu’uk’ani’, ti’al u náakal tu jaatsil 3 wa maanal ti’, keetel yéetel le bix yanik ka’ach tu ja’abil 1970 yéetel 1980.
Le je’ela’ chíika’an táan u yúuchul tu jáal ja’il atlántica tu baantail Estados Unidos yéetel tu k’áak’náabil Caribe, ba’ale’ maas ma’ jach chíika’an tu goolfoil Méxicoi’.Garnere’ ku ya’alike’, le je’ela’ sajbe’entsil ti’al u kajnáalilo’ob jáal ja’, tumen maas séeba’an u ch’a’ak u muuk’ chak ik’al, ba’ale’ ma’ xan tu béeytal u yila’al u taali’.   
"
"Haitianoilo’obe’ ooko’ob tu kúuchil Comar, tu kaajil Chiapas",24/10/2023,"Táanxel kajil máako’obe’ ooko’ob tu kúuchil tu’ux majan ts’a’aban Comisión Mexicana de Ayuda a Refugiados tu kaajil Tapachula, le beetike’ jmacha’ab k’albil ka’atúul máak yéetel úuch loob ti’ uláak’ waktúulo’ob.
"
"‘Cupo para Todos’, nu’ukbesaj ts’o’ok u káajal ti’al u yáax ts’íibta’al u k’aaba’ xoknáalo’ob ti’ najilo’ob xook",24/10/2023,"Máaxo’ob kaláantik wa líik’sik paalal ts’o’ok u chukik u ja’abil u xook ti’al u yokolo’ob tu ka’a wa tu yóox ja’abil xook preeskolar, u yáax ja’abil primaryáa wa u yáax ja’abil séekundaryae’ yaan u béeytal u yáax ts’íibtik u k’aaba’ob ti’ Internet, tu kúuchil preinscripciones.segey.gob.mx/.
U mola’ayil Secretaría de Educación del Gobierno del Estado de Yucatán (Segey), dio tu k’a’aytaj u páayt’aanil u nu’ukbesajil Cupo para todos, beeta’an jach chéen u ti’al máaxo’ob ku xooko’ob ti’ puublikáa najilo’ob xook. 
U ts’íibta’al u k’aaba’obe’ ku p’áatal beya’: ti’al preeskolare’, unaj u beeta’al ichil 21 tak 30 ti’ noviembre, ti’al u yáax ja’abil xook primaryae’ 29 ti’ noviembre tak 8 ti’ diciembre, yéetel ti’al u yáax ja’abil sekundaryae’ 6 tak 16 ti’ diciembre.
Ti’al máax bíin u yóot u beetej ba’ale’ mina’an ti’ internete’, yaan u ts’a’abal áantaj tu kúuchilo’ob Centros de Desarrollo Educativo (Cede) ti’ u méek’tankaajilo’ob Hunucmá, Izamal, Maxcanú, Motul, Peto, Tekax, Ticul, Tizimín, Saki’ yéetel Yaxcabá, je’el bix xan tu ka’ap’éel kúuchil yaan tu kaajil Jo’.
Ti’al kaajo’ob tu’ux yaan chéen jump’éel najil xooke’, yaan u yantal u bin máak te’e kúuchilo’, ichil u k’iinil 3 tak 21 ti’ noviembre ti’al u jets’iko’ob jach ti’ u k’áato’ob ka yáax ts’íibta’ak u k’aaba’ le paalo’.
Segeye’ ku ya’alike’ ma’alob ka tukulta’ak tak kamp’éel najilo’ob xook, tumen yaan k’iine’ jach chochobkil u k’áata’al u yoksa’al wa máax te’e kúuchilo’obo’, le beetik ku yantal u biinsa’alo’ob uláak’ táanxel tu’ux. 
Ichil 30 tak 31 ti’ enero ti’ u ja’abil 2024 kéen ts’a’abak k’ajóoltbil tu’ux najil xook kun yokol u xookil paalal preeskolar yéetel primarya, ka’alikil ti’al sekundaryae’ yaan u jóok’sa’al tak 10 ti’ junio.
Beey túuno’, kéen ts’o’okok u ts’a’abal k’ajóoltbil tu’ux p’áato’obe’, k’a’abéet u bin máak te’e najil xooko’ ti’al u jets’ik jach ti’ kun p’áata’ali’.  
"
UADYe’ ku páayt’aan ti’al XVII Feria de la Salud; yaan u ts’a’abal jejeláas ba’alo’ob ti’al u toj óolal máak ,25/10/2023,"Te’e meyaja’ yaan u béeytal u táakpajal je’el máaxake’, ts’o’oke’ táakmuk’ta’an tumen u jejeláasil mola’ayo’ob, beey k’a’ayta’ab tumen Edgar García Santamaría, máax jo’olbesik u meyajil  Servicios de Salud, tu najil xook UADY.Yéetel le meyaja’ táan u kaxta’al ka péektsilta’ak ich kaaj u k’a’ananil u kaláantikubáaj máak ichil u kuxtalil sáansamal, le beetike’ yaan u ts’a’abal jejeláas séerbisyos, yéetel yaan xan u ts’aatáanta’al u séeb ila’al wa yaan k’oja’an tsaayal ti’ máak, je’el bix diabetes, hipertensión arterial, ichil uláak’o’ob.
Beyxan yaan báakunas kun ts’a’abil, kóonsultas yéetel u examenesil ich yéetel xikin, u pruebasil VIH, mamografías, ichil uláak’o’ob. Je’el bix xan tsikbalo’ob yéetel u súutukil kaambalo’ob.
"
"Boox joolo’obe’ ku ‘núup yantalo’ob’, beey chíikpaj ti’ túumben xaak’al beeta’ab",25/10/2023,"Yóok’lal jump’éel xaak’al meyajta’abe’, ku tukulta’ale’ kéen yanak boox joolo’obe’ ku yantal u núupo’ob jach keet yéetel le yáaxo’ -u p’iisile’ ku je’ets’el tumen kosmolojikáa muuk’- le beetike’ kéen núupuko’obe’ ku chúukpajal óoli’ beey chéen jump’éele’. Ka’ache’ yáax teorías jóok’sa’an yóok’lal boox joolo’obe’, mootskúunsa’an ti’ úuchben yáax tuukulo’ob jets’a’ab tumen Eisntein, ti’ u teoriasil réelatibidad, tumen yéetele’ ku tso’olol boox joolo’ob ets’ekbal wa ku sutulsuut ku béeytal u yantalo’ob chéen tu juunalo’ob, jumpáay ti’ le espaasyóo. Boox joolo’obe’ ku núup yantalo’obe’ je’el u kóolalo’ob tumen gráabedade’ tak kéen u beet u jéenp’uchtubáajo’ob.Ba’ale’, le je’elo’ jaaj wa ku tukulta’al Úunibersoe’ ets’ekbal. Ba’ale’, ba’ax túun ku yúuchul yéetel le táan u péek mantats’o’. Je’el wáaj u núup yantal boox joolo’ob ichil Úuniberso mantats’ u nojochtal, ba’ale’ u ta’akmajubáajo’ob chéen ti’ jump’éeli’.
"
Ba’atel táan Siriae’ ts’o’ok u k’uchul tu jach k’aasil k’iino’ob ich kamp’éel ja’ab: ONU,25/10/2023,"Paulo Pinheiro, máax jo’olbesik u múuch’ meyajil yóok’lal u Xaak’alil Siria ichil noj mola’aye’, tu ya’alaje’ le seten ba’alo’ob úucha’ane’ táan u p’atik kaaj ich k’aasil.
"
"U tats’kúunsa’al pool yéetel u jo’ots’ol u koj wíinike’, úuchben ba’al suukchaj u beeta’al Ónavas, Sonora",26/10/2023,"Tu kaajil Ónavas, Sonorae’ kaxta’ab jump’éel kúuchil tu’ux muka’ab 115 u reestosil wíinik; yéetelo’obe’ béeychaj u ya’alale’, kaajo’ob kuxlajo’ob te’e baantao’, kex walkil mil ja’abo’ob paachile’ suukchaj u tats’kúunsik u poolo’ob yéetel u jots’ik u kojo’ob, tumen beey u na’atiko’ob u jats’utsil wíinik. Walkil jayp’éel ja’abo’ob paachile’, arkeologose’ ma’ u yojelo’ob ka’ach wa ku beeta’al balo’ob beey ka’ach tu wíinkilalo’obo’, tumen maas suuk u yila’al tu chúumukil México wa uláak’ táanxel tu’uxo’ob; ba’ale’, ila’abe’ láayli’ xan beeta’ab tu lu’umil Sonora.
"
Uts u bin ti’ u noj lu’umil México tu keetilo’ob Juegos Panamericanos ,26/10/2023,"Ma’alob u bin u xíimbal tumen ti’ yaan tu ka’a kúuchil ichil le asab ya’ab medaayas u náajtmo’obo’: 22 oros; 13 plaatáa yéetel 15 bronsees, tu paache’ ku taal Canadá, tumen ti’ leti’e’ yaan 20-20-18. Te’e oochela’ Arantxa Chávez yéetel Paola Pineda.
"
Pargo kay,27/10/2023,"U sientifikoil k’aaba’e’ Pagrus pagrus. Ts’o’ok yaan u jejeláas ichil le petenila’, je’el bix pargo canane; wa le chako’, beyxan huachinango, asab suuk u yila’al Yucatán.
Chéen tu ja’abil 2020e’, u noj lu’umil México tu tséentaj kex 5 mil 793 u tóoneladasil, ts’o’oke’ maanal 15 u jejeláasil pargo ichil tuláakal le noj lu’umo’, beey a’alab tumen u mola’ayil Secretaría de Agricultura. 
Gerardo Alberto Sosa Hernández, oceanólogo yéetel máax jo’olbesik u meyajil Arrecife Alacranes, táaka’an Dirección de Desarrollo Sustentable. Tu ya’alaje’ le kaya’ nupa’an xan yéetel ju’un kay, jets’a’an ichil 1 ti’ febrero tak 31 ti’ marzo. Tu tsikbaltaje’ jach uts u bak’el pargo kay, tumen yaan ti’ omega 3, jump’éel ba’ax ku yáantik u ts’o’omel u pool wíinik yéetel ku yáantik u wíinikilal. Beyxan yaan vitamina A yéetel B12, potasio yéetel selenio. 
U boonile’ óol chak, yéetel túuts’ u wíinkilal, ba’ale’ pargo pargo canané óol k’aank’an. Ku p’isik óoli’ 20 cm, yéetel u aalile’ ichil 4 tak 6 kilos. Ma’ xan sajbe’entsil u ch’éejeli’, ba’ale’ táan u kaláanta’al. Ku kuxtal ichil 23 yéetel 24 ja’abo’ob. 
Lee: Pez Pargo, especie presente en la península de Yucatán
"
"Xaak’al tu chíikbesaje’ táankelem chimpanceso’obe’ ku béeytal jejeláas juumsik u t’aano’ob, óoli’ je’ex wíinik tu neene’il",27/10/2023,"Jump’éel túumben xaak’ale’ tu chíikbesaje’, táankelem chimpanseso’obe’ ku béeytal u k’e’ek’exik u juum u t’aano’ob; le je’ela’ jump’éel ba’al ojéelta’an ku béeytal u beeta’alk tumen wíinik.  
U béeytal u beeta’al jejeláas juumo’ob yéetel t’aane’, ku meyaj ti’al jejeláas ba’alo’ob ti’al u ka’anal t’aan, ba’ale’ ku tukulta’al ka’ache’ lelo’ ma’ táan u béeytal u beeta’al tumen u jeel ba’alche’ ma’ wíiniki’.  
Wíinik tu neene’ile’ ku beetik jejeláas juumo’ob ti’al u ts’áak u na’at uláak’ ba’alo’ob. Awat, che’ej, ok’ol, chéen jayp’éel ba’alo’ob ku k’a’abéetkunsa’al ts’o’oke’ sáasil ba’ax ku ye’esik. Ba’ale’ yaan uláak’ juumo’ob ku beetik ti’al u ye’esik chéen tu t’aan, je’el bix u babalt’aan, tumen lelo’ ma’ jump’éelili’ ba’ax ku ya’aliki’. 
Jump’éel túumben xaak’ale’ ts’o’ok u ye’esike’ táankelem yéetel mejen chimpaseso’obe’ láayli’ xan ku k’a’abéetkunsik u juum u t’aano’ob óoli’ je’ex wíinik, le beetike’, ku béeytal u tukulta’ale’ u moots u béeytal u t’aan wíinike’ ti’ u taal ti’ k’eexil yanchaj ti’ u ch’i’ibal primatées.
Derry Taylor, juntúul ti’ u yuumilo’ob xaak’al ku meyaj tu kúuchil Departamento de Psicología, ti’ u noj najil xook Universidad de Portsmouth, tu ya’alaj ti’ k’a’aytajil ts’íib: “Tuláakal ba’al kuxa’ane’ ku kaxtik bix na’atikubáaj yéetel u jeelo’ob, ba’ale’ chéen wíinik tu kanaj t’aan. Bix túun úuchik le je’ela’, jump’éel ba’al ma’ béeyak u na’atali’.  
“Tak walkila’ mina’anto’on mix ba’al e’esik wa chimpaseso’obe’ ku béeytal u k’e’ek’exik u t’aano’ob, le beetik ba’ax táant u yojéelta’ale’ noj ba’al ti’al u na’ata’al bix úuchik u síijil u t’aan wíinik”.
Xaak’ale’ jts’a’ab k’ajóoltbil tu pikil ju’unil iScience, ts’o’oke’ jump’éel ti’ le yáax beeta’an yóok’lal bix meyaj u t’aan chimpaseso’ob, je’el bix a’alabik tumen ajxak’al xooko’ob.  
Ka’aj xak’alta’ab yéetel jatsa’ab juumo’obe’, ila’abe’, je’el bix nene’obe’, chimpaseso’obe’ ku beetiko’ob jejeláas juumo’ob ti’al u ye’esiko’ob jayp’éel ba’alo’ob, ba’ale’ beyxan táaka’an bix u yuts’ik wa péeksik u yicho’obi’.
"
"Yóok’lal u chak ik’alo’ob Wilma, Odile, Gilberto yéetel Isidoroe’, bota’an 5 mil 887 mdd tu lu’umil México",30/10/2023,"Ti’ le lajunp’éel k’aak’as ba’alo’ob ucha’an tu noj lu’umil México, yéetel le tumen yanchaja’an u bo’ota’al ya’abach taak’in tumen aseguradorase’, kamp’éele’ chak ik’alo’ob. Tu yóok’lalo’obe’, ts’o’ok u yantal u bo’ota’al 5 mil 887 miyoonesil dólares, beey a’alab tumen Asociación Mexicana de Instituciones de Seguros (AMIS).
Ichil ba’ax ts’a’aban k’ajóoltbil tumen mola’aye’, úuchik u máan Wilma iik’ tu ja’abil 2005e’, yanchaj u bo’ota’al 2 mil 675 miyoonesil dólares, ka’alikil yéetel Odilee’, bo’ota’ab mil 439 miyoonesil dólares tu ja’abil 2014.Ka’aj jaats’naj Gilberto, tu ja’abil 1988 mola’ayo’obe’ tu bo’oto’ob mil 299 miyoonesil dólares, ts’o’oke’ yéetel Isidoro, tu ja’abil 2002e’, jk’uch 474 miyoonesil dólares. 
Le ja’ab máaniko’, taak’in bo’ota’ab yóok’lal k’aak’as ba’al ku yúuchul yaan ba’al u yil yéetel cháake’, jnáak 2 mil 200 miyoonesil pesos, kex tumen ma’ j-úuch u jach táaj k’aasil ba’alo’obi’.
Méxicoe’ jump’éel ti’ le lu’umo’ob tu’ux asab ya’ab sajbe’entsil yaan yóok’lal bix u ja’ats’al tumen ba’ax ku líik’il te’e yóok’ol kaaba’, beey a’alab tumen u mola’ayil Organización para las Naciones Unidas (ONU), le beetik Norma Alicia Rosas, máax jo’olbesik AMISe’ tu ya’alaj tumen jala’achob, mola’ayob yéetel baatsilo’ob u manmajo’ob segurose’, ku yantal u bo’otalo’ob kéen úuchuk wa ba’ax, le beetik xan ku béeytal u ka’a ch’a’ak u yóolo’ob. 
AMISe’ tu tsolaj ba’ax k’aaba’inta’an beey seguros hidrometeorológicos ku toj táakbesik kúuchilo’ob, ba’ale’ beyxan yaan tu’ux ku kaláanta’al tak u ba’alumbáaj, elektrodomestikóo nu’ukulo’ob, ti’al koomputóo; je’el bix xan uláak’ ba’alo’ob, je’el bix u luk’sa’al eskombro, ichil uláak’ba’alo’ob. 
Ti’ le 17 u p’éel péetlu’umo’ob tu’ux jaats’naja’an iik’e’, ku asab k’astal negoosyóos je’el bix oficinas (24.3 por siento), fabrikáas (21 por siento), najo’ob (19.7 por siento), otelelo’ob (11.6 por siento) yéetel áalmasenes (9.9 por siento), je’el bix jets’a’an tumen le Múuch’kabilo’. 
"
Beeta’ab u yich u bak’aalbak’ wíinikil Guanajuato yéetel Inteligencia Artificial,30/10/2023,"Máax jo’olbesik Comunicación Social ti’ u jala’achil le noj kaajo’, Cristian Cantero, tu ts’áaj k’ajóoltbile’ te’e oochlo’obo’ “yaan u béeytal u yáax ila’al bix ka’ach u yicho’ob tu k’iinil kuxa’ano’ob”.
“Ti’al u béeytale’ k’a’abéetkunsa’ab jayp’éel ba’alo’ob ojéelta’an yóok’lal, je’el bix u k’iinil úuchik u kíimilo’ob, ba’ax nook’il u takmo’ob yéetel tu jats ja’abil kuxlajo’ob, le beetike’ béeychaj u beeta’al junk’aal oochelo’ob yaan u ye’esa’al tu k’iinilo’ob pixan, tu noj kaajilo’ob Querétaro yéetel Guanajuato, tak le 2 ti’ noviembre ku taala’”, tu ya’alaj Cantero.  e.  
"
Checo Péreze’ ma’ béeychaj ti’ tsook keetil tu’ux táakpaji,30/10/2023,"U noj áalkabil GP Méxicoe’ náajalta’ab tumen Verstappen; beyaxn tu ka’a yéetel tu yóox kúuchile’, jp’áat Hamilton yéetel Charles Leclerc.
"
Kaxta’ab ka’ap’éel u túumbenil áaresifeil koral yéetel k’áax tu taamil u ja’il yaan Galápagos,31/10/2023,"Ajxak’al xooko’obe’ tu kaxto’ob ka’ap’éel u túumbenil áaresifeil koral yéetel k’áax ich ja’ ma’ yáax xak’alta’ab tu petenilo’ob Galapágos, tu’ux yaan ba’alche’ob yéetel xíiwo’ob jach mix tu’ux uláak’ yaan ichil uláak’ tu’uxo’ob ti’ yóok’ol kaab, beey k’a’ayta’ab tumen u múuch’kabil Fundación Charles Darwin (FCD).U maas nojochile’ “ku p’isik kex 800 metros u chowakil, le je’ela’ óoli’ kex waxaktéen jump’éel u kaampoil u báaxta’al futbol”, ts’o’oke’ uláka’ jump’éele’ “ku p’isik 250 metros u chowakil”, a’alab tumen FCD ti’ k’a’aytajil ts’íib.Tu ka’ap’éelile’ ti’ yaano’ob kex ichil 370 yéetel 420 metros tu tamail u ja’il Galápagos, ts’o’oke’ u chíikulal “u jejeláasil kuxtal yaan, yéetel míin le je’elo’, u k’áat u ya’alej káaj u yantalo’ob kensa jayp’éel milesil ja’abo’ob paachil”, a’alabij.
"
"Ts’aatáanta’ab 4 mil 555 paalal, táankelem yéetel u láak’o’ob ikil u ts’u’uts’iko’ob k’aak’as ba’alo’ob",31/10/2023,"Yóok’lal u nu’ukbesajil Sistema de Atención a Niños, Niñas y Adolescentes Farmacodependientes del Estado de Campeche (SANNAFARM) “Vida Nueva”, ts’o’oku ts’aatáanta’al ti’ le beyaka’aj k’iino’ob ts’o’ok u yáalkab ti’ le ja’aba’, 4 mil 555 u túul paalalo’ob ts’o’ok u yoksikubáajo’ob yéetel ba’ax k’ajóolta’an beey sustancias psicoactivas.
Te’e kúuchilo’, ma’ chéen ku yáanta’al máaxo’ob ts’u’uts’ik le ba’alo’, tumen ku táakbesa’al xan u láak’alo’ob, ts’o’oke’ óoxp’éel bix u ts’a’abal áantaj: yéetel kóonsulta externa, u ts’a’abal tráatamiento ambulatoryóo, yéetel u ts’ooke’ u nu’ukbesajil “Luz de Vida”. 
Máax jo’olbesik SANNAFARM, Neyda del Carmen Sosa Cauich, tu tsolaje’ meyajo’ob ku beeta’ale’ u ti’al u yáantal tuukul yéetel toj óolal máaxo’ob ts’o’ok u sa’atalo’ob yóok’lal le ba’alo’ob tu noj lu’umil Kaanpech.Tu k’áataj ti’ kaaje’, wa yaan paalal ts’o’ok u túuntik le k’aasil droogaso’ wa ma’ tu béeytal u p’atike’, ku béeytal u t’aan máak SANNAFARM tu numeroil 981 812 0690 wa beyxan y túuxta’al WhatsApp tu numeroil 981 814 4919 ti’al u béeytal u ts’aatáanta’alo’ob tumen máaaxo’ob ts’o’ok u kanik u beetiko’ob yéetle u yojelo’ob áantaj. 
"
Uláak’ plaatáa ti’al México tu keetil Áalkab,31/10/2023,"Laura Galváne’ béeychaj u náajaltik uláak’ medayáa ichil u keetilo’ob Santiago 2023, tumen tu yáalkabtaj 10 mil meetróos ichil 33:15:85 min., tu paach ko’olel áalkabnaj yóok’lal u noj lu’umil Perú. 
"
"El Niño yaan u beetik u yantal 110 miyoonesil máax ti’ kun k’a’abéetal ti’ob janal, ba’ale’ ma’ tun yantal",01/11/2023,"U k’éexel bix u k’áaxal cháak ichil tuláakal yóok’ol kaab yóok’lal ba’ax k’ajóolta’an beey El Niño te’e k’iino’oba’, yaan u jelbesik bix u yúuchul paak’áal, ts’o’oke’ yaan u beetik u yantal 110 miyoonesil máako’ob bíin u yaayanto’ob ba’al ti’al u tséentikubáajo’ob, ba’ale’ ma’ xan táan u yantal áantaj ti’al u ts’a’abal janal ti’obi’.
Beey úuchik u ya’alal tumen ajxak’al xooko’ob táakano’ob ich Red de Sistemas de Alerta Temprana contra la Hambruna (Fews Net, yóok’lal bix u k’aaba’ ich inglés t’aan).
Meyajta’ab jump’éel maapáa tumen máaxo’ob táaka’ano’ob te’e Redo’, tu’ux esa’asb bix u ja’ats’al tumen El Niño u jejeláasil k’a’anan paak’áalo’ob je’el bix triigóo, ixi’im, áarros, sooyáa yéetel soorgóo. Xak’alta’ab bix suuka’an u yantal le ba’alo’oba’, beyxan bix úuchik u k’éexel u máan k’iin ichil u ja’abilo’ob 1961 tak 2020. U ajxak’al xookilo’ob NASA Harvest yéetel Centro de Vuelo Espacial Goddard ti’ u áajensyáa éespasyalil, NOAA, ti’ u noj najil xook Universidad de Maryland yéetel Centro de Riesgos Climáticos de Santa Bárbara t’i u noj najil xook Universidad de California múul meyajnajo’ob te’e xaak’ala’.
“Ku tukulta’ale’ le jejeláas ba’ax ku yúuchul yéetel El Niñoe’ ku jelbesik bix u ts’áak paak’áalo’ob, kex tu kanjaatsil lu’um ku meyajta’al ichil tuláakal yóok’ol kaab”, a’alab ti’ k’a’aytajil ts’íib jóok’sa’ab tumen Observatorio de la Tierra de la NASA. Le beetike’, jaaj yaan chi’ichnakil yéetel ba’ax ku taal u k’iin yéetel paak’áalo’ob, tumen jejeláas bix u ja’ats’alo’ob kéen úuchuk wa ba’ax.
Ichil xaak’al beeta’abe’, ila’abe’ ma’ xaan wa El Niño ma’ táan u cha’ik u jach yantal ixi’im tu noojolil África yéetel América Central yóok’lal yáax k’iin. Mix xan triigóo tu lu’umil Australia yéetel arroz tu noojol-lak’inil Asia.
K’aak’as ba’al ku taal tu paach El Niño ku bin u maas ts’u’uytalo’ob ti’ noj lu’umo’ob, je’el bix Zimbabue, u noojolil Zambia, u noojolil yéetel u chúumukil Mozambique, je’el bix xan u xaman-lak’inil Sudáfrica.
"
Kúuchilo’ob yéetel u mola’ayilo’ob kanan tu noj lu’umil Yucatáne’ yaan u meyajo’ob je’ex suukil le 2 ti’ noviembre ku taala’ ,01/11/2023,"U mola’ayilo’ob kananil, xchukul ts’aatáantajil, beyxan urjeensyas ti’ najilo’ob ts’akyaje’ yaan u meyajo’ob je’el bix suuka’anil le jueves 2 ti’ noviembre ku taala’, tumen jets’a’an jump’éel noj k’iin yóok’lala u k’iinil Finadóos, tu lu’umil Yucatán, beey k’a’aytabik tumen u jala’achil le noj lu’umo’. 
U mola’ayil Secretaría de Salud de Yucatán (SSY) tu ts’áaj k’ajóoltbile’ urjeensyase’ ma’ tun ch’éenel u meyaj ti’ u najilo’ob ts’akyaj le lu’uma’, tumen yaan u yuumil meyaj ti’al noj k’iino’ob tu’ux ku je’elel ya’abach máako’ob. 
Beyxan u mola’ayil Secretaría de Desarrollo Social (Sedesol) tu ya’alaje’ le k’iin je’elo’ chéen u nu’ukbesajil Médico 24/7 kun meyaj te’e kaajo’obo’; Secretaría de Seguridad Pública (SSP) tu ya’alaje’ ma’ tun je’elel ts’o’oke’ yaan u mu’uk’ankúunsik kanan ku beetik te’e k’iino’oba’.
U kúuchilo’ob bo’ol yéetel áatensyóon Agua Potable y Alcantarillado de Yucatán (Japay) ma’ tun meyaj ba’ale’ bo’ole’ ku béeytla u beeta’al ti’ Internet.  Coordinación Estatal de Protección Civil (Procivy) yaan u meyaj tu kúuchilo’ob jets’a’an tumen Centro Estatal de Alertamiento y Monitoreo, yéetel nu’ukbesajo’ob suuk u beetike’, ma’ tun je’elsbil.
Beey túuno’, u mola’ayil Secretaría de las Mujeres (Semujeres) yaan u beetik birtual meyaj tu kúuchilo’ob Centros Regionales Violeta ti’ u kaajil Jo’ (yóok’ol u bejil 66 ichil 39 yéetel 41, col. Centro) beyxan te’e méek’tankaajo’obo’. Uláak’o’obe’ Patronato de las Unidades de Servicios Culturales y Turísticos del Estado de Yucatán (CULTUR); Instituto de Infraestructura Carretera de Yucatán (INCAY) 
Ba’ale’ u moodulosil USE ti’ Agencia de Administración Fiscal de Yucatán (AAFY), Oficinas Generales, Centros de Atención Infantil (CAI), Apoyo a la Educación Especial (CAEE), y para Jubilados y Pensionados (CEJUPE) ma’ tun je’ebilo’ob le 2 ku taala’. 
"
Méxicoe’ yaan u bin tu ts’ook keetil futbol ko’olel ich Juegos Panamericanos,01/11/2023,"Mexikanoil múuch’e’, béeychaj u k’uchul tak keet tu’ux kun jóok’ol u jach nojochil ichil báaxal táan Santiago 2023, tumen jp’áat 2-0 tu táan Argentina, ka’aj oksa’ab ka’ap’éel gol tumen u xbáaxalil Tigres, Jacqueline Ovalle. 
"
Noj talamo’ob tu kuxtal wíinik tumen ma’ tu wenel tu beel yéetel ma’ xan tu péek: ajxak’alo’ob,06/11/2023,"Kex tumen u mola’ayil Organización Mundial de la Salud (OMS) mantats’ u ya’alik ba’ax utsil ku taasik tu kuxtal wíinik u péeksik u wíinkilale’, ku tukulta’ale’, ichil tuláakal yóok’ol kaabe’, ti’ kantúul nojoch máake’, juntúule’ ma’ tu péeksik u wíinkilal tak tu jach p’íitil le unajo’, tso’oke’ u 80 por sientoil táankelemo’obe’ ma’ xan táan u chúukbesiko’ob le beyka’aj ku k’áata’alo’. Ichil ba’ax chíikpaja’an tu xookil Encuesta Nacional de Salud y Nutrición 2022, tu noj lu’umil Méxicoe’ maanal u 65 por sientoil paalale’ ma’ xan táan u chukik le beyka’aj ku k’áata’al ka u péeks u wíinkilalo’ob, ts’o’oke’ maanal u 30 por sientoil táankelem yéetel nojoch máako’obe’ ma’ xan táan u wenelo’ob le beyka’aj unajo’.Máaxo’ob ku meyajo’ob tu mola’ay Instituto Nacional de Salud Pública, je’el bix Catalina Medina, Alejandra Jáuregui, César Hernández yéetel Citlali González, tu ya’alajo’ob chéen u 1.5 por sientoil paalal, yéetel u 4.7 por siento táankelemo’ob, u 4 por siento nojoch máako’ob yéetel 1.5 por siento ch’ija’ano’obe’ ku péeksik u wíinkilal je’el bix jets’a’an yéetel ba’ax yaan u yil yéetel u péeksikubáaj, bix u jach p’áatal kulik ya’abach súutukil yéetel beyka’aj súutukil ku wenel.Ti’ xaak’al beeta’ab ti’al u yojéelta’al óoli’ bix yanik wíinik kéen jo’op’ok u péeksikubáaje’, ajxak’al xooko’obe’ tu ya’alajo’ob k’a’anan u beeta’al nu’ukbesajo’ob ti’al ka péeknak máak je’el ba’axak u ja’abil ka yanak, tumen ku ya’ako’obe’ lelo’ ku beetik u yantal talamo’ob tu kuxtal máak tu paachil k’iin.U p’áatal ma’ u péeksik u wíinkilal máake’, ku beetik u maas p’áatal paalal tu táan páantayas, tumen ojéela’an paalal yéetel táankelemo’obe’ maanal ka’ap’éel oora ku p’áatal tu táan sáansamal. Uláak’ ba’ax ila’abe’, u 62.8 por siento mejen paalal yaan ichil 10 tak 13 u ja’abile’ ma’ tu wenel ichil bolon tak ukp’éel ooráas sáansamal; u 48.1 por siento táankelemo’ob ichil 14 tak 17 u ja’abile’ ma’ tu je’elel ichil waxak tak lajunp’éel ooráas.OMSe’ ku ya’ak paalal yéetel táankelemo’obe’ unaj u beetik kex 60 minutóos éejersisyóo, ts’o’oke’ k’a’abéet u meyajtik u muuk’ kex óoxtéen ich semanáa: ka’alikil nojoch máako’ob ichil 18 tak 64 u ja’abile’ unaj u péeksikubáaj ichil 150 tak 300 minutóos ich semanáa.
"
Jóok’sa’ab u yoochel ''u baakel'' jump’éel k’ab yaan te’e noj ka’ano’,06/11/2023,"Ka’ap’éel téeleskopyoos jóok’sik rayos X ti’alinta’an tumen NASAe’ béeychaj u ch’a’ako’ob u yoochel “u baakel” kampo magneetikóo tu’ux ku chíikpajal jump’éel ba’al óoli’ je’ex jump’éel k’abe’. Tu ka’ap’éel nu’ukule’ tu ye’eso’ob jump’éel kimen eek’ láayli’ chíika’an tumen láayli’ yaan u muuk’ u partikulas yéetel u áantimateriail.Kex walkil mil 500 ja’abo’obe’, jump’éel nuxi’ eek’ ti’ kgalaxiae’ jp’áat mina’an u muuk’il u tóokej. Ka’aj p’áat beyo’, eek’e’ wáak’ij, le beetik yanchaj jump’éel ba’al jach táaj aal, ts’o’oke’ lelo’ k’aaba’inta’ab estrella de neutrones.Estrellas de neutrones ku sutulsuut yéetel mu’uk’a’an kaampos magnetikos, wa púlsares, ku beetik u yúuchul ba’al je’el bix ma’ tu béeytal u yúuchul Yóok’ol Kaab. Táankelem púlsarese’ ku béeytal u beetiko’ob u yantal materyáa yéetel áantimateria beetik u náachtal tu ti’itsil púlsares, ts’o’oke’ beey u yantal “múuyal ti’ u yiik’al púlsar”.
"
Semare’ tu túuxtaj áantaj ti’ kaaj talam yanik úuchik u máan chak ik’al ,06/11/2023,"Armada de Méxicoe’ tu k’ujsaj maanal 7 mil despeensas yéetel maanal 56 mil u litrosil uk’be’en ja’ tak Guerrero; ka’alikil Secretaría de Marina tu ya’alaje’ ts’o’ok u meyajilo’ob ti’al u kaxta’al cheemo’ob búul ka’aj jaats’naj Otis tu ja’ilo’ob Caleta tak Pie de la Cuesta.
"
Táan u náats’al u noj cha’anil Xmatkuil 2023,07/11/2023,"U jala’achil u noj lu’ume’ tu k’a’aytaj táan u náats’al u k’iinil u káajal Feria Yucatán Xmatkuil 2023, jump’éel ti’ le k’a’anan cha’ano’ob ku yantal tu noojol-lak’inil México. Le je’ela’ yaan u káajal 10 ti’ noviembre yéetel yaan u ts’o’okol le 3 ti’ diciembre ku taalo’. K’a’aytabe’ yaan u yantal maanal 3 mil jejeláas ba’alo’ob ti’al náaysaj óol, ichil le je’elo’obo’ ti’ yaan, yáax juntéen ts’o’oke’ xma’ bo’olile’ Banda MS; Las perdidas con Wendy Guevara, Paolita Suarez yéetel Kimberly Irene “La más preciosa”; beyxan náaysaj óol yéetel Team Infierno; yaan xan u táakpajal Vanessa Huppenkothen, Fernando Palomo yéetel Roberta Rodríguez. Ts’o’oke’ ma’ tu páajtal u p’áatal mina’an noj Vaqueríai’. 
Yaan u táakpajal maanal mil 400 u túul máako’ob kun e’esik jejeláas bsa’alo’ob, yéetel yaan xan u k’iinil tu’ux kun ts’o’oksa’aal u beel ya’abach núupo’ob kéen u yóoto’ob ka úuchuk beyo’.  Beey túuno’, yaan u beeta’al XXIX Feria Internacional de Ganadería Tropical, XXV Exposición de Ganado Brahman yéetel XVII Exposición Regional Ovina, ichil uláak’ ba’alo’ob ti’al u táakmuk’ta’al meyaj ku beeta’al ti’al u máaxo’ob tséentik waxak te’e péetlu’umila’.Máaxo’ob kun bine’ yaan u béeytal u cha’antiko’ob Varietté Cirque, uláak’ jump’éel siirkóo yéetel túumben e’esajilo’ob, je’el bix Circo de los Miedos, tumen lelo’ yáax juntéen u k’ujsa’al Xmatkuil.Le beetike’, u jala’achil u noj lu’umil Yucatáne’, ku páayt’antik kajnáalo’obe’ ti’al ka u nats’ubáajo’ob cha’an yéetel u náays u yóolo’ob tumen beyo’ ku táakmuk’ta’al xan meyaj ku beeta’al ti’al u yantal náajal te’e noj lu’umo’. 
"
"Yóok’lal xaak’ale’, yaan túumben tuukul jets’ik úuchben ko’olele’ ku máano’ob ts’oon ka’achij",07/11/2023,"Ti’ jump’éel túumben xaak’al meyajta’ab tumen Sarah Lacy, ti’ u noj najil xook Universidad de Delaware, yéetel jts’a’ab k’ajóoltbil tu pikil ju’unilo’ob Scientific American yéetel American Anthropologist.Lacy yéetel u yéet meyaj Cara Ocobock, ti’ u noj najil xook Universidad de Notre Dame, tu xak’altajo’ob bix u ja’atsal ka’ach meyajo’ob ichil xiibo’ob yéetel ko’olel ti’ paleolítica jatsk’iino’ob, kex walkil 2.5 miyoonesil yéetel 12 mil ja’abo’ob. Ti’al u beeta’ale’ xak’alta’ab jejeláas ba’alo’o ichil kúuchilo’ob yéetel xook, tu’ux ila’abe’ ma’ ya’ab ba’ax táakmuk’tik tuukul a’alik jatsa’ab meyaj ichil xiib yéetel ko’olel. Beyxan xak’alta’ab bix u wíinkilal ka’ach ko’olel, ka’aj ila’abe’ leti’obe’ ku béeytal u máano’ob chuuk, ba’ale’ beyxan mina’an óoli’ mixba’al e’esik wa ma’ tu beetiko’ob ka’achij, beey a’alab ti’ k’a’aytajil ts’íib jóok’sa’ab tumen Universidad de Delaware.X-xaak’alo’obe’ múul meyajnajo’ob tumen ma’ uts tu yicho’ob “u ya’alal ka’ache’ chéen xiib bin ku máan chuuk, ts’o’oke’ jatsa’ab meyaj ku beeta’al te’e k’inako’obe’ tumen xiib bin le ku máan chuuk yéetek ko’olel ku máan u monláant ba’ax ku chu’ukul. Ba’ale’ ti’ meyaj tu beeto’obe’ chíikpaj keet yanchaj ba’al ti’al tuka’atúulal úuchik u xak’alta’al úuchben nu’ukulo’ob, ba’ax ku jaanta’al, ba’ax bona’an, bix u mu’ukul wíinik ka’achij yéetel bix wíinkilalo’ob.Ka’aj kaxta’ab jejeláas ba’alo’ob yóok’lal bix úuchik kuxtal ka’ach úuche’, jumpuul úuchik u je’ets’el xiib beetik. Ma’ tu béeytal k-a’alik máax beet wa ba’ax. Mix tu páajtal k-a’alik máax beet xan u nu’ukul meyaj, tu ya’alaj Lacy, ba’ale’ yaan ba’ax e’esike’ óoli’ ma’ yanchaj jela’anil ichil u meyaj xiib yéetel u meyajil ko’olel.Beey túuno’, x-xaak’alo’obe’ tu yilo’ob ba’ax u jela’anil ichil u wíinkilal xiib yéetel ko’olel ka’aj na’atabe’ xiibe’, maas séeb yéetel mu’uk’a’an u yáalkab wa u ch’iin, ba’ale’ ko’olele’ maas mu’uk’a’an ti’al u xáantal tu beetik wa ba’ax, je’el bix áalkab. Ts’o’oke’ le je’elo’obo’ ba’al k’a’anantak ti’al u chuuk wíinik.Lacy ku ya’alike’, xaak’alo’ob ku beeta’al ka’ach tumen xiibe’ ku beetik xan u jela’antal bix u pakta’al úuchben wíiniko’ob, le beetik ku ya’alike’, séeba’an úuchik u táakmuk’ta’al tuukul a’alike’ chéen xiib beetik, tumen tak ba’ax ku beeta’al ti’al cha’antbil yéetel e’esajilo’obe’ tu chíimpoltajo’ob ba’ax ku ya’alal, ts’o’oke’ kéen beetik xaak’alo’ob tumen ko’olel tu’ux ku ya’alal kúulpach tuukulo’obe’ ma’ tu chíimpolta’al u meyajo’ob mix xan tu xak’alta’ali’.
"
Béeychaj u cha’anta’al ki’ichkelem sáasilo’ob tu yáak’ab ka’anil Europa,07/11/2023,"Xaman sáasil ila’abe’ ma’ suuka’an u yúuchul te’e baantao’, ba’ale’ chíikpaj ti’ noj kaajo’ob je’ex talia, Eslovaquia yéetel Irlanda. Úuch tumen k’áax ba’ax k’aaba’inta’an beey tormenta solar, ts’o’oke lelo’ tu túuxtaj mejen partikuláas tak Yóok’ol Kaab beet u jelpajal u kaampo magnetikoil lu’um wóolis.
"
Ba’ax ku yúuchul Yóok’ol Kaab walkila’ sajbe’entsil ti’al kuxtal tumen yaan ba’alo’ob ma’ yáax ila’aki’,08/11/2023,"Junmúuch’ ajxak’al xooko’ob ku ya’aliko’obe’ ba’ax beetik u yantal mantats’ kuxtal Yóok’ol Kaabe’ tu bin u k’astal, ts’o’oke’ lelo’ táan u beetik u p’áatal ich sajbe’entsil ba’ax kuxa’an te’e noj lu’umilo’.  
Xaak’ale’ jts’a’ab k’ajóoltbil tu pikil ju’unil Bioscience, ts’o’oke’ ti’al u beeta’ale’, táakpaja’an jejeláas máako’ob kaambanaja’an. Te’elo’ ku ya’alale’, 20 ti’ le 35 u p’éel noj ba’axo’ob ts’áak kuxtal te’e yóok’ol kaabo’, ts’o’oke’ ku ch’úukta’al ti’al u yila’al bix u k’éexel u máan k’iine’, ts’o’ok u k’uchul tak tu’ux mix juntéen yáax ila’ak.
William Ripple, ti’ Facultad de Silvicultura ti’ u noj najil xook Universidad Estatal de Oregón (OSU), yéetel Christopher Wolf, máax ts’o’ok u xáantal jo’op’ok u beetik xaak’alo’ob tu noj najil xook OSU, leti’e’ máaxo’ob meyajt le xaak’alo’, tu’ux táakpaj uláak’ 10 u túul ajxak’aalo’ob ti’ noj lu’umo’ob je’el bix Estados Unidos, China, Australia, Países Bajos, Reino Unido, Brasil yéetel Bangladesh. Tu ya’alo’obe’ tu k’uchul tu xuulil ba’ax p’isa’an yóok’lal kliimáa tu ja’abil 2023, u ya’abile’ leti’e’ yaan ba’al u yil yéetel u chokolil beyxan u yeeloil k’áak’náabo’ob. Uláak’ ba’ax tu ya’alo’obe’, leti’e’ seen k’áak’ tóoknaj Canadá, tumen lelo’ tu beetaj u jach yantal dióxido de carbono je’el bix mix juntéen yáax ila’ak.
Xaak’ale’ ku táakmuk’tik yáax meyaj beeta’an ku k’aaba’tik ‘Advertencia de los científicos del mundo sobre una emergencia climática', jts’a’ab k’ajóoltbil tumen Ripple yéetel tuemn u yéet meyajo’ob, tu pikil ju’unil  'BioScience', ts’o’oke’ táakmuk’ta’ab tumen maanal 15 mil ajxak’al xooko’ob ti’ 161 u p’éel noj lu’umo’ob.
Taak’in ku ts’a’abal yóok’lal kóombustiblées foosilese’ -jump’éel ba’ax beetik jala’ach ts’o’oke’ ku p’íitkunsik bajux ku tojoltik u beeta’al enerjiyae’, ku ko’ojkíinsik bajux ku k’a’amal tumen máaxo’ob meyajtik, wa ku yéensik u ko’ojil ti’ máaxo’ob k’a’abéetkunsik- ba’ale’ lelo’ ka’atéenchaj ichil u ja’abil 2021 yéetel 2022, tumen ka’ache’ 531 mil miyoonesil dolaarées ku tojoltik, ba’ale’ walkila’ maanal jump’éel biyoon.
Beyxan tu winalil julio máaniko’, leti’ ka’aj ila’ab jach táaj chokoj ooxochaj yóok’ol kaab, je’el bix ma’ yáax úuchuko’, ts’o’okole’ yaan xan ba’ax e’esike’ míin láayli’ leti’e’ jach ooxol ts’o’ok u beetik ti’ le ts’ook 100 mil ja’abo’oba’.  
"
U mola’ayil NASAe’ béeychaj u ch’a’ak u yoochel jump’éel chichan uj láak’intik nojoch ka’anil tuunich ,08/11/2023,"Jump’éel chan wóol tuunich, asteroide, xíimbalta’ab tumen naabée espaasyal Lucy, ti’alinta’an tumen NASA te’e k’iino’oba’, tu’ux ila’ab k’a’anan ba’al, yaan ba’ax láak’intik asteroide Dinkinesh: jump’éel chichan uj. 
Le je’ela’ béeychaj u yila’al tumen Lucye’ jmáan naats’ ti’ Dinkinesh, kex 480 miyoonesil kilómetros ti’ u yáax t’o’olil asteroides bak’ik Marte yéetel Júpiter. Le beetik naabee’ tu ch’a’aj u yoochel le chan ba’alo’, ka’alikil yaan kex 435 kilómetros náach ti’. 
Yéetel le je’elo’ béeychaj u yojéelta’ale’, Dinkineshe’ ku p’isik kex 790 metros tu kóochil yéetel chan uj láak’intike’ ku p’isik 220 metros.
Úuchik u máan Lucy naats’ Dinkineshe’ chéen beeta’ab tumen NASA ti’al u kaxta’al uláak’ nukuch asteroides naats’tak ti’ Júpiter. Lucye’ káaj u meyaj tu ja’abil 2021, yéetel yaan u k’uchul tak tu’ux yaan ba’ax k’aaba’inta’an beey asteroides troyanos, tu ja’abil 2027.
"
U p’atik u meyaj Zaldívare’ tu tíitaj SCJN; yaan u táakmuk’tik Sheinbaum “ti’al u k’éexel ba’al”,08/11/2023,"Máax beetik ka’ach u ministroe’ tu k’i’itbesaj ti’ reedes ju’un túuxta’ab ti’ u Jala’achil México tu’ux ku ts’o’olol k’uch tu ts’ook u k’iinil u meyaj tu táan Poder Judicial.
"
Te’e 2023a’ tu jach beetik ooxol je’ex mix juntéen úuchuk; octubree’ k’uch tu jach ka’analil p’iis,09/11/2023,"Le octubre máanika’, tu beetaj ooxol je’el bix mixjuntéen yáax u’uyak ichil tuláakal yóok’ol kaab, tumen k’uch maanal 1.7 grados Celsius (3.1 grados Fahrenheit) asab ooxol ti’ preindustrial promeedyóo ti’ le winalo’. 
Octubree’ 0.4º Celsius (0.7º Fahrenheit) asab ooxolchaj ti’ le beyka’aj jets’a’an jach ka’anchaja’an ti’ le winalo’, tu ja’abil 2019, ts’o’oke’ lelo’ tu beetaj tak u ja’ak’al u yóol Samantha Burgess, máax beeik u súubdirektorail Servicio de Cambio Climático Copernicus, europeail mola’ay k’a’aytik lalaj winalo’ob beyka’aj u chokolil yóok’ol kaab, k’áak’náab, ichil uláak’ ba’alo’ob.
Yóok’lal túun bix ts’o’ok u yila’al chokojchaja’an lu’um tak te’e k’iino’oba’, óoli’ ku béeytal u je’ets’ele’ u ja’abil 2023e’ leti’e’ kun asab chokoj yooxolchajal je’el bix mix juntéen yáax úuchuko’, je’el bix a’alab tumen Copernicus.
Ajxak’al xooko’obe’ táan u ch’úuktiko’ob bix u bin u k’éexel u chokolil yóok’ol kaab, ti’al beyo’ u na’ata’al bix u jelpajal ba’al yóok’lal ba’ax k’ajóolta’an beey emisiones de gases de efecto invernadero, ku yantal tumen wíinik. U chokojtal yóok’ol kaabe’ ku beetik u jach piimtal wa u mu’uk’anchajal ba’ax ku k’iin ti’ wíinik, je’el bix yáax k’iin, chak ik’alo’ob, tu ya’alaj Peter Schlosser, máax beetik u bíicerectoril Laboratorio de Futuros Globales tu noj najil xook Universidad Estatal de Arizona. 
“Sáasil yanik táan k-ilik ba’alo’ob yaan xan u jelbesik ba’al tu kuxtal ya’abach wíiniko’ob”, tu ya’alaj Schlosser. “Kexi’ ka k-u’uy le ba’ax táan u ya’alalo’, tumen u jaajile’ kex walkil 50 ja’abo’ob, wa maanal ti’, unaj ka’ach kbeetik”.  
Ts’o’ok u jach beetik ooxol te’e ja’aba’, tumen k’áak’nabo’obe’ táan xan u chokotalo’ob, le beetik ku yila’ale’ tu bin u p’íittal ba’ax ku beeta’al ti’al u ch’éenel u chokotal le lu’uma’. Ts’o’ok u yúuchtal ts’u’uts’a’ak ooxol ku yantal tumen k’áak’nabo’ob, tumen tak u 90% ku ch’éejsiko’ob, tu ya’alaj Burgess.  
"
Biologo’obe’ táan u xak’altiko’ob juntúul jela’an mexikanoil lobo ku máan táanxel tu’ux suuka’an u yantal,09/11/2023,"Tu xamanil Nuevo México, ti’ ku yila’al u máan juntúul mexikanoil lobo taak u náachtal ti’ tu’ux suuk u yantal, ts’o’oke’ leti’e’ juntúul jela’an ba’alche’ ku yila’al Norteamérica.  
Jo’olpóopo’obe’ kaláantik u kuxtalil k’áaxe’ tu ya’alo’obe’ juntúul u xch’uupulil lobo sajbe’entsil yanik u ch’éejele’ náachchaj ti’ k’áax k’ala’an ti’al u kaláanta’al, tu baantail u noojol-lak’inil Nuevo México yéetel u noojol-lak’inil Arizona. Ba’alchee’ k’áat tu interestatalil 40, tu chik’inil Albuquerque tu káajbal le winala’, ts’o’oke’ ila’ab ti’ ku máan tu baantail u wiitsilo’ob Jemez Springs.
Le je’ela’, u ka’atéen u máan te’e xamano’ ba’alche’ ts’a’aban u k’aaba’ beeyF2754. Tu k’iinilo’ob ke’elil le ja’ab máaniko’, k’uch tak Montañas Rocosas, naats’ Taos (Nuevo México), tak ka’aj chuuk ti’al u suta’al tu kaajal Arizona.
Jo’olpóopo’obe’ tu ya’alob táan u ch’úukta’al ba’ax ku beetik lobo yéetel ma’ u jets’o’ob wa yaan u chu’ukul ti’al u suta’al tu’ux luk’ij. 
Yaan a’almajt’aano’ob láayli’ uanj u xak’alta’alo’ob tu táan federal tribunalo’ob ti’al u je’ets’el bix kéen ka’a líik’sa’ak u ya’abta’al lobo; jump’éele’ leti’e’ ku jets’ik u meyajil Servicio de Pesca y Vida Silvestre ti’ u lu’umil Estados Unidose’ unaj u tselik je’el ba’axak mexikanoil lobo ka yanak tu xamanil interestatal 40, kex wa ma’ táan u beetik k’aas wa kex mix ba’al ku beetiko’obi’. Yaan túun máaxo’ob ku meyajo’ob ti’al u kaláanta’al u kuxtalo’obe’, tu beetajo’ob líik’saj t’aan tumen ku ya’aliko’obe’ le a’almajt’aano’ ma’ tu chíimpoltik siensyáa.
"
Nuxi’ ka’an óoli’ je’ex Vía Lácteae’ ku jelbesik bix u pakta’al Yóok’kabil Lu’um,09/11/2023,"K’eexilo’ob táan u yantal yóok’lal ba’ax ku chíikbesa’al tumen u noj ichil James Webbe’ ku beetiko’ob u tukulta’ale’ táan u káajal u yi’ij siensyáa, ikil tána u yila’al Noj Ka’ane’ maas tsola’an ti’ le ku tukulta’alo’.
"
Táan u xak’alta’al bix u beetik xíiwo’ob ti’al ma’ u kíimilo’ob kéen chichanchajak k’iino’ob,10/11/2023,"Jump’éel túumben xaak’al meyajta’ab tumen Universidad de Michigan State ku ye’esik ba’ax ku beetik xíiwo’ob kéen p’áatak mina’an u sáasil k’iin kéen chichanchajak k’iin ikil u bin u náats’al u k’iinilo’ob ke’elil.
Xaak’al jts’a’ab k’ajóoltbil tu pikil ju’unil Plant Physiology ku ye’esike’, xíiwo’obe’ yaan jejeláas u sistemasil ti’al u béeytal u kuxtal kéen k’éexek u chichil u máan k’iin, ts’o’oke’ lelo’, jump’éel ba’al je’el u yáantaj ti’al ka yantak u jeel paak’áalo’ob, ka béeyak u kuxtal ti’ jejeláas chokoj wa síis k’iino’ob.
Máax beet xaak’al, Tom Sharkey, ti’ u noj najil xook Colegio de Ciencias Naturales de Michigan State, tu ya’alaj ti’ k’a’aytajil ts’íibe’, “jach bin táaj uts tu yich u k’áatchi’il: u yúuchul fotosíintesise’ je’el u ch’éejsik u páajtalil u nuuktal xíiwo’ob, wa u nuuktal xíiw beetik k’uchul tu xuul fotosíintesis”.
“Yéetel túun le k’áat chi’ je’elo’, taakchaj k-ojéeltil bix je’el u k’éexel ba’al kéen jo’op’ok u nuuktal xíiw wa ka p’íitkunsa’ak sáasilku k’amiko’ob kéen káajak u chichanchajal k’iin”.
Ti’al u na’atal bix u k’éexel xíiwo’ob kéen káajak u nojochtal wa u chichantal k’iine’, ajxak’al xooko’obe’ meyajnajo’ob yéetel xíiw ku k’aba’tik Camelina sativa, paak’áal ku meyaj beey modelóo ti’al oleaginosa i’inajo’ob, tu’ux k’a’abéetkunsa’ab espectrometría de masas yéetel núcleo de metabolómica.
Beey túuno’, tu jets’o’obe’: xíiwo’obe’ ku jelbesiko’ob bix u k’a’abéetkunsiko’ob u muuk’o’ob kéen u yilo’ob beyka’aj u sáasil k’iin ku k’amiko’ob. Múuch’ meyaje’ béeychaj u yilik kéen chichanchajak k’iine’ , ma’ tu chúukpajal u súutukil ti’al u beetik fotosíintesis, le óok’lale’ k’a’abéet u maas kanik u séeb k’a’abéetkunsiko’ob u sáasil k’iin. Xíiwo’obe’ ku béeytal u beetiko’ob ikil u nonojkúunsiko’ob u taasail fotosintetikáa beyxan ikil u yéensiko’o beyka’aj u yiik’al ku ch’a’ako’ob. Beyxan ku maas k’a’abéetkunsiko’ob muuk’ ti’al u tóop’olo’ob, tumen leti’e’ tu’ux ku yúuchul le fotosíintesiso’.
Ba’ale’ beyxan, uláak’ ba’al ila’ab ti’ xíiwo’obe’, ku maas much’ko’ob áasukar ikil u sutiko’ob áalmidon ka’alikil jok’a’an k’iin ti’al u yantal u muuk’o’ob kéen okok áak’ab, tumen maas chowak. Beyxan ku xaankúunsiko’ob bix u k’e’ek’exiko’ob metabolitos ichil u bakoulas yéetel uláak’ u xéexet’ajo’ob séelular, ts’o’oke’ lelo’ ku yáantiko’ob ti’al u yantal u p’iisil karboonóo k’a’abéet kéen áak’abchajak.  
"
"Meerech, juntúul ba’alche’ ku paklan jaantikuáaj",10/11/2023,"Kex tumen juntúul ba’alche’ taasbil úuchik u beeta’al tu petenil Yucatáne’, 
meerech pata’an u k’aaba’ beey abaniquillo costero maya (Anolis sagrei mayensis) juntúul chan ba’alche’ k’ajóolta’an te’e lu’umilo’, ts’o’oke’ suuk u yantal ti’ noj kaajo’ob, a’alab tumen ajxaak’alo’ob. Ku tséentikubáaj yéetel mejen ik’elo’ob, je’ex amo’ob, ts’o’oke’ ku jaantik tak u mejenil kéen yanak.Jbiologóo Emmanuel Cambranis Cab, máax xooknaj tu noj najil xook Universidad Autónoma de Campeche, tu ts’áaj k’ajóoltbile’ le chan meerecha’ tu ch’a’aj u moots’ tu petenil Cuba yéetel Bahamas, yéetel tu k’áak’náabil Caribe; ba’ale’ k’ujsa’an tak uláak’ lu’umo’ob, je’el bix México, Panamá, Taiwán, Singapur, Ecuador, Brasil, Israel yéetel Florida, Estados Unidos.
Pedro Enrique Nahuat Cervera, máax táaka’an tu múuch’kabil Ekuneil Península de Yucatán, tu ya’alaj le chan ba’alche’a’ ku p’isik kex ichil 15 tak 20 sentiimetróos tak tu nej, ts’o’oke’ ku maas chowaktal ti’ u wíinkilal.
Beey túuno’, José Rogelio Cedeño Vázquez, máax ku meyaj tu kúuchil Colegio de la Frontera Sur, tu ya’alaje’ juntúul chan ba’alche’ óol piim u wíinkilal, ts’o’oke’ jejeláas u boonil u paach, ba’ale’ u ya’abile’ koob wa samal boox yéetel wi’iwits’ boox. Yaan u p’o’ot tu yaanal u kaal, ti’ xoobe’ k’aank’an, chak k’aank’an wa óol chak; ti’al u xch’uupulile’ chichan ba’ale’ ku meyaj ti’, ts’o’oke’ yaan jayp’éel u boonil. U yaal u k’abe’ chowak, yéetel yaan u chan ts’u’uts’ukil, lelo’ u k’áat u ya’ale’ uts u ti’al tumen beey u séeb áalkab wa u síit’.  
"
Áantaj ti’al u bo’olil u ts’íibta’al u chíikulal mola’ayo’ob tu táan IMPI ti’al ajmeyajo’ob tu kaajil Tulum,13/11/2023,"U mola’ayil Economía tu kaajil Tulume’ táan u páayt’antik máaxo’ob ti’ yaan jump’éel komeersyóoe’ ti’al u k’a’abéetkunsiko’ob deskuento táan u beeta’al yóok’ol u 90 por sientoil ti’al u béeytal u ts’íibta’al maarkas tu táan Instituto Mexicano de Propiedad Industrial (IMPI).Bady Gómez Soberano, máax jo’olbesik Economía tu kaajil Tulume’, tu ts’áaj k’ajóoltbile’ le je’ela’ jump’éel nu’ukbesaj ku k’aaba’tik “La importancia del registro de marca”.Beey túuno’, tu k’a’ajsaje’, jayp’éel winalo’ob paachile’, beeta’ab u yáax káampanyail, ts’o’oke’ jach ma’alob úuchik u k’a’amal tumen maanal 30 u túul máako’ob, ichil jkoonolo’ob, jmeyaj k’abo’ob, ichil uláka’o’ob, tu táakbesubáajo’obi’.Le je’el túuna’, táan u beeta’al ti’al u ch’a’ajolta’al yáax meyaj beeta’ab, úuchik u ts’a’abal ka’ap’éel táayeres beeta’ab, jump’éele’ tu kúuchil Cabildo yéetel u jeele’ tu kaajil Cobá. 
Tu tsikbaltaje’, máax u k’áat u yoks u ju’uno’obe’, wa u yojéeltiko’ob uláak’ ba’alo’ob yóok’lal le nu’ukbesaja’, ku béeytal u túuxtik ts’íib te’ela’: [email protected] wa u túuxtik WhatsApp 984 212 2583.“Le beetike’, u mola’ayil IMPIe’ tu ya’alaj: Tulume’ taak meyaj, ts’o’oke’ taak xan u beetik ba’al je’el bix jets’a’anilo’, le beetik k’a’anan u ts’íibta’al maarkáas tu táan máax chíimpoltik, le óok’lal beeta’ab u ka’atéenil le nu’ukbesaja’, ts’o’oke’ walkila’ táan u je’ebel u prerejistroil”, tu ya’alaj. Beyxan tu tsikbaltaje’, u beetik máak le rejistroa’ uts u taal tumen ku ts’áaj u páajtalil u yantal uláak’ ba’alo’ob ti’ máax ti’alintik, ts’o’oke’ tumen ku táakmuk’ta’al tumen IMPI. Tu ya’alaje’ máax kéen u yóot u beete’, ku yutstal u túuxtik u ju’uno’ob, ti’al beyo’ u p’áatal de legal ba’ax ku meyajta’al, yéetel ka p’áatak chéen u ti’al u loogoil yéetel ba’ax ku beetiko’ob.“Yaan k’iin ku yúuchule’, ku k’ubéenta’al ka beeta’al u disenyoil yéetel u maarkail mola’ay wa meyaj, ba’ale’ ku taal u ts’aej yaanal tu’ux ch’a’abij, wa ma’e’ yaan jump’éel yáax beeta’an jach óoli’ beyo’, le beetik IMPIe’ leti’e’ máax jets’ik yéetel táakmuk’tik maarkas yéetel diseenyi, ts’o’oke’ ku k’ubik tak ju’un a’alik a ti’al”; tu ya’alaj Gómez Soberano.Ti’al u beeta’ale’ k’a’abéet u chu’upul jump’éel formatóo ti’al u káajsa’al.
"
Yaan u ts’a’abal kaambalo’ob ti’al mola’ayo’ob koonol yéetel náajal ti’ maaya kaajo’ob,13/11/2023,"U jala’achil u péetlu’umil Quintana Roo, ikil táan u meyaj u mola’ayil Secretaría de Desarrollo Económico (Sede), yaan u múul beetik yéetel Banca de Desarrollo Nacional Financiera (Nafin) noj meyaj ku k’aaba’tik Tercera Jornada del Programa de Capacitación en Gestión de Negocios e Inclusión Financiera para Hablantes de Lenguas Originarias, tu kajailo’ob Kopchen, Tihosuco yéetel Chumpón, méek’a’ano’ob tumen u noj kaajil Felipe Carrillo Puerto.
“Ichil ba’ax táaka’an tu mokt’aanil Nuevo Acuerdo por el Bienestar y Desarrollo de Quintana Roo, jets’a’ab ka yanak u beeta’al meyajo’ob ti’al u p’íitkunsa’al xma’ keetil kuxtal, le beetik jala’ache’ táan u ts’áak u yóol u meyajt nu’ukbesajo’ob tumen jala’ach, ts’o’oke’ ti’al u béeytale’ yaan u káajal meyaj yiknal maaya kaajo’ob”, a’alab ti’ k’a’aytajil ts’íib.
"
K’a’ayta’ab sajbe’entsil Islandia tumen je’el u wáak’al wiitsil k’áak’e’,13/11/2023,"Grindavik, islandesail kaaj yéetel kex 4 mil máake’, p’áat tu juunal úuchik u jóok’sa’al u máakilo’ob le viernes máaniko’ tumen káaj u yáalkab maagma te’elo’; lelo’ tu beetaj xan xíikil yéetel u tíitkubáaj lu’um, ts’o’oke’ ajxaak’alo’obe’ ku ya’ako’ob lelo’ óoli’ u chíikulal tu taal u tuul le nojoch ba’alo’.
"
"Osteoporosis, xmukul k’oja’an táan u bin u piimtal tumen ojéela’an ya’abach ba’alo’ob yóok’lali’",14/11/2023,"U ya’abil ko’olel maanal 50 u ja’abile’ ma’ u yojel ya’abach ba’al yóok’lal u k’oja’anil baakel k’aaba’inta’an osteoporosis, ts’o’oke’ yaan kex maanal u táan chúumukil máake’ ku binetik kaalsyóo tu wíinkilal; sajbe’enstsil yanik u séeb káachal wa u téejel u kaal u k’ab, wa u paach, ts’o’oke’ kéen u chuk 75 u ja’abile’ ku maas yantal sajbe’entsil u káachal u t’e’et’ máak. Leti’e’ túun le ba’axo’ob beetik u jach talamchajal u kuxtal wíinik tumen kéen ts’o’okoke’ ma’ tu béeytal u péek wa u líik’il máak, yéetel ku maas p’atik u sajbe’entsil u kíimil máak tu jo’oloj yáax ja’ab úuchuk le loobilajo’, tu tsikblataj Guillermo Ortiz, máax ku meyaj tu kúuchil Instituto Nacional de Perinatología. 
Ichil xookilo’ob beeta’an tumen Secretaría de Salud ku yila’ale’ u k’oja’anil osteoporosise’ maas séeb u tsa’ayal ti’ máak ts’o’ok 60 u ja’abil, yéetel u 80 por siientoile’ ku ts’áak ti’ ko’olel. Tu tsikbaltaje’ juntúul ti’ lajuntúul ko’olel, yéetel juntúul ti’ junk’aal xiibo’ob maanal 50 u ja’abile’, yaan u káachal u t’e’eto’ob chéen wa ba’ax k’iin ti’ u kuxtalo’ob. 
Ts’o’okole’, ichil 12 tak 20 por sientoil máaxo’ob kaachal u t’e’ete’ ku kíimilo’ob tu yáax ja’abil úuchuk ti’ob; u chúumukil máaxo’ob ku tsa’ayalo’ob kuxtale’, ku p’áatalo’ob yéetel díiskapasidad parsial, yéetel u 10 por sientoile’ yéetel díiskapasidad total.
Uláak’ ba’ale’, ma’ k’ajóolta’ab bix u ts’áak le k’oja’anila’, wa ba’axo’ob e’esik táan u tsa’ayal ti’al ka yanak u kaxta’al áantaj ma’ili’ káachak mix jump’éel baaki’, tu ya’alaj Alejandro Vázquez Alanís, máax jo’olbesik Asociación Mexicana de Metabolismo Óseo y Mineral (Ammom). Sáasil yanik ba’ax e’esik tu tsa’ayal le k’oja’anila’: u bin u kabaltal máak, u k’éechel u paach máak, ba’ale’ kex beyo’ u ya’abil máax ti’ ku tsa’ayale’, ku chíikpajal kéen yáax káachak baak. 
Tu ya’alaje’, u k’oja’anil baakele’ ku tsa’ayal ich xmukulil.
"
U glasyaarilo’ob Groenlandia jo’otéen u asab chich yíibil keetel yéetel le bix u yúuchul walkil 20 ja’abo’ob,14/11/2023,"U chokojtal yóok’ol kaabe’ ts’o’ok u beetik u jo’otéenchajal u chichil u séebil u yíibil yeelóo yaan tu glaasyaarilo’ob Groelandia keetel yéetel le bix u yúuchul ka’ach walkil 20 ja’abo’ob, beye úuchik u ya’alal tumen u ajxak’al xookilo’ob Universidad de Copenhague. 
U yíibil yeelo Groelandiae’ ku beetik u yantal chi’ichnakil, tumen u yáal yeelóo maas úuchbene’ yaan ja’ je’el u chukik ti’al u ka’ankúunsa’al tu’ux naakal k’áak’náab kex tak yóok’ol 6 meetróos wa ka k’uchul láaj yíibile’.
Jump’éel xaak’al beeta’an yóok’ol jump’éel miyaar glasyaro’ob te’e baantao’ tu ye’esaje’, u séebil u bin u yíibil yeeloe’ ts’o’ok u túumben ch’a’ak u séebil ti’ le ts’ook junk’aal ja’abo’obo’, tu ya’alaj Anders Anker Bjork, máax ku meyaj Departamento de Geociencias y Gestión de Recursos Naturales tu noj najil xook Universidad de Copenhague. 
Glasyaro’obe’ ku yíibilo’ob kex 25 metróos ichil jump’éel ja’ab, ba’ale’ walkil junk’aal ja’abo’obe’ chéen ichil 5-6 metróos ku yíibil. Le je’elo’ béeychaj u yojéelta’al ka’aj xak’alta’ab bix úuchik u k’éexel glasyaro’ob tu ts’ook 130 ja’abo’ob, yéetel u yáantajil oochelo’ob ku ch’a’abal yóok’olo’ob, beyxan yéetel 200 mil úuchben oochelo’ob. 
Yóok’ol kaabe’ ts’o’ok chokojtal 1.2 graados sentigraados yóok’ol ti’ le ku k’aaba’tik temperaturas preindustriales, ts’o’oke’ “óoli’ seguro” u ja’abil 2023 leti’e’ tu’ux kun asab beetik ooxol ichil u ts’ook 125 mil ja’abo’ob, jets’a’ab tumen ajxak’al xooko’ob Unión Europea.
"
Kóoj yáax méek’ k’ojo’ob tu kaajil Cozumel,14/11/2023,"Ch’íich’o’obe’ uts ba’ax ku ye’esiko’ob tumen u k’áat u ya’alej uts yanik lu’um tu kúuchil Reserva Ecológica de Laguna Colombia, ku ya’alik múuch’kabil kaláantik yóok’ol kaab.
"
Túumben xaak’ale’ tu ye’esaj ts’o’omel poole’ ku ka’a tojtal u yóol tu jo’oloj ukp’éel winal ch’éenek káaltal,15/11/2023,"Jump’éel xaak’al beeta’abe’ tu ye’esaj ba’ax ku yúuchul tu ts’o’omel u pool máak kéen ch’éenek u káaltal tu jo’oloj úuchuk wa ba’ax talamil yóok’lal le káaltalo’l (AUD, yóok’lal bix u k’aaba’ ich inglés t’aan) tu’ux chíikpaje’, manaal ukp’éel winalo’ob ku máan ti’al u chan utstal u yóol u wíinkilal máax jach ku káaltal ka’achij.Aj xak’al xooko’ob ti’ u noj najil xook Universidad de Stanford tu beetajo’ob xaak’al yóok’ol 88 máako’ob ch’éen u káaltal tumen yanchaj ti’ob AUD, tu’ux ila’ab u ya’abil ti’ leti’obe’ ka’a piimchaj tu’ux jaaychaj u ts’o’omel u pool máak tu jo’oloj 7.3 winalo’ob. 
U yáal ts’o’omel pool k’ajóolta’an beey corteza cerebral leti’e’ yáal maas jach táaj yu’uyuch yaan ichil u ts’o’omel máak, ts’o’oke’ k’a’anan ti’al ya’abach ba’al tu na’at wíinik, le beetike’ u jaaytale’ ku beetik u jelpajal ba’al, je’el bix kéen tukulta’ak u beeta’al wa ba’ax yéetel kéen je’ets’ek wa ba’ax.Lela’, ku béeytal u ch’éejsa’al wa ka ch’éenek u káaltal máax beetik, tumen kex ka’aj u ts’áaj u yóol ti’al u jets’iko’ob wa ba’axe’, le yáal je’elo’ ku chan p’íitkunsik le beyka’aj u meyajo’.
Xaak’ale’ tu ye’esaj máaxo’ob ku ch’éenel u káaltalo’obe’ ku ka’a piimkunsik le yáal ts’o’omel pool je’elo’ tu jo’oloj 7.3 winalo’o tu jo’oloj ch’éenek u káaltalo’ob.
Xaak’alo’ob yáax beeta’ane’ meyajnaj ti’al u na’atale’ bix u yutstal u ts’o’omel u pool máak tu jo’oloj yáax winal ch’éenek káaltal, ba’ale’ ajxaak’alo’obe’ tds’o’ok u béeytal u jets’iko’ob beyka’aj ku xáatal tak kéen u ch’a’a u yóol. 
Ba’ax chíikpaje’, béeykunsa’ab yéetel u yáantajil resonancia magnética ti’al u béeytal u xak’alta’al 34 u jaatsil u ts’o’omel u pool máak. Xaak’al beeta’abe’ jts’a’ab k’ajóoltbil tu pikil ju’unil Science Direct.
"
Expo Cenotes: múuch’tambal ti’al u chíikbesa’al kúuchilo’ob ti’al xíimbaltbil tu’ux ku chíimpolta’al yóok’ol kaab,15/11/2023,"Te’e k’iino’ob ku taala’ yaan u beeta’al tu kúuchil Centro de Convenciones Siglo XXI, jump’éel meyaj ku k’aaba’tik Expo Cenotes, le je’ela’ yáax juntéen u beeta’al, ti’al u péektsilta’al xíinximbal meyajta’an tumen maaya kaajo’ob, beyxan le ku beeta’al ti’al u kaláanta’al yóok’ol kaab, yéetel le ku beeta’al ti’al u ka’ansa’al wíinik u kaláant kúuchilo’ob tu’ux yaan ja’.Antonio Ceballos, máax beetik le meyaja’ yéetel máax xan ku ka’ansaj ti’al u bulkuáaj máak tu kúuchil Yucatán Dive Center, tu ts’áaj k’ajóoltbile’ yéetel le ba’ax kun beetbila’ táan u kaxta’al ka péektsilta’ak ich kaaj u k’a’ananil ts’ono’oto’ob ti’al kaajo’ob, ba’ale’ beyxan ti’al yóok’ol kaab.Le beetike’, yaan u páayt’anta’al maanal 200 máako’ob ti’ kaajo’ob tu’ux yaan ts’ono’oto’ob, máaxo’ob kun k’áatik ka xíimbalta’ako’ob ba’ale’ ka kaláanta’ak ja’ yéetel ts’ono’oto’ob ku xíimbalta’alo’ob. 
Meyaje’ yaan u beeta’al 17 tak 19 ti’ noviembre ku taala’, tu kúuchil Salón Chichén Itzá 1, tu’ux yaan u much’kubáaj máako’ob u yojel bix u kaláanta’al ts’ono’oto’ob, beyxan máaxo’ob meyajtik xíixinbalil, kananil, u ka’ansajilo’ob ti’al u bulkubáaj máak ich ja’, ba’ale’ beyxan ti’al u táak’muk’ta’al maaya kaajo’ob kun tsikbaltik ba’ax u yojelo’ob tu táan máak.“Xma’ bo’olil u yokol máaki’, ma’ xan k’a’abéet u yáax ts’íibtik u k’aaba’ máak ti’al u bin’i yéetel je’el máaxak ku béeytal u bine’, ba’ale’ taak t’anik táakpajal najilo’ob xook ti’al kts’áak k’ajóoltbil kt’aan ti’al kmúulan kaláantik ja’ yéetel uláak’ paalal ku bin u líik’la’ajalo’ob”, tu ya’alaj Ceballos.Yaan xan u táakbesa’al ko’olelo’ob chakik janalo’ob suuk u beeta’al ti’ maaya kaajo’ob.U ye’esajil Expo Cenotes táan u béeta’al yéetel u yáantajil múuch’kabilo’ob, je’el bix  Cenoteando, Kalanbio, Va por la Tierra, ts’o’oke’ táakmuk’ta’an tumen máaxo’ob ku yáantajo’ob UADY, máaxo’ob ku meyaj Secretaría de Fomento Turístico de Yucatán (Sefotur) yéetel tumen Secretaría de Desarrollo Sustentable (SDS).Yaan u táakpajal máaxo’ob ku meyajo’ob yéetel ku kaláantiko’ob ts’ono’ot tu kaajilo’ob Homún, Tecoh, Tekit, Abalá yéetel Umán, ichil uláak’o’ob. Múuch’tambale’ méek’a’an tumen u meyajil Quinto Festival de Buceo Sustentable, tu’ux yaan u táakpajal maanal 50 buusóos ku taalo’ob ti’ jejeláas u péetu’umilo’ob México, ti’al u betiko’ob jejeláas meyajo’ob te’e ts’ono’oto’obo’, yéetel yaan u táakmuk’tiko’ob meyaj ku beeta’al ti’al u kaláanta’al ja’.
"
U kíinsajil majistradée Ociel Baenae’ láayli’ unaj u sáasilkúunsa’al,15/11/2023,"Fiskal jéeneral, Jesús Figueroa, tu ka’a a’alaj le martesa’, kíinsaje’ jbeeta’ab tumen u núup máax jsa’at u kuxtalo’, Daniel Nieves, máax tu kíinsubáaj xanj. Ka’alikile’ CNDHe’ tu ya’ale’ ma’ patal bix ch’a’anukta’ab ba’ax j-úuch tumen u FGEil Aguascalientes, yéetel u jala’achil Méxicoe’ tu k’áataj ka xak’alta’ak tu beel ba’ax úuchij yéetel LGBTI paakat, yéetel tu k’áataj ka láaj xa’alta’ak ba’al. 
"
U mola’ayilo’ob Yucatáne’ yaan u yéensik bo’ol tak tu 100 por siientoil tumen yaan Buen Fin ,16/11/2023,"U jala’achil u noj lu’umil Yucatán tu k’a’aytaje’ Ichil le 17 tak le 20 ti’ noviembre ku taala’ yaan u táakpajal ichil ba’aax ts’o’ok u k’ajóolta’an beey Buen Fin, le beetike’ yaan u beetik próomosyoones, yaan xan u beetik deskuentóos tak tu 100 por sientoil yéetel yaan xan u ts’áak u jejeláasil bix u yúuchul bo’ol, ti’al beyo’ u yáanta’al kajnáalo’ob yéetel taak’in ku k’a’abéetkunsik.
U mola’ayil Junta de Agua Potable y Alcantarillado (Japay) tu k’a’aytaje’ yaan u ts’áak deskuentóo yóok’ol u 100 por sientoil ti’ bo’ol unaj u beeta’al ti’al muultáas yéetel rekargóos, ts’o’oke’ lelo’ yaan u yila’al kéen bo’olnak máak.
Beyxan ti’al u p’áatal al día máake’, deskuentose’ yaan u béeytal u ts’a’abal ti’al máax kun bin béentaniyáa, ba’ale’ beyxan ti’al máax kun bo’ol tu appil séelular, yéetel tu kúuchil Internet japay.yucatan.gob.mx.
Yaan u k’a’amal éeftektibóo, beyxan u táarjetasil debitóo yéetel kreeditóo, ts’o’oke’ yaan xan u ts’a’abal xma’ interesil ti’al le táarjetas táakbesa’ano’obo’.
Beey túuno’, u mola’ayil Instituto de la Vivienda del estado (IVEY) yaan xan u ts’áal deskuentoos tak tu 50 por sientoil ti’al ba’ax k’ajóolta’an beey intereses moratorios. 
Lela’ chéen yaan u ts’a’abal u ts’ook bo’olil cartera cobrable yéetel jurídica en liquidación, jts’a’ab ka’aj jets’a’ab u kóontratosil réegularisasyóon, úunibersal naj, beyxan ti’al u ma’alokúunsa’ab naj wa autoinstrucción.
Beyxan máaxo’obb yaan u muultaob tu táan u mola’ayil Secretarías de Seguridad Pública (SSP), de Salud (SSY) yéetel de Desarrollo Sustentable (SDS) je’el bix xan Agencia Transporte de Yucatán, yaan u páajtal u tse’elel ti’ob u 50 por sientoil bo’oj unaj u beeta’al.
Uláak’ ba’ax kun táakbesa’al Buen Fine’, leti’ u ts’a’abal u 50 por sientoil deskuento u muultáasil beyxan rekargóosil impuestos tu lu’umil Yucatán, je’el bix xan yóok’lal u meyaj máak, yóok’lal nomiináa, u wu’ulatal máak, u jóok’sa’al gaases ti’ le atmosferao’, beyxan u k’askúunta’al lu’um, u yáal yáanal lu’um yéetel ja’.
Ti’al túun u yutsil k’a’amal máak le deskuentosa’ unaj u bo’ota’al jumpuul tuláaka’al ba’ax ma’ili’ máanak u ts’ook k’iinil dekretóo. Ts’o’oke’ táaka’an xan íimpuesto ku ts’a’abal ti’al máax ku beetik obras máaterialées yéetel áantaj ku beetik u yantal ejercicio profesional.
"
Ajxak’al xooko’obe’ tu ye’esajo’ob bix táan u meyajta’al u lu’umil uj ti’al ka béeyak u yúuchul paak’áali’,16/11/2023,"Wa tumen ka k’uchuk wíinik kajtal tu paachil k’iin tak te’e Ujo’, yaan u k’a’abéetkunsik wa ba’ax ti’al u yantal ba’al u jaant te’elo’. Ba’ale’ ma’ unaj u jáan tuklik máaki’ wa je’el u béeytal u pa’ak’al ixi’im wa triigóo chéen tumen táats’ yanik lu’umi’, mix xan ka piimchajak ko’oli’ wa ka nonojchajak joochi’i. Kex beyo’ ajxak’al xooko’obe’ táan u náachtal ba’ax ku yojéeltiko’ob yóok’lal paak’áal te’e ujo’; a’alab te’e k’iino’oba’ ts’o’ok u kaxta’al bix je’el u béeytal u yúuchul paak’áal tu lu’umil Uj wa ka béeyak u yoksa’al bakteeryáas ka u ya’abkúuns beyka’aj fosforóo yaani’, tumen lelo’ k’a’anan ti’al u tséentikubáaj paak’áalo’obi’. 
Tu beetajo’ob xaak’al yéetel jump’éel u láak’ k’uuts, ba’ale’ k’e’ebéetkunsa’ab u lu’umil uj xmajan beeeta’ab, k’aaba’inta’an regolito lunar, ti’ jump’éel kúuchil xaak’al yaan China. Te’el túuno’, ila’abe’ wa ka oksa’ak óoxp’éel u jejeláas bakteryase’, ku yantal xíiiwo’ob asab chowaktak u yook yéetel u moots, ts’o’oke’ je’el u maas aaltal u ch’úuyul u k’ab, wa ku ke’etel yéetel le jpak’a’ab tu lu’umil tu’ux mina’an le mikrobioso’.Ichil ba’ax a’alab tumen ajxak’al xooko’obe’, bakteriase’ tu beetaj u p’áatal maas aasidóo le lu’umo’. Le beetike’, le beyka’aj p’íit yanik u bak’pachil pHe’ tu beetaj jáawal minerales insolubles u ts’u’uts’majo’ob fosfato yéetel tu cha’ajo’ob fosfooróo yaan ti’ob, ts’o’oke’ beey úuchik u nonojkíinsiko’ob mineeral yaan ti’al xíiwo’ob.
Edición: Ana Ordaz
"
López Obradore’ tu k’áatóoltik ka yanak mokt’aan yóok’lal fentanilo ich Biden yéetel Xi,16/11/2023,"U jala’achil Méxicoe’ táan u jach tuklike’, uts kun bin ti’ kéen u much’ubáaj yéetel u yéet máakilo’ob Estados Unidos yéetel China, bejla’a jueves yéetel sáamal viernes, ka’alikil u beeta’al Foro de Cooperación Económica AsiaPacífico (APEC).
"
Monarca péepen,17/11/2023,"Le chan péepena’ -Danaus plexippus u sientifikoil k’aaba’-, juntúul chan ba’alche’ chíikbesik bix u yúuchul múuch’ péek ti’al u bin tak uláak’ táanxel tu’ux, tumen ku xíimbaltik maanal 4 mil 500 kilómetros lalaj ja’ab, ti’al u yáalkab ti’ u k’iinilo’ob jach ke’elil ku beetik Canadá, ti’al u kóojol ti’ jmexikoil lu’um, tumen maas k’íinaktak yéetel ku béeytal xan u ya’abtal tumen. Xik’nal ba’alche’obe’ ku k’uchulo’ob tu winalil noviembre ti’ k’áaxo’ob jatsa’an u ti’alo’ob tu péetlu’umilo’ob México yéetel Michoacán; ku suuto’ob tu xamanil amerikanoil lu’ume’ tak tu winalil marzo, kéen ka’a okok yáax k’iin. K’a’anantako’ob tumen kéen jo’op’ok u xik’nalo’ob ti’al u kóojolo’ob Méxicoe’ ku bin u pak’ik u ta’anil loolo’ob, le beetike’ nojba’al ti’al u toj óolal k’áax. 
Yaan jun jaats’o’obe’ ku bino’ob Caribe, le beetik yaan ku yila’al Florida yéetel Cuba, Jamaica, República Dominicana wa Puerto Rico yéetel tak Petenil Yucatán, ti’ kaajo’ob je’el bix Cozumel, tu’ux ts’o’ok u káajal u yila’ali’.
Ichil ba’ax tu ya’alaj jbiologóo Cristóbal Carrión, monarca péepene’ ma’ tu aaltal mix jump’éel graamoo, ts’o’oke’ u kanmo’ob kuxtal ti’ yóok’ol kaab kex táan u bin u k’éexel, le beetik mu’uk’antako’ob yéetel ma’ tu jach jaanta’alo’ob tumen ch’íich’o’obi’. 
"
Túumben xaak’ale’ tu chíikbesaj tu’ux yaan u pool juntúul u eek’il k’áak’náab,17/11/2023,"Jump’éel túumben xaak’al jts’a’ab k’ajóoltbil te’e k’iino’oba’ tu pikil ju’unil Nature, ku ya’alike’, kex ma’ jach beey u tukulta’ale’, u eek’ilo’ob k’áak’náabe’ ku jelbesik u wíinkilalo’ob ti’al u súutulo’ob jach chéen pool. Máaxo’ob xak’altik ba’alo’ob yóok’lal ba’alche’obe’, úuch káajak u tukultiko’ob ba’ax yaan tu pool juntúul u eek’il k’áak’náab, tumen u wíinkilale’ ku ts’áak na’atbile’, míin mina’an u poolo’ob.
Xaak’ale’ beeta’ab tumen u Laboratoriosil Universidades de Stanford yéetel Berkeley (Estados Unidos), ts’o’oke’ jo’olbesa’ab tumen Chan Zuckerberg Biohub San Francisco Investigators. Te’elo’ ila’abe’ u chíikulal u jenetikail firmáas nuupul yéetel bix u yantal pool ti’ óoli’ tuláakal u táankelem eek’ilo’ob k’áak’nab, beyxan jeenes jets’ik u chuun juntúul ba’alche’, yéetel xan u neje’, mina’an. 
Uláak’ jak’be’en óol ba’ax kaxta’abe’, múuch’ xaak’ale’ tu yilaje’ u molekulaar firmasil suuk u nupa’al yéetel beyka’aj u táanil u poole’, ti’ yaan tu chúumukil lalaj k’ab yaan ti’ u eek’ilo’ob k’áak’náab, ts’o’oke’ le firmaso’ ku bin u péek jujump’íitil tak kéen k’uchuk tu jach ti’itsil u k’abo’obo’.“Óoli’ beey ka’a a wa’ale’, u eek’ilo’ob k’áak’náabe’ mina’an u wíinkilal, ba’ale’ ka wilik poolo’ob ku péek tu taamil le ja’o’; ts’o’oke’ lela’ jach mix jump’íit ti’ bix tukulta’anil yanik le ba’alche’oba’”,  tu ya’alaj Laurent Formery, máax ku meyaj Biohub, yéetel u noj yuumil le túumben xaak’ala’.Úuch káajak u péeksa’al u yóol ajxaak’alo’ob tumen u eek’ilo’ob k’áak’náab utmen ma’ tu na’ata’al bix úuchik u p’áatal beey u wíinkilalo’ob, ts’o’oke’ kéen nuukako’obe’ jach íigualtak u ka’atséelil u wíinkilallo’ob kex mina’an u pool wa u nej jach jeets’a’an. 
Ichil ba’ax a’alab tumen  Formerye’, ba’ax chíikpaj ti’ xaak’ale’ ku ya’alik “equinodermos, yéetel u eek’ilo’ob k’áak’náabe’ u jach noj chíikulalo’ob ti’ bix u bin u je’epajal u ja’ajatsil pool k’ajóolta’an tak bejla’e’”. 
"
"Nochebuenas jelbesa’antak, lool tu bin u k’i’itpajal ich koonol ",23/11/2023,"Francisco Gómeze’ u yojel u pak’ik nochebuena lalaj ja’abe’ ku taasik uts tu kuxtal lalaj ja’ab. Ti’al u beeta’ale’ k’a’abéet u yojel máak bix u beeta’al, beyxan bix najmal u kaláanta’al tu jo’oloj bolonp’éel winalo’ob ti’al u jach p’iistalo’ob tu winalil diciembre. Loole’ úuch káajak u pa’ak’al Xochimilco, tu’ux xan ku pak’ik u ti’ali’. 
Gómez tu tsikbaltaj walkila’ ma’ chéen México pak’ik mix konik ti’ uláak’ táanxel lu’umo’obi’, tumen ts’o’ok u káajal u beeta’al u jeelo’ob ba’ale’ jelbesa’antako’ob.Yaan máax biins jayp’éel u loolilo’ob nochebuena tak Estados Unidos, ba’ale’ tu meyajtaj ti’al u jelbesik u ch’i’ibal. Le beetik, yóok’klal le patente je’elo’ ku yantal u bo’olchajal jump’éel kuota. To’one’ kmanik u chuunil le loolo’ ti’ kúuchilo’ob chíimpolta’an no’oja’an u beetik, ba’ale’ leti’ob bo’otik u páajtal u ya’abkunsa’al, tu ya’alaj.Kex tumen nochebuenae’ jump’éel lool siijil tu noj lu’umil Méxicoe’, waklkila’ chéen jeets’el kex 21 u p’éel u jejeláasil ti’ le ya’abach yano’obo’, le beetik máaxo’ob pak’ik te’e noj lu’umo’ ku yantal u manik u chuun wa u moots ti’ uláak’ táanxel lu’umo’ob, tu tsikbaltaj Rubí Sánchez, máax jo’olbesik te’e desarrollo rural te’e distritóo, tu noj kaajil Ciudad de México, ichil u mola’ayil Secretaría de Agricultura y Desarrollo Rural (Sader).Tu ya’alaje’, walkila’ máax pak’ik nochebuenae’ pak’a’anili’ kéen u mano’ob, tumen u béeykunsa’al le je’elo’ jump’éel ba’al talam, ti’al beyo’ u béeytal u kaláantiko’ob tak diciembre, kéen u kono’ob. 
"
"Olotón, u ‘yixi’imal náach k’iin’ ku beeta’al sierra mixe ts’o’oke’ táan u ch’úukta’al tumen biopiratas",23/11/2023,"Jump’éel u jejeláasil ixi’im ts’o’ok u jach úuchtal, kex 5 mil ja’abo’ob, káajak u meyajta’al tumen u máasewal kaajilo’ob sierra mixe, ba’ale’ walkila’ táan u ch’úukta’al tumen tráansnasional mola’ayo’ob yóok’lal beyka’aj u yutsil u béeytal u ch’a’ako’ob nitroojenóo ku yáalk’ab ti’ iik’, ti’al u fertiliisartikubáaj kex mina’an wíinik kaláantik, ti’al beyo’ u ch’éejel u k’a’abéetkunsa’al féertilizantes nitrogenadóos. Olotón ixi’ime’ jump’éel i’inaj siijil tu péetlu’umil Oaxaca. Walkila’ u yich estadunidenseil ajxak’alo’obe’ ts’o’ok u súutul u yicho’ob yóok’ol tumen u k’áat u jóok’so’ob u patenteil ba’ale’ ma’ táan u ts’a’abal meyaj beeta’an tumen kaajo’ob úuch káajak u meyajtiko’ob.Tu noj lu’umil Méxicoe’, ku béeytal u yila’al u jejeláasil le ixi’ima’ chéen tu péetlu’umilo’ob Oaxaca yéetel Chiapas tumen u pa’ak’ale’ ku k’a’abéetkunsik uts lu’um yéetel k’iin, ba’ale’ ajxak’al xooko’obe’ táan u tuklik u jumpáaykunsik utsil ba’al u kanmajo’ob ti’al u ti’alintiko’ob nitrógeno, ti’al beyo’ u béeytal u máansa’al ti’ uláak’ u jejeláasil ixi’im.
Ku tukla’ale’ le noj ba’ala’ uts ti’al u meyajil paak’áal tumen beyo’, je’el u béeytal u p’íitkunsa’al le beyka’aj féertilisantees nitrogenados ku k’a’abéetkunsa’al walkila’, tumen ku ch’a’abal ti’al u ma’alobkunsa’al paak’áal ixi’im ku beeta’al, ba’ale’ ku jach kóontaminaro’ob yóok’lal beyka’aj CO2 ku p’atiko’ob, yéetel u yalabile’ ti’ ku lúubul ich uk’be’en ja’.Ba’ale’, Antonio Turrent, máax ku meyaj Sistema Nacional de Investigadores (SNI) ku ya’alike’ le táan u yóota’al beetbile’ jump’éel ba’al k’aaba’inta’an biopiratería tumen ma’ tu chíimpolta’al meyaj beta’an tumen máasewal kaajo’ob mix xan ba’ax u beetmo’ob ti’al u ma’alobkúunsa’al, tumen úuchben máako’ob tu káajs u beeto’ob, ts’oo’oke’ uláak’ ba’ale’ ma’ táan u k’amiko’ob mix jump’íit náajal wa ku patentarta’al.U t’aanil biopirateríae’ tsola’an tumen Gabriela Soto, máax ku meyaj tu noj najil xook Universidad de Harvard, tu áanalte’il Laboratorios en la selva, tu’ux u ts’íibtmaje’: “U ch’a’abal xma’ su’utsil ba’ax u ti’al wa ba’ax u yojel kaaj yéetel u yáantajil legal ba’alo’ob, ya’abach juntéenake’ yéetel patentes”. Walkila’ UNAM yéetel uláak’ mexikanoil mola’ayobe’ táan u meyajo’ob ti’al ka béeyak u chíimpolta’ak u biolojikail fíijasyon nitrógeno olotón ixi’ime’ u ti’al mixe kolnáalo’ob, máax ti’ unaj u ts’a’abal ju’un jets’ik u ti’alo’ob.
"
Chíimpolta’ab Ana María Diez Aguilar tumen 94 u ja’abil ba’ale’ láayli’ u báabe’ ,23/11/2023,"Ko’olele’ nojba’alkúunsa’ab tumen máaxo’ob beetik Cruce Vallarta, tu péetlu’umil Jalisco, tumen wíinik asab ch’ija’an ku táakpajal ti’ u keetil báab ichil u ja’ilo’ob Pacífico. Sáansamale’ ku yokol ich ja’ ti’al u beetik u estiloil crol, ts’o’okole’ ku náachtal le beyka’aj yaan ichil u jáal ja’il oteel Rosita tak le yáax palapaaso’obo’.
"
Xaak’al beeta’abe’ tu chíikbesaj chimpancése’ ku beetiko’ob ba’al ti’ ba’ateltáambal je’ex wíinike’,27/11/2023,"Tu xuul lu’umil tu’ux yaan 30 máako’ob ku máano’ob kanane’, ku jáan je’elelo’ob kéen u yu’ubo’ob jela’antak juumo’ob. Ts’o’oke’ ku na’akalo’ob p’ichtal yóok’ol jump’éel wiits, ba’ale’ kéen u yilo’ob jach naats’ yanik máaxo’ob ku yu’ubiko’obe’, ku luk’ulo’ob te’elo’. Ma’ tu yilko’ob uts u bino’ob ba’atel wa mina’an ti’ob mix ba’al tu fáaboro’obi’.
Le je’ela’ jump’éel ba’al úuch káajak u yila’al u beeta’al kéen yanak ba’ateltáambal ichil u k’ajla’ayil wíinik, ba’ale’ le j-ila’abo’, ma’ wíiniko’obi’, chimpancés ti’ u kúuchil Parque Nacional de Tai, tu noojol-lak’inil Costa de Marfil.
Máaxo’ob jbeet xaak’ale’ tu ya’alajo’obe’ ts’o’ok u yilko’ob jach bix u k’a’abéetkunsa’al ka’anal p’iicho’ob kéen yanak ba’ateltáambal. Le je’elo’ béeychaj u ya’alal úuchik u ch’úukta’al ba’ax ku beeta’al tumen ka’a múuch’ chimpancés ti’ paarkée kaláanta’an.
Ajxak’al xooko’ob tu ya’alo’obe’ yáax juntéen úuchik u yila’al u k’a’abéetkunsa’al le ch’úuktajil beyo’ tumen le ba’alche’obo’.
“Xaak’ale’ tu ye’esaj beyka’aj u na’ato’ob, beyxan bix u múul meyajo’ob ti’al u yilko’ob tu’ux yéetel ba’ax k’iin u péeko’ob, ba’ale’ ma’ sajbe’entsil u ti’alo’obi’”, tu ya’alaj Sylvain Lemoine, antropólogo biolojikoil ti’ u noj najil xook Universidad de Cambridge yéetel juntúul ti’ u noj yuumilo’ob meyaj jts’a’ab k’ajóoltbil tu pikil ju’unil PLOS Biology.
Lemoine tu ya’alaj “chimpancése’ ku ba’atel yóok’lal lu’um tu’ux ku yantal, tu’ux ku kaxtik u yo’och xan. Nojoch k’áaxo’obe’ uts u ti’alo’ob tumen ku p’íitkunsik beyka’aj ba’atel ku yantal u beetik yéetel u yéet ba’alche’il, ts’o’okole’ u xch’uupulil ba’alche’ ku maas ya’abkunsikubáaj wa beey yaniko’obo’”.
Ichil tu ka’ap’éel múuch’o’ob ch’úukta’abe’ yaan ichil 40 yéetel 45 u túulal, tu’ux yaan jo’otúul wa waktúul xibil ba’alche’, beyxan ichil 10 yéetel 13 xch’uupo’ob, u yalabilo’obe’ táankelemo’ob yéetel neene’ob. 
"
Kaxta’ab u pe’echak’ nuxi’ ''k’aak’as ch’íich’'' kuxlaj Argentina ,27/11/2023,"Walkil 8 miyoonesil ja’ao’obe’, kuxlaj juntúul nuxi’ ch’íich’ yéetel u nukuch íich’ak jmáan chuuk tu jáal ja’ilo’ob Argentina, Río Negro (noojol), ts’o’oke’ yóok’lal bix táan u yila’al u woojil u pe’echak’e’ míin juntúul ch’íich’ ma’ yáax ts’íibta’ak u k’aabai’, beey j-a’alab ti’ k’a’aytajil ts’íib tu jóok’saj Consejo Nacional de Investigaciones Científicas y Técnicas (Conicet).
"
Ts’o’ok u kíimil kex 57 u túul ajts’íib péektislo’ob yóok’lal u ba’atelil GAZA: CPJ,27/11/2023,"Ichil ts’ook xookil beeta’ab tumen Comité para la Protección de los Periodistas (CPJ) lik’ul le 7 ti’ octubre máaniko’, k’iin ka’aj káaj ba’ateltáambal te’e noj lu’umo’, ts’o’ok u sa’atal u kuxtal 50 palestinoil, kantúul israelíil yéetel óoxtúul libaneseil. Te’ela’, wíinik ku yok’tik jperiodistaob Hassouna Sleem yéetel Sary Mansou.
"
Loobilaj ku yantal yóok’ol ko’olele’ ku kíinsik juntúul lalaj ka’ap’éel ooráa: maanal 4 mil ti’ América Latina ich jump’éel ja’ab,28/11/2023,"Walkila’ tu bin u yojéelta’al, táan xan u bin u yantal uláak’ a’almajt’aano’ob yéetel uláak’ xookilo’ob, ba’ale’ kex yéetel le beyka’aj ba’al yano’obo’, u kíinsa’al ko’olele’ láayli’ jach u yúuchul te’e baantaa’. Le beetike’ yaan uláak’ ya’abach t’aano’ob k’áatik ka xu’uluk loobilaj.
U múuch’kabil Comisión Económica para América Latina y el Caribe (Cepal) tu ts’áaj ojéeltbile’ ti’ ts’ook xookil beeta’abe’, ila’ab láayli’ u yantal le noj talamila’ ti’ 26 u p’éel noj lu’umo’ob: juntúul ko’olel ku kíinsa’al, chéen tumen leti’, lalaj ka’ap’éel ooráa.  
Tu ja’abil 2022e’, ko’olel kíinsa’ab ichil latinoamericanail lu’ume’ jnáak taj 4 mil 50, lela’ jóok’sa’ab yéetel le beyka’aj juno’ob k’uba’ab tumen le noj lu’umo’obo’, ts’o’oke’ jts’a’ab k’ajóoltbil úuchik u máan Día Internacional de la Eliminación de la Violencia contra la Mujer, le 25 ti’ noviembre máaniko’. Múuch’kabilo’obe’ tu ya’alo’ob maas talam yanik ba’al ti’ le ku ya’ala’al tumen le noj lu’umo’obo’. 
Ichil xookilo’ob beeta’an tumen Cepale’, yóok’lal k’áatchi’ob meyajta’ab ti’ lajunp’éel noj lu’umo’obe’, chíikpaj ti’ óoxtúul ko’olele’, ka’atúul ku loobilta’al chéen tumen ko’ole. Ts’o’okole’, juntúul ti’ óoxtúule’ kuxlaj wa kaja’an yéetel u núup wa máax ka’ach u núup loobiltik, “ts’o’oke’ lelo’ ku beetik u jach p’áatal ich sajbe’entsil u kuxtal, a’alab tumen OMS (Organización Mundial de la Salud)”.Beey túuno’, mola’aye’ ku ya’alike’, sajbe’entsil yanik kex 88 miyoonesil ko’olel maanal 15 u ja’abil ichil u lu’umil América Latina yéetel Caribe, ba’ale’ yóok’lal ko’olel maanal 65 u ja’abile’, loobilaje’ “ts’o’ok u suuktal u yila’al yéetel ma’ tu chíikbesa’ali’”.Xaak’al beeta’abe’, tu ye’esaj u 4 por sientoil ko’olel loobilta’ane’, xch’úupalal ma’ u chuk 15 u ja’abil. Ts’o’oke’, ichil ba’ax tu ya’alaj Cepale’, ichil lalaj jo’otúul xch’úupalale’, juntúul ku ts’o’oksa’al u beel wa ku nupa’al yéetel u jeel máako’ob.
Ts’o’okole’, maanal 400 xch’úupalal jp’áat mina’an u na’ wa máax kaláantik úuchik u kíinsa’al, tu ja’abil 2022. 
"
Ba’alche’ob jaantik xíiwo’obe’ ku yáantajo’ob ti’al u jejeláastal u kúulilo’ob che’,28/11/2023,"Junmúuch’ máako’ob tu beetaj jump’éel xaak’ale’, tu meyajtaj jump’éel mapeo tu yóok’kabil k’áaxo’ob kaláanta’an ichil tuláakal yóok’ol kaab, le beetike’ béeychaj u yila’ale’, le tu’ux kuxa’an nonoj ba’alche’ob jaantik xíiwo’obe’ ku jejeláastal xan che’ob ku yantal, ts’o’oke’ lelo’ jump’éel ba’al ku tukulta’al je’el u beetik uts ti kuxtal.U ts’aatáanta’al u jejeláasil k’áaxo’ob yéetel u kuxtal ba’alache’obe’ k’a’anan ti’al u kaláanta’al yóok’ol kaab, ti’al xan u ch’éejsa’al u chokojtal yóok’ol kaab, lela’ jump’éel ba’ax beetik k’a’anantal le nukuch ba’alche’obo’. Ti’ jump’éel túumben xaak’al jts’a’ab k’ajóotlbil tu pikil ju’unil One Earth, junmúuch’ ajxak’al xooko’ob ti’ u noj najil xook Universidad de Lund, tu xak’altaj bix u paklan yantal nukuch ba’alche’ob yéetel che’ob ti’ k’áaxo’ob kaláanta’an.
Xaak’ale’ tu ye’esaje’ u ka’anal yáalil che’obe’ ma’ jach táaj tu’ux yano’obi’, ba’ale’ maas jach táaj ya’ab yaan ti’ k’áaxo’ob tu’ux kaja’an le nukuch ba’alche’obo’, tu ya’alaj Lanhui Wang, juntúul ti’ le ajxaak’al xooko’obo’. Ti’ meyaj beeta’abe’ ila’ab nuupul yanik u nuuktakil ba’alache’ob jaantik xíiw yéetel le jejeláas che’ob ku yantal ti’ k’áaxo’ob kaláanta’an, u ya’abile’ ba’alche’ob ku máan xaak’al yéetel jaantij jejeláas ba’alo’ob, je’el bix éelefantes, bisoontes yéetel alsees, tu’ux ma’ jach táaj k’éexel lu’umi’, tu tsolaj u noj yuumil xaak’al,, Jens-Christian Svenning, ti’ u noj najil xook Universidad de Aarhus.Ichil ba’ax a’alab tumen Lanhui Wang, le túumben ba’ax kaxta’ab te’e xaak’alo’ ku chíikbesiko’ob u k’a’abéetil u múul ts’a’abal ba’alche’ob jaantik wíixo’ob ti’al u ka’a líiks’a’al che’ob yéetel k’áaxo’ob. Ma’ chéen ti’al u yutsil b’alache’ob, tumen ti’al xan u jejeláastal kuxtal. Ajxaak’alo’obe’ u ya’alo’obe’ jump’éel ba’al ma’ táan u jach ch’a’anuktal wa jump’éel ba’al uts ti’al u kaláanta’al yóok’ol kaab. Ba’ax kaxta’ab ti’ xaak’ale’ ku ye’esik u k’a’ananil u tsikbalta’al bix táan u k’a’abéetkunsa’al k’áax yéetel ba’ax unaj u beeta’all ti’al u kaláanta’al. 
"
"Ila’ab bix úuchik u síijil juntúul boox rinoceronte, sajbe’entsil yanik u ch’éejel",28/11/2023,"Máako’ob ku meyaj tu kúchil Chester Zoo, tu lu’umil Inglaterra, béeychaj u táabsiko’ob úuchik u jóok’ol tu nak’ Zuri, juntúul u mejenil le ba’alche’o’ ka’alikil jok’a’an k’iin, jump’éel ba’al ma’ suuk u yila’ali’ tumen suuka’an u yúuchul nuul áak’ab.
"
"Paalal yaan u ja’abil ichil 12 tak 15e’, ku máansiko’ob kex 8 ooráas sáansamal ti’ Internet ",29/11/2023,"Kex u 77 por siientoil paalal yaan u ja’abil ichil 12 tak 15e’, ku xáantalo’ob kex ichil wakp’éel tak waxakp’éel ooráas sáansamal ti’ Internet, ts’o’oke’ ku k’a’abéetkunsiko’ob áaplikaasyones ti’al u cha’ano’ob, ti’al u kaaxano’ob wa ti’al u báaxalo’ob, ba’ale’ u 22 por sientoile’ ku ya’ake’ yaan wa ba’ax ucha’anti’obe’ ma’ jach uts u ti’alo’obi’, yéetel u 53 por sientoile’ ku ya’ake’ ku t’u’ulpachta’alo’ob tumen máako’ob ma’ u k’ajóolo’obi’.
Yöok’lal le je’ela’, u mola’ayil Secretaría Ejecutiva del Sistema Nacional de Protección Integral de Niñas, Niños y Adolescentes (Sipinna), tu beetaj jump’éel páayt’aan ti’al u táakbesa’al ichil u a’almajt’aanil Ley Federal de Ciberseguridad (oksa’an xak’altbil tu táan Cámara de Diputados) junjaats tu’ux ka ts’íibta’ak u tuukul yéetel ba’ax ku ya’alik táankelemo’ob.
“Le jats kaajila’ ku aktáantik nojba’alo’ob p’atik ich sajbe’entsil, le beetike’ k’a’abéet u yila’al bix u kaláanta’al, tumen ikil tu bin u líik’ilo’obe’ táan xan u bin u k’ajóoltik jejeláas ba’alo’ob”, tu ya’alaj máax jo’olbesik Difusión, Información e Interlocución de ichil u mola’ayil Sipinna tu noj lu’umil México, Yoloxóchitl Casas Chousal. Tu ya’alaj xane’, ichil k’áatchi’ beeta’abe’, ila’ab k’a’anan u ch’a’anukta’al poliitikáas ti’al kaaj, yéetel meyajo’ob tu’ux ka ts’aatáanta’ak ka béeyak u yoko’olo’ob ti’ Internet, ba’ale’ xma’ sajbe’entsili’ yéetel xma’ loobilaji’.Tu ya’alaje’, Poder Legislativo unaj u xak’altik je’el ba’axak a’almajt’aanil ka táakbesa’ak ich Ley sobre Ciberseguridad, ts’o’oke’ unaj u ch’a’anuktik u tuukul táankelemo’ob, tumen beyo’ ku ki’ikúunsa’al u tsikbalil yéetel ku páajtal u yantal uláak’ bix u na’atal le ba’ax ku yúuchulo’.Tu tsolaje’ ma’ ma’alob ka p’áatak paachil u t’aan paalal yéetel táankelemo’ob, tumen “loobilaj ku yantal Internete’, ku xáantal yéetel ku taamtal tu puksi’ik’al paalal, ts’o’oke’ je’el u beetik u yantal si’ipil ba’alo’ob ichil birtual nu’ukulo’ob”.Le beetike’, tu ka’a a’alaj u k’a’ananil u páayt’anta’al yéetel u je’ebel kúuchilo’ob no’ojantak ti’al u táakpajal le jaats kaajila’, ti’al u yu’uba’al u t’aano’ob yéetel ti’al u yokolo’ob ti’ Internet xma’ sajbe’entsili’.U ts’ook k’áatchi’il tu beetaj Sipinna tu ye’esaje’ u 76 por sientoil táanekelem ku yokol Internete’, ku beetik e’esame’en, tu súutukil mina’an nojoch máak yiknalo’ob ti’al u láak’inta’alo’ob, le beetike’ sajbe’entsil u ti’alo’ob, tumen u ya’abile’ ma’ u yojel bix je’el u k’áatik áantaje’; chéen u 6 por sientoil náats’ yiknal u láak’o’ob, ts’o’oke’ chéen jump’íit porsentajée náats’ yiknal u éetajilo’ob wa ajka’ansajo’ob, ts’o’oke’ ma’ u yojelo’ob tu’ux je’el u t’aano’ob ti’al éemerjensyáa 911 wa 088.
"
Taxis ku xik’náalo’obe’ yaan u k’uchulo’ob tu ja’abil 2025,29/11/2023,"Nu’ukul k’ajóolta’an beey taxi volador ts’o’ok u xáantal u jach jaajtal, ba’ale’ yaan u káajal u yila’al tu ja’abil 2025, yáax tu lu’umil Estados Unidos yéetel tu jo’oloje’ Emiratos Árabes Unidos beyxan India, j-a’alab tumen Billy Nolen, máax jo’olbesik u jaats meyajil kanan ichil Archer Aviation.“Le ba’ax ku tukulta’al jach náach k’iin ba’ale’, ta’aytak u súutul jaajil”, tu ya’alaj Billy Nolen tu kúuchil Salón Aeronáutico, ti’ u noj kaajil Dubai.
"
Nojoch mola’aye’ tu xu’uls u manik sebadáa ti’ u lu’umil México ,29/11/2023,"Compañía Cervecera Grupo Modelo, ti’alinta’an tumen molla’ay belgaestadunidenseil Anheuser-Busch InBev (AB InBev), ch’éen u maan ti’ u jejeláas kolnáalo’ob Zacatecas, máaxo’ob ts’o’ok u yantal u je’elsik nu’ukul jmana’ab úuchik u ya’alal ti’obe’ no’ojan ti’al u yutsil yi’ij le seebada pak’a’an tu nojochil jump’éel k’áax ku p’isik 150 mil ketaareas.
"
U mola’ayil CIL-UADYe’ tu ts’áaj k’ajóoltbil u páayt’aanil u ja’abil 2024 ti’al u kanik máak t’aano’ob,30/11/2023,"U kúuchil Centro Institucional de Lenguas de la Universidad Autónoma de Yucatán (CIL-UADY) tu ts’áaj k’ajóoltbil páayt’aan ti’al u kaambalilo’ob Cursos del Programa Institucional de Inglés (PII) ti’al u winalilo’ob enero – mayo 2024, ti’al beyo’ u béeytal u yoksa’al ju’uno’ob tu k’iinilo’ob jetes’a’an u ti’al.  Ti’ tsikbal jbeeta’ab yéetel máax jo’olbesik u meyajil CIL-UADY, Karina Abreu Cano, tu ya’alaj páayt’aane’ ku beeta’al ti’al u xoknáalilo’ob le noj najil xooko’, yéetel ti’al je’el máaxak u k’áate’. Le beetike’ táan u páa’ta’al u ts’íibtik u k’aaba’ kex 5 mil máako’ob, ti’al xook xa’ak’a’an u beeta’al Internet yéetel te’e najil xooko’, beyxan le ku yantal ch’éen ti’ Interneto’. Tu tsikbaltaje’, yáax ba’ax k’a’abéet u beeta’ale’, leti’ u ts’íibtik u k’aaba’ mák ti’ Internet, ts’o’oke’ je’eb tu k’iinil 13 ti’ noviembre, yéetel yaan u k’a’alal tak 2 ti’ enero ti’ u ja’abil 2024; beyxan, tu sáasilkuunsaje’, k’a’abéet kex ts’oka’an u xookil séekundaryáa ti’al máaxo’ob ma’ u chuk 18 u ja’abil, ba’ale’ lela’ chéen ti’al máaxo’ob túumben u yokolo’ob xooki’. 
"
Táan u yila’al lu’ume’ k’a’ananchaj úuchik u ch’éejel díinosauryóos,30/11/2023,"Lu’um jóok’ ti’ tuunich ku xiixchaj ka’aj p’úuch áasteroide tu ja’il Chicxulube’ míin k’a’ananchaj úuchik u síistal ba’al yóok’ol kaab, yéetel míin tu beetaj u xóot’ol ba’ax k’ajóolta’an beey fotosíntesis.
Le je’ela’ míin tu beetaj u k’éexel bix yanik atsmooferáa tak tu jo’oloj 15 ja’abo’ob p’úuchuk lu’um, ts’o’oke’ míin tu beetaj u síistal Yóok’ol Kaab tak 15 graados Celsius, beey u tukulta’al ti’ túumben xaak’al jts’a’ab k’ajóoltbil tu pikil ju’unil Nature Geoscience tumen u ajxak’al xookilo’ob Real Observatorio de Bélgica.
Úuch ka’ache’ ku tukulta’ale’, ka’aj jp’úuch meteoritóo Chicxulube’ káaj u yantal ke’el jaats’ yóok’ kabil, tu beetaj u kíimil díinosauryóos yéetel kex u 75% kuxtal yaan ka’ach Yóok’ol Kaab ka’aj náats’ u ts’ook k’iinilo’ob u jaats ja’abilo’ob Cretácico-Paleógeno (K-Pg) kex walkil 66 miyoonesil ja’abo’ob. Ba’ale’ káaj u tsikbalta’al ba’ax úuch yéetel le jejeláas ba’alo’ob jóok’sa’ab te’e lu’umo’ tu k’íinalil wa tu síisil yóok’ol kaab, ba’ale’ ma’ jach sáasilchajak ba’ax jbeet u láaj ch’éejel kuxtal.
Xaak’alo’ob ts’o’okili’ u beeta’ale’ ku ya’ako’ob asuufree’ jóok’ ka’aj jp’úuch ba’al, yéetel u sabakil k’áak’ beet u yelel k’áaxo’ob tu jo’oloj lúubul le nojoch tuunicho’, leti’ jbeet u ke’elta’al lu’um; ma’ leti’ u lu’umil silikato jbeeto’. Ba’ale’, le tuukul je’ela’ chéen jok’a’an ti’ le jump’íit ojéela’an yóok’lal u mejen partiikuláasil lu’um yanchaj. 
Ti’al túun u xak’alta’al ba’ax yanchaj u yil asuufrée, sabal yéetel u lu’umil silikatoe’ ti’ u k’íinalil wa u síisil u máan k’iin tu jo’oloj u p’uchubáaj nojoch tuuniche’ Cem Berk Senel, Orkun Temel yéetel Özgür Karatekin, u ajxaak’alilo’ob Real Observatorio de Bélgica (ROB), tu beeto’ob jump’éel túumben modelóo paleoclimaatikóo ti’al u beeta’al óoli’ je’ex bix úuchik u máan le k’iino.
Cem Berk Senel (ROB), máax jo’olbes le xaak’alo’ tu ya’alaj:”Túumben síimulasyoon
"
Xch’a’a oochel Patricia Martíne’ yaan u chúunsik u ye’esajil Ye’eb Sáastun,30/11/2023,"Oochelo’obe’ ku ye’esiko’ob bix u na’ata’al ye’eb tu kuxtal Yucatán, tumen ku p’atik buts’uknakil tuláakal ba’al, ikil u ja’atsa’al ba’al yóok’lal k’áaxo’ob ku ko’onol, ba’ale’ beyxan ikil u seen k’ujsa’al ajxíinximbalo’ob ti’al u yantal náajal. Yaan u béeytal u yila’al Pinacoteca de Yucatán, le 1 ti’ diciembre ku taala’. 
"
U wáak’al u wiitsilo’ob k’áak’e’ tu beeto’ob u síistal k’iino’ob je’el bix mix juntéen úuchuk yóok’ol kaab,01/12/2023,"Seen wa’awak’ajil ku beetik u wiitsilo’ob k’áak’ ti’ jejeláas lu’umo’ob ti’ yóok’ol kaabe’, je’el u tsa’ayal u beetiko’ob u jach táaj síistal lu’um, kex tumen ma’ táan u jach xáantal ke’el.Lela’ beey úuchik u chíikpajal ti’ jump’éel xaak’al beeta’ab tumen u noj najil xook Universidad de St. Andrews (Escocia) jts’a’ab k’ajóoltbil tu pikil ju’unil Proceedings of the National Academy of Sciences (PNAS).Yanchaj ja’abo’obe’, jela’an ba’ale’ jach ke’el úuchik u máano’ob, je’el bix u dekaadasil 540, 1450 yéetel 1600; ba’ale’ lelo’ nuupul yéetel nojoch wáak’ilo’ob tu beetaj u wiitsilo’ob k’áak’, tumen kéen úuchuke’ ku jáayal u mejen partikulasil sulfaatóo ku jóok’ol te’e wiitso’ ts’o’oke’ ku néentiko’ob u sáasil k’iin.
Ba’ale’, ma’ ojéela’an tu’ux u taal kéen wáak’ak wiits k’áak’, mix xan beyka’aj sulfaatóo ku jóok’ol tak te’e yóok’kabilo’.Ti’al túun u yojéelta’al ba’alo’ob yóok’lale’, junmúuch’ ajxaak’alo’obe’, jo’olbesa’an tumen Andrea Burke, tu noj najil xook Universidad de St Andrews, tu xak’altaj u isótoposil asufrée yaan tu ts’u’ u yeeloil Groenlandia yéetel Antártida. Isótopose’ tu ts’áajo’ob u chíikulal sulfaatóo yanchaj te’e estratosferao’. 
Ba’ax chíikpaje’, jke’et xan yéetel ba’ax ojéela’an yéetel ts’íibta’ab ti’ u chuun che’ob, ts’o’oke’ e’esa’ab u jats k’iinilo’ob síischaje’ j-úuch tumen wáak’ u wiitsilo’ob k’áak’ yano’ob ka’anal. Beyxan ila’abe’, le beyka’aj sulfatóo ook estratosfera úuchik u wáak’al le wiitso’oba’ míin j-úuch kex chúumuk ti’ le beyka’aj tukulta’an ka’acho’, ts’o’oke’ lelo’ ku beetik u tukulta’ale’ le bix u máan k’iin tu jats k’iinil beranoe’ je’el u jelpajalo’ob wa ku wáak’al wiits k’áako’ob yano’ob ka’anal.“Tu’ux ka’anale’ ku asab u’uya’al u k’éexel beyka’aj síis yanik te’elo’, ts’o’oke’ lelo’ ku beetik u yantal chi’ichnakil yóok’lal beyka’aj u séeba’anil u k’éexel ba’al te’elo’ te’e k’iino’oba’”.
"
"Chan chéel ch’íich’, u jt’uupil ichil u láak’tsilo’ob",01/12/2023,"Ku tukulta’ale’, le je’ela’ leti’ u chan jt’uupil ichil u jeelo’ob tu baatsil, u k’aaba’ ich káastelane’ Martín Pescador Enano, ts’o’oke’ juntúul u kajnáalil Área de Protección de Flora y Fauna “Laguna de Términos”; juntúul ch’íich’ jats’uts u yila’al tumen máaxo’ob ku máan u cha’ant ch’íich’.
Chloroceryle Aenea, u sientiifikoil k’aaba’ le chan ch’íich’a’, ts’o’oke’ ma’ jach k’ajóolta’an ichil tuláakal yóok’ol kaabi’, ba’ale’ suuka’an u yila’al ti’ u noj lu’umilo’ob América del Sur, méek’a’an tumen u baatsil martines pescadores; u k’aaba’e’ jts’a’ab ti’ yóok’lal u boonil u k’u’uk’mel óol beey buts’uknak yaan tu pool kéen chan xuulchajako’ob.  
“Kex 13 sentiimetróos u chowakil, ts’o’oke’ ku aaltal kex 18 gramóos; u wíinkilale’ óolu’ je’ex u jeel Martín Pescadoro’ob yaan, u neje’ kóom yéetel u koje’ chowak”, tu tsikbaltaj Jacqueline May Díaz, máax beetik u k’a’aytajilo’ob u múuch’kabil Desarrollo y Medio Ambiente, A.C.
U boonile’ ya’ax tu yóok’kabil u pool, ts’o’oke’ yaan junt’o’ol chak k’aank’an tu bak’pachil u kaal. Tu yáamile’ k’as chaj yéetel tu nak’e’ sak. Ku jaantik mejen ik’elo’ob yéetel kayo’ob. Sajbe’entsil yanik u kuxtal tumen wíinik, ikil u seen ch’a’akal che’ob yéetel  u k’askúunsa’al k’áaxo’ob. 
"
U láak’o’ob juntúul xi’ipal jkíime’ tu ts’áaj máatbil oorganóos ti’al u ka’a kuxkíinsik 76 máako’ob,04/12/2023,"Juan “N”, juntúul xi’ipal 31 u ja’abil ka’ache’, jkíim úuchik u lúubul tak ka’aj téej u baakel u pool. U láak’o’obe’ tu jets’o’ob u ts’áak máatbil u oorganosil, u yoot’el, beyxan tejido musculoesquelético, le beetike’ béeychaj u líik’sa’al u kuxtal maanal 76 wíiniko’ob.U meeyjulile’ ti’ jbeeta’ab tu najil ts’akyaj Hospital General de Zona 197, IMSS tu baantail México Oriente.U jaats meyajil Coordinación hospitalaria de Donación de Órganos y Tejidos con Fines de Trasplante te’e najil ts’akyajo’ tu ts’áaj k’ajóoltbile’ u ka’ap’éel riñone’ túuxta’ab Unidad Médica de Alta Especialidad (UMAE) Hospital General “Dr. Gaudencio Gonzalez Garza” Centro Médico Nacional La Raza, IMSS yéetel u yicho’obe’ k’uch tak Banco de Tejido de Cornea. U taamane’, túuxta’ab Hospital General de México “Dr. Eduardo Liceaga” ti’ u mola’ayil Secretaría de Salud Federal. Beyaxn tejido musculoesquelético yéetel u yoot’ele’ k’ujsa’ab Banco de Tejidos, Estado de México ti’ u mola’ayil Instituto de Salud mexiquenseil. .Xi’ipal tu síijsaj kuxtale’, papaxk’a’abtabij, ts’o’oke’ chíimpolta’ab tumen máaxo’ob ku meyaj te’e kúuchilo’, beyxan tumen u láak’o’ob.U mola’ayil IMSSe’ tu ya’alaje’, ti’al u jets’ik máak u k’áat u síij u oorganos yéetel tejidose’, ku béeytal u xak’alta’al u kúuchil Internet Centro Nacional de Trasplantes: gob.mx/cenatra wa u yokol máak tu kúuchil IMSS: imss.gob.mx/salud-en-linea/donacion-organos, ti’al u ts’íibtik máak u k’aaba’i’.
"
U noj lu’umil Méxicoe’ leti’e’ u ka’ap’éelil tu’ux asab ya’ab u bin u ch’éejel u jejeláasil anfibios,04/12/2023,"Maanal u 50 por sientoil u jejeláasil anfibios yaan tu noj lu’umil Méxicoe’ sajbe’entsil yanik u ch’éejel wa jach ta’aytak u xu’ulul u yantalo’ob, beey úuchik u ts’a’abal k’ajóoltbil le winal máaniko, k’ucua’an tak 40.7 por sientoe’, tu ya’alaj x-xak’al xook ti’ u kúuchil Instituto de Biología (IB) ti’ u noj najil xook UNAM, máax táaka’an xan te’e xaak’al beeta’abo’, Gabriela Parra Olea.Xookilo’ob beeta’an yóok’lal ba’alche’obe’, jts’a’ab k’ajóoltbil tu pikil ju’unil Nature; k’aaba’inta’ab Ongoing declines for the world’s amphibians in the face of emerging threats. Lelo’ jump’éel xaak’al jo’olbesa’an tumen Jennifer A. Luedtke, ti’ u múuch’kabil Unión Internacional para la Conservación de la Naturaleza (UICN), tu’ux xan táaka’an uláak’ ajxak’aalo’ob ti’ yóok’ol kaab, tu’ux xak’alta’ab 8 mil 11 u túul ba’alche’ob táaka’an ich Lista Roja jo’olbesa’an tumen múuch’kabil.Ka’aj túun xak’alta’ab u jejeláasil anfibios yaan Méxicoe’, ila’abe’ ya’abach ti’ leti’obe’ sajbe’entsil yaniko’ob ikil u k’éexel wa u jelbesa’al bix u meyaj lu’um, tumen u ya’abil ba’alche’obe’ ma’ nojoch tu’ux ku kuxtalo’obi’, le beetik kéen ch’éenek u yantal nukuch k’áaxo’obe’, ku p’áata’al mina’an tu’ux u yantal tuláakal u ba’alche’ilo’obi’, tu ya’alaj. 
Parra Oleae’ tu ya’alaje’ tu jo’oloj beeta’ak u ts’ook xaak’alil tu ja’abil 2004e’, -ka’aj káaj u ch’éejel anfibiose’- tak walkila’, ts’o’ok u je’ets’el mina’an kex 200 u jejeláasil anfibios. Ba’ale’ tu lu’umil Méxicoe’ ma’ jach chíikpajaki’, tumen k’a’abéet u máan kex 15 tak 20 ja’abo’ob ti’al ka je’ets’ek ts’o’ok u ch’éejel ba’alche’.
Talam u je’ets’el u p’áatal mina’an juntúul ba’alche’, tumen ku mujkubáajo’ob, ma’ k-ojel beyka’aj k’iino’ob ku beetiko’ob, je’el u máan tak ja’abo’ob te’e tu’ux taamo’, ts’o’oke’ kéen u yu’ubo’ob uts yanik ba’al ti’al u jóok’olo’obe’, ku ka’a chikbesikubáajo’ob, tu ya’alaj.
Méxicoe’ chéen tu yáanal Colombia yaan ichil lu’umo’ob tu’ux ya’ab ba’alche’ob sajbe’entsil u ch’éejel anfibios. Jump’éel péetlu’um tu’ux asab ya’ab u beeta’al xaak’ale’, Oaxaca, tu’ux ila’ab tu deekadail 1970, tumen ajxaak’al xoko’ob ti’ u lu’umil Estados Unidose’, ya’ab u jejeláasil anfibios yaan.
"
Ts’o’okspaj u cha’anil FIL tu péetlu’umil Guadalajara,04/12/2023,"Xookile’ ku ya’ake’ ook maanal 857 mil máako’obi’, ts’o’oke’ lelo’ mix juntéen yáax úuchuki’. Ka’alikil táane’ jts’a’ab k’ajóoltbil jmexikoil ts’íib, David Toscana, yaan u k’amik ti’ le túumben ja’ab kun okolo’, u asab nojoch chíimpolalil ku ts’a’abal Yucatán ti’al máaxo’ob ku ts’íib. Óoli’ ku yu’ubale’, táan u máansa’al u t’aanil ti’al cha’an ku beeta’al ti’ yukatekoil lu’um, tumen táan xan u bin u nojba’alchajal ichil máaxo’ob beetik áanalte’ob, beyxan máaxo’ob ku xook.
"
"Ts’o’ok u je’ets’ele’, 18 u jach p’íit ja’ab unaj u yantal ti’ máak ti’al u ts’o’okol u beel México",05/12/2023,"U mola’ayil Secretaría de Gobernación tu beetaj túumben jeets’il tu’ux tu táakbesaj tu ka’ap’éel yéetel tu yóoxp’éel páarafoil u artikuloil 45 ti’ u a’almajt’aanil Ley General de los Derechos de Niñas, Niños y Adolescentes, u jach p’íitil ja’ab unaj u k’ujsik máak ti’al u ts’o’okol u beele’, 18.  Túumben jeets’ile’ ts’o’ok u káajal u chíimpóolta’al tu káajbal u winalil diciembre. Te’elo’ ku ya’alale’ “unaj u beeta’al ba’ax uts ti’al xch’úupalal, xi’ipalal yéetel táankelemo’ob ti’ máasewal kaajo’ob, afromexicano’ob, yéetel wa ba’ax díiskapasidad, yéetel le ts’o’ok u yantal u jóok’ol tu kaajal wa jóok’sa’an tu lu’umil”.  
U p’átal ma’ keet yanik u kuxtal ko’olel, xiib; óotsilil; u yantal u p’a’atal xook; loobilaj yéetel u séeb yo’omchajal xch’úupale’ yaan ba’al u yil yéetel u ts’o’oksa’al u beel jach paalo’ob, ts’o’oke’ lelo’ jump’éel ba’al láayli’ u yila’al Latinoamérica yéetel Caribe.
Ichil ba’ax ku ya’alal tumen Unicefe’, le je’ela’ jump’éel ba’ax ku beeta’al tu’ux ma’ táan u chíimpolta’al u páajtalil paalal, ts’o’oke’ ku maas piimchajal wa ts’o’ok u yantal u p’atik u kaajalo’ob, wa ku yantal u wu’ulaktikubáajo’ob táanxel tu’ux ti’al u chan kaxtiko’ob yaanal ba’al ti’ óotsilile’ wa ti’al u yantal u ju’unil ti’ob ti’al u kajtalo’ob uláak’ tu’ux.
U mola’ayil ONU ku ya’ake’ te’e baantao’, juntúul ti’ kantúul ko’olel yaan u ja’abil ichil 20 tak 24e’, ts’o’ok u beel wa  kaja’an yéetel u núup kex ma’ u chuk ka’ach 18 u ja’abili’. “Ichil tuláakal yóok’ol kaabe’, jach chéen te’e baantaa’ ma’ béeyak u chan ch’éejsa’al le ba’ax táan u yúuchula’ ti’ le ts’ook 25 ja’abo’oba’”.
Tu noj lu’umli Méxicoe’, ti’ lajuntúul xch’úupalale’, bolontúul ku ts’o’okol ma’ u chuk 18 u ja’abili’; lela’ u 28 por sientoil ko’olel yaan u núupe’, tu beeto’ob yéetel xiibo’ob yaan 18 u ja’abil wa maanal ti’. U xookil Censo de Población y Vivienda 2020 meyajta’ab tumen INEGIe’ tu xokaj “224 mil 454 xch’úupalal yaan ichil 12 tak 17 u ja’abile’, múul kaja’an yéetel u núup, ts’o’oke’ uláak’ 21 mil 167 ma’ nuupulo’ob walkila’ ba’ale’ ts’o’ok u yáax yantal juntúul u núupi’. Le je’ela’ ku ya’alike’ ichil lajuntúul xch’úupalal tu noj lu’umil Méxicoe’, kantúul kuxa’an yéetel u núup wa kajlaj yéetel”.Unicefe’ táan u k’áatik ka ch’éejek u ts’o’oksa’al u beel mejen xch’úupalal, beyxan ka kaxta’ak u núupo’ob kex ma’ u chuk u ja’abili’, tu lu’umil América Latina yéetel Caribe, ts’o’oke’ ku ya’alike’ tumen ma táan u yila’al mix táan u beeta’al mix ba’al yóok’lal le je’ela’, tu paach k’iine’ “yaan u yantal kex 20 miyoonesil xch’úupalal te’e lu’umo’oba’ kun ts’o’okol u beel kex ma’ u chuk 18 u ja’abil ti’al 2030i’”.
"
Táan u sa’atal u jejeláasil koralesil tu ja’ilo’ob Quintana Roo,05/12/2023,"Ikil káaj u chokochajal u ja’ilo’ob Caribe mexikano te’e ja’aba’, ts’o’ok u ch’éejel túulis kaajo’ob ti’ jayp’éel koralo’ob kuxa’ano’ob ka’ach te’elo’. U chokolil ka’ache’ 29 grados Celsius, ba’ale’ jnáak 34, tu ya’alaj Lorenzo Álvarez Filip, jbiologóo marino yéetel jxak’al xook ti’ u kúuchil Unidad Académica de Sistemas Arrecifales, ti’ u mola’ayil Instituto de Ciencias del Mar y Limnología, ti’ u noj najil xook Universidad Nacional Autónoma de México.Jxaak’ale’ tu ya’alaj le ba’ax táan u taal tu paach u bin u chokotal k’áak’náabe’, táan xan u chíikpajal ti’ u koraalesil Pacífico, beyxan tu péetlu’umil Veracruz.
Ichil koral ts’o’ok u ch’éejelo’obe’ ti’ yaan le ku k’aaba’tik cuerno de alce wa coral de fuego.
"
Kaxta’ab jóojochil kúuchilo’ob muuk kex 6 mil 500 ja’ab u yúuchbenil naats’ Círculo Polar,05/12/2023,"Tainaro, kaaj jts’a’ab ti’al u yúuchul muuk, tu noojol-lak’inil Laponia finlandesail, maas jach táaj nojoch ti’ le ku tukulta’alo’. Míin maanal 200 u p’éel muukilo’ob beeta’ab te’elo’. Kúuchile’ míin jump’éel ti’ le asab nojoch kaxta’ab beeta’ab te’e k’inako’ob tu xamanil Europa.
"
"Jmaaya ts’íib, James Sarao, tu k’amaj Premio de Literaturas Indígenas tu cha’anil FIL 2023",06/12/2023,"Jmaaya ts’íibe’, tu beetaj nojoch páayt’aan ti’al ka ka’a chíimpolta’ak tsikbalo’ob suuk u yu’ubal te’e kaajo’obo’; leti’e’ tu k’amaj le viernes máaniko’, u noj chíimpolalil Premio de Literaturas Indígenas de América (PLIA) 2023, ka’alikil beeta’abik u noj cha’anil Feria Internacional del Libro (FIL) tu péetlu’umil Guadalajara.
Saraoe’, jts’íib, jkaambal máak yéetel u jk’aayil rap. Tu k’amaj chíimpolal úuchik u beetik u ts’íibil La estética narrativa del Tsikbal, tu’ux ku xo’okol jejeláas ba’alo’ob yóok’lal tu’ux u taal, beyxan ba’ax u k’áat u ya’al u maaya t’aanik tsikbal.
Leti’e’ síij tu kaajil Mocochá, Yucatán, ts’o’oke’ tu ya’aje’ tsikbalo’ob ku ya’alal te’e kaajo’obo’, ku béeytal u ts’íibta’alo’ob ti’al ka xo’okoko’ob.Jts’íibe ku tukultike’, kex tumen yaan mola’ayo’ob ku ts’áako’ob u kúuchil ts’íib ich máasewal t’aano’obe’, láayli’ ku tukulta’al chéen wa jaytúul máaxo’ob beetik.
Tu súutukil úuchik u k’amik chíimpolale’, jts’íibe’ tu k’a’ajsaj u na’e’ leti’ máax ka’ans ti’ le t’aano’, ts’o’oke’ tu tsikbaltaj u k’a’ananil ko’olel tumen leti’ e’esik miatsil yéetel t’aan ti’ u paalal. 
Gabriel Pacheco, máax jo’olbesik chíimpolale’, tu ya’alaje’, u ts’íib Saraoe’ yéeya’ab tumen “ku ye’esik bix u na’atal le Tsikbalo’, ts’o’oke’ ts’a’aban tu’ux jch’a’ab jayp’éel u tuukulilo’ob, beyxan ch’a’anukta’ab bix u yila’al tumen úuchben k’ajla’ayil yéetel le bejla’o’”:  
Jmaaya ts’íibe’ tu k’amaj 300 mil pesos, yaan u jóok’sa’al u áanalte’il u ts’íib yéetel ts’a’ab u chan chíikulal le náajalo’.   
"
"U ch’éejsa’al u seten juul sáasile’, k’a’anan ti’al u kaláanta’al u kuxtal ch’íich’o’ob ku máano’ob xik’nal uláak’ tu’uxo’ob",06/12/2023,"Tu sáastalil u k’iinil 5 ti’ octubree’, tu bak’pachil u kúuchil Centro de Convenciones de Chicago jp’áat jaytal ya’abach mejen kimen ch’íich’o’ob. Uláak’ juntéen úuchik u seten p’uchikubáajo’ob ti’ jump’éel ba’al beyo’, ts’o’oke’ lelo’ tu beetaj u je’ets’el ba’ax táan u chíikpajal ti’ jump’éel xaak’al beeta’ab: k’a’anan u ch’éejsa’al ba’ax k’ajóolta’an beey contaminación lumínica ti’al u kaláanta’al u kuxtal ch’íich’o’ob.
U pikil ju’unil Nature Communications tu ts’áaj k’ajóoltbil jump’éel meyaj beeta’ab yóok’lal ba’ax yaan u yil sáasilo’ob (artifisyaales) ti’ u kuxtal ch’íich’, tu jo’oloj úuchuk ba’alo’ob je’el bix te’e Chicagoo’ -tu’ux mola’ab kex 946 u túul kimen ba’alche’ob tumen u ajmeyajilo’ob Museo de Historia Natural- tumen táan u bin u suuktal u yúuchul.
Xaak’al jo’olbesa’an Universidad de Colorado ts’o’ok u ketik maanal 10 miyoonesil ch’úuktajil beeta’an yéetel u yáantajil radares meteorológicos, tu’ux ila’ab jach bix yanik ba’al te’el kúuchilo’, ts’o’oke’ jach sáasil ba’ax chíikpaji: le seten sáasilo’ob yaane’, u ka’ap’éel ba’axil beetik u kíimil ch’íich’o’ob ku máano’ob táatanxel kaajo’ob.
“U xik’nalo’ob tak uláak’ táanxel tu’uxe’, ku p’atik ich sajbe’entisl u kuxtal ch’íich’o’ob, máaxo’ob ku náachtal kiloometróos, ts’o’oke’ ku bek’echtalo’ob tak chúumuk ti’ bix u káajalo’ob chúumuk bej. Jach k’a’anan u kaxtiko’ob tu’ux u je’elelo’ob yéetel ba’al ti’al u jaantiko’ob, ti’al ma’ u kíimilo’ob yéetel ti’al u k’uchulo’ob tu’ux ku bino’ob”, tu ya’alaj Kyle Horton, jbioologóo ti’ u noj najil xook Universidad Estatal de Colorado.
Ku yila’ale’ u sáasilo’ob kaaje’ leti’e’ yáax ba’ax ku yilik ch’íich’ ti’al u yojéeltik tu’ux kun jáayal, tumen suuk u péeko’ob de áak’ab, ba’ale’ láayli’ xan “traampae’” tumen ku beetik u p’úuchulo’ob, ts’o’oke’ ku beetik u k’uchulo’ob ti’ kaajo’ob ma’ no’oja’an u ti’alo’obi’. 
Ajxaak’alo’obe’ ku ya’ako’obe’ wa ku yéensa’al beyka’aj u k’a’amil u leem sáasile’, wa u chan yéensa’al u juule’, je’el u yáantaj ti’al ma’ u p’uchkubáaj ch’íich’o’obi’. 
"
"Kaxta’ab tuunich tu’ux woja’an síina’an, ti’ jump’éel u bejil Chichén Itzá",06/12/2023,"Wooje’ kaxta’ab tu yáamil jump’éel pak’ wa’akunsa’ab ka’ach ti’al u ye’esa’al u xuul jump’éel bej yaan te’e úuchben kaajo’; le ba’al beya’’ ma’ suuk u yila’al te’elo’, ts’o’oke’ kaxta’ab ka’alikil táan u beeta’al u meyajilo’ob utskíinsaj tu Sakbejil 4, tu’ux ku núupul Osario tak Casa Colorada
"
"Tumen ma’ u utsil tséentabo’obe’, ts’o’ok u kíimil 16 tarahumara paalal ti’ le ts’o’ok u yáalkab 2023",07/12/2023,"Ti’ le beyka’aj k’iino’ob ts’o’ok u yáalka’ab ti’ le ja’aba’, u mola’ayil Secretaría de Salud ti’ u péetlu’umil Chihuahuae’ ts’o’ok u ts’áak ojéeltbile’, yaan 67 mejen neene’ob yéetel paalal ma’ u chuk jo’op’éel u ja’abili’ tu lu’umil Sierra Tarahumara, ma’ utsil tséentano’obi’. Ti’ ele je’elo’obo’, 16 ts’o’ok u kíimilo’ob tumen yéetel waktúule’ oksa’an tu najil ts’akyaj, beey úuchik u ts’a’abal k’ajóoltbil tumen Gilberto Baeza Mendoza, máax jo’olbesik le mola’ayo’.
"
"Osos polarese’ ku jelbesik ba’ax ku beetiko’ob yóok’lal u chokolil yóok’ol kaab, tu lu’umil Groenlandia",07/12/2023,
Táan u piimtal u k’áaxal niebée Moscú; u jach k’a’amil ichil maanal jump’éel siiglóo ,07/12/2023,"Ti’ Rusoil lu’ume’ táan u jach u’uya’al u k’a’amil síis ichil u ts’ook 145 ja’abo’ob, ts’o’oke’ ich lajka’ap’éel ooráse’ ts’o’ok u p’atik u yáal niebée 40 sentimeetróos u piimil ti’ jayp’éel múuch’kajtalo’ob; uláak’ ba’ale’ Siberiae’ táan u líik’sikubáaj ti’al u yu’ubil ke’el tak yáanal 50 grados tu yáam seróo.
"
K’an síinik,08/12/2023,"U sientifikoil k’aaba’e’ Camponotus sericeiventris ku múuch’ kajtalo’o tu’ux suuk u k’áaxal cháak Centro yéetel Sudamérica, ba’ale’ beyxan yaan ku yila’al tuláakal tu’ux ti’ u Petenil Yucatán. Ich káastelane’ ku ya’alale’ káarpintera tumen ku máal u mol u detritóosil che’ ti’al u beetik u k’u’ yéetel ti’al u tséentik ya’abach mejen ik’elo’ob maas jach táaj chan p’aayach tumen ku beetiko’ob u yantal kuuxum tséentik tuláakal síinik ku paklan yantalo’ob.Jach k’a’anano’ob tumen ku cha’ako’ob u ch’a’ak u yiik’ lu’um, yéetel tumen leti’ob jaantik u xiixel che’ob ts’o’ok u tu’utal wa jóojoch chuun che’ob mina’an u le’ob.  
K’an u boonilo’ob, ts’o’oke’ kex chúumuk pulgaadáa u chowakil, ba’ale’ u ya’abil síinike’, ku beetik u k’u’ob ti’ kimen che’ob wa ti’ ts’u’uts’uk che’ob kuxa’an. U kama’ache’ jach mu’uk’antak ti’al u béeytal u níich’ik le che’obo’, tumen ku jo’ojoliko’ob yéetel ku ja’ajatsko’ob ti’al  ulíik’siko’ob janal yéetel ti’al u tséentik u mejenil. Kéen u yu’ub sajbe’entsil yanike’, ku chi’ibal, yéetel kéen ts’o’okoke’ ku chi’ik u nak’ le ba’ax ku jaantiko’, ti’al u láalik ácido fórmico ichil, ts’o’oke’ le je’elo’ ku tóotik tu’ux yáax chi’ibanaja’an. 
"
Wa ku mu’uch’ul tuláakal súutmansúutuk ku wenel pingüinose’ ku taal u ts’aej ku wenel 12 ooras sáansamal,08/12/2023,"Walkila’ ts’o’ok u yila’ale’ yaan Jump’éel u jejeláasil pingüino ku béeytal u wenel tak 21 ooráas sáansamal tumen ku ja’ajatsik maanal 600 u téenal, wa ba’ax ku k’aba’tik fases de microsueño, ku xáantal jump’éel ooráa, yéetel maanal 10 mil u xóoxot’ súutukwenel sáansamal.Kéen jo’op’ok u ya’abtal, wa sajbe’entsil tu’ux yane’, ma’ tu xáantal tu wenel maanal kamp’éel segundóos.Le ba’alche’oba’ ku k’e’ek’exik u búuj u ts’o’omel u pool ku k’a’abéetkunsiko’ob ti’al u wenelo’ob. Kex tumen ya’ab u xóoxot’ wenelo’obe’, pingüinose’ ku béeytal u ya’abtal kex tumen óol talam tu’ux kuxa’an. Beey úuchik u chíikpajal ti’ túumben xaak’al xook beeta’ab tumen junmúuch’ máako’ob ti’ u noj lu’umilo’ob Lyon yéetel Corea, tu’ux táakpaj Niels Rattenborg ti’ u mola’ayil Instituto Max Planck de Inteligencia Biológica.
"
"Tu jo’oloj óoxp’éel ja’ab pak’be’en k’oja’ane’, táan u ch’a’ajolta’al u k’iimbesajil Guadalupe",11/12/2023,"Sáamal 12 ti’ diciembree’ ku máan k’iin tu’ux ku k’iimbesa’al u ko’olebil Guadalupe, le beetike’ Arquidiócesis Primada de México tu ts’áaj k’ajóoltbile’ “tu jo’oloj óoxp’éel talam ja’abo’ob yóok’lal u pak’be’en k’oja’anil Covid-19e’, ku ch’a’ajolta’al xíimbalil ku beeta’al tu kúuchil Insigne yéetel Nacional Basílica de Guadalupe, je’el bix suuka’an ka’achij ti’al u k’iimbesa’al Virgen de Guadalupe”.
Ti’ jump’éel k’a’aytajil beeta’ab tumen Efraín Hernández Díaz, máax túumben ts’a’aban ti’al u jo’olbes Basílica de Guadalupe, tu ya’alaj “ki’imak u yóol u k’amik tuláakal aj-áalkabo’ob yaan u xíimbaltiko’ob Morenita del Tepeyac, tu yáax k’iinilo’ob diciembre”.
Beyxan tu beetaj páayt’aan ti’al ma’ u xu’ulul u kaláantikubáaj máak, ti’al u kaláanta’al u toj óolal tuláakal máak kun k’uchul te’elo’, ti’al beyo’ u béeytal u k’uchulo’ob te’e winalil diciembrea’ yéetel enero, ba’ale’ beyxan ti’al u beeta’al ba’ax k’a’abéet ti’al u “kaláanta’al yéetel yutsil úuchul ba’al” te’e kúuchilo’.
Tu ya’alaje’ “k’a’anan le k’iiino’oba’, tumen ya’abach máako’ob oksaj óoltik ko’olebile’, yaan u béeytal u k’uchulo’ob yiknal Emperatriz de América tu múulil Tepeyac, yéetel uláak’ jun jaats máako’obe’ yaan u béeytal u náats’alo’ob kex chéen ti’ Internet tu taanajo’obi’”.
Tu ts’áaj u níib óolalil ti’ tuláakal máak naats’ yanik ti’ Guadalupe ts’o’oke’ tu ya’alaj u yojel “ko’olebile’ yaan u sáasilkúunsa’al bej yéetel yaabilaj beyxan kananil”. 
Tu ja’abil 2022e’, u kúuchil Basílica de Guadalupe tu k’amaj ichil u k’iinil 8 tak u píik’ sáastalil 12 ti’ diciembree’, kex 11 miyoonesil aj-áalkabo’ob. Le je’elo’ óoli’ leti’e’ beyka’aj suuka’an u k’uchul ka’achij te’elo’. Te’e ja’aba’ táan u páa’ta’al ka k’uchul láayli’ xan le beyka’ajo’.
"
Jóok’sa’ab kex 4 tóoneladas sojol ichil u ts’ono’otilo’ob Yucatán ,11/12/2023,"Úuchik u beeta’al u ts’ook meyajilo’ob ti’ u nu’ukbesajil Estrategia de Recuperación Integral de Cenotes y Grutas del Estado de Yucatán ti’ u ja’abil 2023a’, u mola’ayil Secretaría de Desarrollo Sustentable (SDS) tu ts’áaj k’ajóoltbile’, jóok’sa’ab 3 mil 721 u kiilóosil sojol ti’ 26 u p’éel ts’ono’oto’ob. 
Te’e ja’abila’, máaxo’ob ku meyaj tu mola’ayil SDS péeknajo’ob ti’apl u kaláanta’al yéetel ti’al ma’ u seen éek’tal áaktuno’ob yéetel ts’ono’oto’ob ti’ 16 u p’éel u méek’tankaajilo’ob Yucatán. 
Beey túuno’, jayp’éel k’iino’ob paachile’, ajmeyajo’ob tu molo’ob kex 78 kilóos ba’aloo’ob pula’an ichil u ts’ono’onil Calotmul, ti’ kaaj láayli’ xan beey u k’aaba’ob.
U mola’ayil SDS tu ya’alaje’, u ya’abil ba’ax jóok’sa’ab ichil ts’ono’oto’obe’ eenbases PET, biidryóo yéetel úunisel, je’el bix xan elektroonikóo nu’ukulo’ob, yaantáas, báaterias, boola’ob yéetel biikláas.
Mola’aye’ tu ya’alaj ti’al meyaj ku beetike’, ku táakpajal junmúuch’ buusos, máaxo’ob u jets’majo’ob u nu’uk meyaj ti’al u beeta’al tiuláakal ich kananil, beyxan ti’al u kaláanta’al máaxo’ob ku táakpajal yéetel kuxtal te’elo’.
Ti’ tsoolmeyaj beeta’ab te’e ja’aba’, jts’a’ab k’ajóoltbile’ úuchik u meyaje’ béeychaj u jóok’sa’al ba’al ti’ 116 u p’éel ts’ono’oto’ob yéetel áaktuno’ob. 
"
U Nobelil Paz Mohammadi t’aanaj yóok’lal ''jeets’ilo’ob ku péech’ óolal'' Irán,11/12/2023,"X-iraníil aktibiista, k’ala’an tu lu’umil walkila’, tse’eknaj yóok’lal le je’ela’ ti’ jump’éel xook beeta’ab tumen u paalalo’ob, máaxo’ob k’am noj chíimpolal k’ub ti’ tu ja’abil Oslo.
"
Walkila’ ts’o’ok u je’ets’ele’ ku béeytal u jóok’sa’al taak’in bulk’iin ti’ u kúuchilo’ob Oxxo,12/12/2023,"U mola’ayil Oxxoe’ tu ts’áaj k’ajóoltbile’ bejla’e’ ku béeytal u jóok’sa’al taak’in yéetel u táarjetasil deebitóo bulk’iin yéetel buláak’ab.Ichil baankóos táaka’ane’ ti’ yaan BBVA, Santander, BanCoppel, Banco Azteca, Citibanamex, Banorte, HSBC, Scotiabank, Banjercito, BanRegio, Afirme, Invex, Consubanco, Caja SMG yéetel Caja Morelia Valladolid, beyxan le ku k’a’abéetkunsiko’ob Spine’ yaan u béeytal u jóok’siko’ob taak’in lalaj k’iin, ti’ je’el máakalmáak ti’ le 21 mil u p’éel u kúuchilo’ob koonol Ooxo yaan ichil tuláakal u noj lu’umil México.U ya’abil taak’in ku béeytal u jóok’sa’ale’, 2 mil pesos ti’ jump’éel transaaxion ts’o’okole’ ma’ k’a’abéet u beeta’al mix jump’éel maan ti’al u béeytal u k’áata’al. Unaj xan u ya’alale’, lalaj baankóo jets’ik bajux u komisyoonil kun k’a’abéetchajal u bo’ota’al.
“To’one’ táan k-kaxtik ba’ax ku béeytal kbeetik ti’al ma’ u talamtal u kuxtal máaxo’ob ku taal maan ti’ k-kúuchilo’obi’, ti’al beyo’ u séebkunsa’al ba’al ti’ ba’ax yaan u yil yéetel u jóok’sa’al taak’in”, tu ya’alaj Santiago Rivera, máax jo’olbesik u meyajil serbiisyóos Oxxo.Ichil ba’ax a’alab tumen Comisión Nacional Bancaria y de Valores (CNBV), Oxxoe’ leti’e’ kóoresponsaal maas nojoch yaan tu noj lu’umil México. Tu ts’ook u ja’abil 2022e’, Oxxoe’ tu táakbesaj meyaj 23 mil 667 kúuchilo’ob tu’ux ku béeytal u beeta’al jayp’éel ba’alo’ob yaan ba’al u yil yéetel baankóos, ts’o’oke’ lelo’ ku ye’esik kex u 47 por sientoil tuláakal kóorresponsales yaan te’e noj lu’umilo’.Beey túuno’, ts’o’ok u chíikpajal bix úuchik u nonojchajal u meyaj Oxxo: tu ja’abil 2018 yaan ka’ach 19 mil 551 tu’ux ku ts’aatáanta’al máak; ti’al 2019e’ k’uch tak 20 mil 962; yéetel ti’al 2020e’ jnáak tak 21 mil 590 yéetel 2021e’ k’uch tak 22 mil 522.Lelo’ ku ye’esike’, ichil 2018 yéetel 2022e’, ya’abchaj 21 por siento u meyajilo’ob ti’al u beeta’al je’el ba’axak operasyoonil banko te’elo’.
"
"Táankelem xi’ipal ku jaats’ boola, ti’ u káajil Cenotillo, Yucatáne’, tu jets’aj u báaxal yéetel Leones",12/12/2023,"U múuch’báaxalil Leonese’, ikil múul meyajnaj yéetel scout Raúl Ortega, tu kóolaj yiknalo’ob Francisco Iran Briceño Herrera, juntúul táankelem xi’ipal ku báaxal booláa, ti’ u kaajil Cenotillo, Yucatán.Tu jo’oloj beeta’ak Tryout tu méek’tankaajil Cenotillo, le 11 ti’ noviembre máaniko’, Francisco Briceño tu ye’esaj jach no’oja’an ti’al u k’amik booláa, le beetik Leonese’ tu jets’ajo’ob u kóola’al yiknal ti’al u káajal u baxtik beisbool profesyonal.
Briceñoe’ síij tu k’iinil 10 ti’ diciembre ti’ u ja’abil 2009, ts’o’oke’ jach tu ch’a’aj bej u báaxal ichil Liga Yucatán de Béisbol, tu’ux jach chíika’an u báaxal kéen jo’op’ok u jaats’ wa u k’amik booláa.Xi’ipal  xno’oj k’abile’ 14 u ja’abil walkila’. 1.75 u ka’analil yéetel 63 kilos u aalil. Ts’o’ok u ye’esike’ jach ma’alob u ch’iin tak yóok’ol 80 miiyáas ichil jump’éel ooráa. Tu súutukil beeta’ab mokt’aane’, táakpaj scout Raúl Ortega; xi’ipal Francisco Briceño yéetel u láak’tsilo’ob, máax tu múuch’ujubáajo’ob tu kúuchil Parque Kukulcán Alamo.U múuch’ báaxalil Leonese’ láayli’ u jets’maj u k’áat u ka’ans báaxal táankelemo’ob ti’al u jach kaambalo’ob, tumen beyo’ je’elili’ u líik’sik paalal u ts’áamaj u yóol te’e péetlu’uma’, yéetel uláak’ tu’uxo’ob ti’ u noj lu’umil México.
"
Yáax juntéen úuchik u kaxta’al tu nak’ u reestosil tiranosaurio u xiixel ba’ax u jaantmaj,12/12/2023,"Juntúul u jejeláasil ba’alche’ Gorgosaurus libratus ts’aka’an tu beel, yáax Ila’ab tu ja’abil 2009e’, tumen máaxo’ob ku meyaj tu kúuchil Museo Royal Tyrrell de Paleontología, tu kaajil Canadá. Ajxak’al xooko’obe’ tu yilajo’obe’ yaan u xiixel caenagnátidos ka’atúul ba’al tu jaantaj, ts’o’oke’ ojéeta’abe’ ma’ tu túuts’ luk’taj u yo’ochi’, chéen tu jaantaj u yook (tu’ux maas chan ya’ab u bak’el).
"
Óoli’ u 30 por sientoil u kajnáalilo’ob Méxicoe’ kuxa’ano’ob yéetel k’i’inam: ajxak’al xooko’ob,13/12/2023,"Walkila’, ts’o’ok u yila’ale’, óoli’ u 30 por sientoil máako’ob yaan tu lu’umil Méxicoe’, kuxa’ano’ob yéetel wa ba’ax yajil wa k’i’inamil, ts’o’oke’ lelo’ táan u sutik jump’éel u talamil kaaj, tumen táan u yila’ale’ yaan u ya’abtal je’el bix kun bin u ch’íijil máak ti’ le ja’abo’ob ku taala’, j-a’alab tumen ajxaak’al máako’ob. 
“Yaayaj wa k’i’iname’ jump’éel talam ku lúubul yóok’ol kaaj, ts’o’oke’ ku ye’esik jump’éel ti’ le lajunp’éel ba’axten ku yantal u ts’aatáanta’al u toj óolal máak tu noj lu’umil México, ts’o’oke’ kex ma’ ya’abach ba’al ojéela’an yóok’lal jaytúul máak ku k’i’inam wa ba’ax ti’e’, ku tukulta’ale’ kex u 25 yéetel u 29 por sientoil kaaj beey kuxa’ano’”, tu a’alab ti’ k’a’aytajil tsikbal beeta’ab tumen xts’akyaj Rocío Guillén, máax jach kaambanaja’an yóok’lal algología, tu’ux ku ts’aatáanta’al yaayajil yéetel k’i’inamil.
Ichil ba’ax ojéela’an tumen Asociación Internacional del Dolor, ti’ jo’otúul máako’obe’, juntúul, ichil tuláakal yóok’ol kaab, ku k’i’inam wa ku yaatal wa ba’ax ti’ sáansamal.
Xts’akyaje’ tu k’a’ajsaj ku k’uchul u k’iinike’, tuláakal máak ku yu’ubik wa ba’ax yajil, ts’o’oke’ chéen kéen talak tumen yaan wa ba’ax lesionil wa k’oja’anil; ba’ale’ je’el u jach táaj yaatale’, tumen yaan ku xáantal tak maanal óoxp’éel winalo’ob. Ángel Juárez, máaxjo’olbesik Asociación Mexicana para el Estudio y Tratamiento del Dolor (AMETD), tu k’a’ajsaje’ le talamila’ ku jelbesik bix u máansik u kuxtal wíinik,, u ya’abile’ tumen ma’ tu jach ts’aatáanta’al, yéetel tumen ma’ tu je’ets’el tumen juntúul jts’akyaj, ts’o’oke’ yaan máaxo’ob talamkunsik tumen ku káajal u luk’ik ts’aak ma’ unaji’, yéetel ku ta’akal wa yaan ba’ax ku yu’ubik máak tu wíinkilal.
Juárez tu tsikbaltaje’ u k’iinil ke’ele’ je’el u beetik u maas k’i’inam ba’al wa ka chíikpajak yaayajilo’ob, u ya’abile’ leti’e’ ku bin u talamchajalo’ob, tumen lelo’ ku k’askúuntik u yutsil kuxtal máax u’uyik.
“Ke’ele’ je’el u beetik u maas lúubul k’aas ti’ máaxo’ob yaan ti’ob k’oja’anilo’ob tu baakel, ts’o’oke’ u ch’éenel u péeksikubáaj wíinike’ je’el u beetik u maas chíikpajal le k’oja’nailo’obo’ wa ba’axo’ob chíikbesik”, tu tsolaj jts’akyaj. 
"
Tu yila’ale’ míin yaan ba’al u yil dinosaurios ti’ bix u ch’íijil wíinik,13/12/2023,"Yóok’lal jump’éel túumben patjo’ol táan u beeta’ale’, táan u tukulta’ale’ u ch’íijil wíinike’ yaan ba’al u yil yéetel muuk’ yanchaj ti’ dinosaurios. 
Tuukulile’ k’aaba’inta’an “cuello de botella de la longevidad”, yéetel táan u péektsilta’al tumen jka’ansaj Joao Pedro de Magalhaes, ti’ u noj najil xook Universidad de Birmingham, ti’ jump’éel xaak’al jts’a’ab k’ajóoltbil tu pikil ju’unil BioEssays. 
Tuukule’ ku xak’altik bix u núupul ba’ax tu beetaj dinosaurios tu jo’oloj maanal 100 miyoonesil ja’abo’ob, yéetel bix úuchik u ch’íijil mamífero ba’alche’ob Kex tumen yaan ba’alche’ob je’el bix reptiles yéetel anfibios ma’ tu ye’esik u jach ch’íijilo’obi’, yaan u jeelo’ob je’ex mamiferose’, tu’ux táaka’an wíiniki’, ku ye’esik u ch’íijilo’ob. 
Beey túuno’, patjo’ol tuukul beeta’an tumen Magalhaes ku ya’ake’, ka’alikil táan Era Mesozoicae’, mamíferose’ yanchaj u maas séebtal u kaxtik bix u yantal u mejenil tu k’iinil dinosauriose’ mu’uk’a’an yaniko’ob, le beetik tu jo’oloj 100 miyoonesil ja’abo’obe’, p’íitchaj wa ch’éen u chíikpajal jeenes yanchaj ba’al u yil ti’al u maas náachtal u k’iinil kuxtal, je’el bix le yaan ba’al u yil yéetel u ka’a yantal tejiidóos, wa u ka’a tsaypajal ADN. 
Joao Pedro de Magalhaes, u jka’ansajil Biogerontología Molecular, tu kúuchil Instituto de Inflamación y Envejecimiento, ti’ u noj najil xook Universidad de Birmingham, tu tsolaje’ “wíinike’ ti’ yaan ichil ba’alche’ob ku asab ch’íijilo’ob, ts’o’oke’ yaan ya’abach reptiles yéetel uláak’ ba’alche’ob maas xaan u ch’íijilo’ob, ts’o’okole’ ma’ táan u jach táaj e’esiko’ob senescencia tu kuxtalo’obi’”. 
"
Gazae’ metnáal wey Lu’umkabile’: ONU,13/12/2023,"Israele’ láayli’ u seen wa’awak’ik ba’al ti’ bek’ech palestinoil lu’um lik’ul le 7 ti’ octubre máaniko’, tumen beey úuchik u núukik loobilaj beeta’ab tumen u islamitail ajk’atuno’ob Hamas, tu’ux kíinsa’ab mil 200 máako’ob yéetel macha’ab ti’al k’albil kex 240 u túulal.
Edición: Ana Ordaz
"
Ts’o’ok u meyaj 4 mil 289 mdp ti’al u xu’ulul loobilta’al ko’olel,14/12/2023,"U mola’ayil Secretaría de Gobernación t’aanaj yóok’lal poliitikáa publikáa jets’a’an ti’al u yantal meyajo’ob kaxtik ka kéet yanak u kuxtal xiib yéetel ko’olel, ts’o’oke’ ti’al xan u yáantik wíinik ku loobilta’al chéen tumen ko’olel, tumen maas chíika’an ba’ax ku beetik ti’ le uláak’ ja’abo’ob ts’o’ok u máan.Le 25 ti’ noviembre máaniko’, káaj meyaj k’aaba’inta’ab 16 Días de Activismo contra la Violencia de Género, le beetik u jala’achil u noj lu’umil México tu ya’alaje’, ti’ jo’op’éel ja’abe’ tu jatsaj ti’al meyaj 4 mil 289 miyoonesil ti’al u ts’aatáanta’al ka xu’uluk u loobilta’al ko’olel, ts’o’oke’ lelo’ “jump’éel ba’al mix juntéen yáax úuchuk”.Mola’aye’ tu ya’alaj le beyka’aj taak’ino’, k’a’abéetkunsa’ab úuchik u jéets’el Sistema Nacional de Servicios de Atención para las Mujeres en situación de Violencia, tumen “kex tumen yanili’ ka’ach mola’ayo’ob tu’ux ku yáanta’al ko’olele’, úuchik u je’ets’el le meyaja’, béeychaj u mu’uk’a’ankúunsa’al múul meyaj ti’al u yutsil ko’olel yéetel xch’úupalal ku loobilta’al”.U jala’achil noj lu’ume’ tu jets’aj tu winalil noviembre ti’ u ja’abil 2022e’, u meyajil Lineamiento Técnico para la atención del Aborto Seguro en México, tu’ux jets’a’abe’ ba’ax jach najmal u yantal tu kúchilo’ob ts’akyaj ti’ u mola’ayil Secretaría de Salud ti’al ka yanak no’oja’an meyajo’ob ti’al ko’olel wa je’el máaxak ka yanak u páajtalil u síijsik kuxtal, ti’al u béeytal u yéensa’al paal tu’ux ka táanilkunsa’ak u kaláanta’al u kuxtalo’ob. Ba’ale’ a’alab xane’ ti’al u ch’éejsa’al le ba’axo’ob ku yúuchulo’ k’a’abéet u táakpajal tuláakal máak.Ichil xookilo’ob beeta’an tumen Banco Nacional de Datos e Información sobre Casos de Violencia contra las Mujeres (Banavim), chíikpaj ichil 1 ti’ enero ti’ u ja’abil 2019 tak 31 ti’ octubre ti’ u ja’abil 2023e’, u 92 por sientoil ko’olel loobilta’abe’ úuch ti’ ichil u láak’tsilo’ob.
"
''Kex 50 mil ja’abo’ob'': kun xáantal u yu’uba’al k’eexilo’ob yóok’ol kaab beeta’an tumen wíinik,14/12/2023,"K’eexilo’on táan u yantal ti’ yóok’ol kaab yóok’lal ba’ax ku seen beetik wíinike’ jach k’a’am u jaats’, le beetik ajxak’al xooko’obe’ táan u ya’aliko’ob tun káajal Antropoceno: jun jaats u k’iinilo’ob yóok’ol kaab jach túumben, beeta’an tumen wíinik, tu’ux ku yila’al Yóok’ol Kaabe’ jelbesa’an tumen wíinik yéetel industrias.
Óol tu chúumukil siiglo XX, u k’íinalil u yóok’kabil lu’ume’ ts’o’ok u ya’abtal kex medyóo gradóo, ba’ale’ láayli’ ti’ yaan ichil le jeets’el unaj u yantal ichil interglaciar ti’  u jaats k’iinil glacial, beey jts’a’ab k’ajóoltbil ti’ xaak’al jts’a’ab k’ajóoltbil tu pikil ju’unil The Conversation.
Máaxo’ob beet xaak’ale’ tu ya’alajo’obe’ u chokotal yóok’ol kaabe’ táan u yúuchul tumen tu bin u ya’abtal xan gases de efecto invernadero; jun jaatse’ tumen tu kaxta’al ka éemek beyka’aj contaminación atmosférica yaan ti’ le ts’ook ja’abo’oba’, ti’ k’áak’náab ba’ale’ beyxan ti’ lu’um; uláak’ jaatse’ tumen u “néenilo’ob klu’ume’” ku ka’atéenkunsiko’ob chokoj ooxol, ba’ale’ tu bin xan u ch’éejelo’ob je’el bix u bin u p’íitchajal u yeeloil k’áak’náab, ka’aj káaje’ ku yúuchul chéen Ártica, ba’ale’ ti’ le ts’ook ka’ap’éel ja’abo’oba’, séeba’an úuchik u káajal xan Antártida.Beey túuno’, ti’al u je’ets’el beyka’aj chokoj wa síis k’a’abéet u yantal k’iino’ob ti’al u kuxtal wíinike’, k’a’abéet u yantal emisiones negativas —ku yúuchul kéen yanak maas CO2 ti’ le beyka’aj ku yokol te’e atmosferao’— le beetike’, “ti’al máaxo’ob ku taal pcch k’iine’, yaan ba’alo’ob ma’ jach jeets’eli’”, a’alab tumen ajxak’al xooko’ob.
Edición: Ana Ordaz
"
Weebe’ tu chíiksaj u chichnil chak-koob eek’ jáalk’abil u máan ,14/12/2023,"Jayp’éel nu’ukulo’ob ku meyaj ti’ u nuxi’ ich ka’ane’ béeychaj u ye’esik u túumben asab p’aayachil ba’al yaan te’e ka’ano’; ku ja’atsal beey eek’e’, yéetel ma’ tu bak’pachtik mix ba’al uláak’, ts’o’oke’ u wíinkilale’ chéen óoxtéen wa kantéen ti’ le beyka’aj yaan ti’ Júpiteri’.
"
Chayil kaan,15/12/2023,"Le kaana’ ku yila’al tuláakal tu’ux ti’ le petenila’, tu ya’alaj Pedro E. Nahuat, jbiologóo yéetel juntúul ti’ máaxo’ob káajs Ya'ax Kaan Yucatán: rescate y reubicación de anfibios y reptiles. 
Jach táaj séeba’an u máan, ts’o’oke’ yaan ku yila’al Estados Unidos, u petenil Yucatán yéetel centroamérica.
“Jump’éel ba’al jach chíika’an ti’e’, yaanal u boonil wa táanxel tu’ux yaan, ba’ale’ le yaan te’e petenila’ leti’e’ maas jats’utstako’obo’”.
U pool yéetel u neje’ ya’ax-ch’oon, ts’o’oke’ u wíinkilale’ óol boox yéetel ti’ lalaj xéexet’e’ yaan jump’éel ya’ax-k’aank’an ch’aaj. Suuk u yila’al tu’ux yaan ja’, tumen ti’ ku kaxtik u yo’ochi’, ikil u máan u yúuts’bent yéetel u yaak’. 
Pedro E. Nahuate’ tu ya’alaj kex tumen jets’a’an mina’an u ts’aake’, láayli’ u tsikbalta’al ba’al tu yóok’lal. Suuk u jaantik muuch, kay yéetel uláak’ ba’alche’ob ma’ nojochtako’obi’. 
"
Áako’obe’ toj u báabo’ob; wa ku k’a’abéetchajale’ ku yutskíinsiko’ob bej tu’ux ku máano’ob,15/12/2023,"Jump’éel túumben xak’al xook jts’a’ab k’ajóoltbil tu pikil ju’unil Journal of The Royal Society Interface ts’o’ok u chíikbesik túumben ba’alo’ob yóok’lal ba’ax ku beetik u áakilo’ob k’áak’náab ka’alikil u báabo’ob tu k’iinilo’ob prereproducción. Beey túuno’, ila’abe’ áake’ ku toj báab, ts’o’oke’ u chichile’ jump’éelili’ bix u bin. Kex .5 meetróos lalaj jump’éel segundóo, ts’o’oke’ yaan súut man súutuke’ ku beetik jayp’éel k’eexilo’ob ti’al u ch’a’ak uláak’ bej.Le beetik, le ba’ax táant u yojéelta’ala’ k’a’anan xan yóok’lal bix úuchik u beeta’al u nu’ukil meyaj ti’al u yojéelta’al: ajxak’al xooko’obe’ tu táakbesajo’ob u beel k’áak’náab de tridimensional, ma’ chéen le tu’ux ku yálkab ja’ suuk u k’a’abéetkunsa’al ka’acho’.Túumben paakat chíikpaj te’e xaak’ala’, ku ye’esik bix suuka’an u yúuchul ba’ax ku k’aaba’tik navegación ku beeta’al náach ti’ jáal k’áak’náab yéetel ku k’a’abéetkunsa’al tumen u jejeláasil ba’alche’ob. Ts’o’oke’, uláak’ ba’ale’, ku chíikbesik bix u yúuchul  báab ich k’áak’náab, ti’al u na’ata’al xan bix u ch’a’anuktik u áak’il k’áak’náab kúuchil tu’ux ku máan.Ti’al u béeytal u máan ichil u ja’il k’áak’náabe’, áake’ ku k’a’abéetkunsik u na’at ti’al u “nu’uktikubáaj yéetel ti’al u yojéeltik tu’ux yaan”.Úuchik túun u xak’alta’al ba’ax chíikpaj ka’aj t’u’ulpachta’ab 25 u túul boba táankelem áako’ob, óol xanchaj u luk’ulo’ob tu petenil Reunión ti’al u k’uchulo’ob tak Océano Pacífico, k’a’abéetkunsa’ab u modeelóosil 3D ti’ bix u yáalkab u beelilo’ob k’áak’náab, ts’o’oke’ beey úuchik u béeykunsa’al tumen ajxak’al xooko’ob u yáax je’ets’el bix u k’exik áak u bejil u báab, tumen yaan súutuke’ chéen u bin ba’ale’ yaan súutuk xane’, ti’al u ch’a’anuktik bix u yáalkab ja’e’, ti’al u ka’a ch’a’ak bej u bino’ob. Meyaj beeta’abe’, ch’a’anukta’ab ti’al ya’ax yéetel carey áako’ob, ts’o’oke’ míin jump’éel ba’al táan u beeta’al ti’al u nu’ukta’al k’áak’náab tumen óoli’ tuláakal u jejeláasil áak yaan.
"
Táan u líik’sa’al najo’ob “je’el bix Airbnb’’ tu baantail u maaya kaajilo’ob Quintana Roo,18/12/2023,"Meyajo’ob ku beeta’al ti’al u k’a’amal ajxíinximbalo’ob, kex jach jump’íite’, ts’o’ok u chan ch’a’ak bej ti’ le ja’ab ta’aytak u ts’o’okola’, tumen yaan máako’obe’ uts tu yich u k’uchulo’ob je’elel tin maaya najo’ob meyajta’an óoli’ je’ex Airbnb. Ts’o’oke’ beey ts’o’ok xan u chúunul u meyaj u kúuchil Aeropuerto Internacional de Tulum, Felipe Carrillo Puerto, táan u páa’ta’al ka ya’abak xan máako’ob ku k’uchul xíiximbal te’e baantao’.
“Walkila’, tu kaajil Tihosucoe’ yaan jump’éel kolonial otel, ba’ale’ yaan xan maaya najo’obi’, ti’al beyo’ u béeytal u chan náajal máaxo’ob yaan te’e kaajo’obo’; to’one’ k-kaxtik bix je’ik u bejil ti’al u yantal le pluus je’ela’... yaan najo’ob ts’o’ok u yoksa’alo’ob tu kúuchil Airbnb, ba’ale’ yaan uláak’o’obe’ jumpáay bix u k’a’aytikubáajo’ob. Yaan ichil 13 tak 17 najo’ob ti’al u wu’ulabtal máak”, tu ya’alaj Felipe Dzidz Poot, máax chíikbesik Tihosuco Histórico.
Jayp’éel winalo’ob paachile’, jaytúul ti’ máaxo’ob táakan ti’ múuch’ meyajo’ob k’amik u’ulabo’obe’, bino’ob Francia ti’al u táakpajalo’ob ti’ jump’éel k’a’anan noj meyaj ku beeta’al yóok’lal turismo. Kex tumen ma’ jach xoka’an tu beel beyka’aj ts’o’ok u ya’abtal máak kóojol xíimbal te’e kaajo’, ts’o’oke’ te’e k’iino’ob je’elile’ táan u ya’abtal tak 80 por siento ti’ le suuk u yantalo’, ts’o’oke’ europeoil u ya’abil máaxo’ob ku k’uchulo’ob.
Walkila’, ichil Red de Turismo Comunitario táaka’an waxakp’éel múuch’ilo’ob meyaj, ts’o’oke’ táan xan u yantal uláak’ túumbeno’ob ti’al xan u líik’sik u meyajo’ob, ti’al beyo’ u k’uchul tak 17 u p’éel u jejeláasil múuch’o’ob ti’ kaajo’ob je’ex Felipe Carrillo Puerto ba’ale’ beyxan José María Morelos.
“Tihosuco Histórico junmúuch’ meyaj yaan te’e kaajo’, ba’ale’ táaka’an xan ti’ Maya Ka’an, tu’ux yaan u jejeláasil much’o’ob meyaj tu’ux ku beeta’al ba’ax ku k’aaba’tik turismo de bajo impacto, ts’o’oke’ te’e k’iino’oba’ táan u yantal láak’inaj tumen Amigos de Sian Ka’an, ti’al u mu’uk’ankúunsa’al tuláakal mola’ayo’ob jok’a’an ti’ kajao’ob,t i’al xan u yantal nu’ukulo’ob meyaj yéetel ba’ax k’a’abéet ti’al u k’a’amal ajxíinximbalo’ob”, tu ya’alaj Felipe Dzidz Poot.
"
U xéexet’aj cheemo’ob úuch búuluko’obe’ k’a’anan ti’al u kaláantpajal kuxtal yaan tu taamil k’áak’náabo’ob,18/12/2023,"U xéexet’aj xlalab cheemo’ob p’aatal tu taamil ja’e’, táan u meyaj beey u yotoch jejeláas ba’alech’ob tu’ux jéechkab yanik ba’al kéen jo’op’ok u chu’ukul kay yéetel ba’ax ku k’aaba’tik pesca de arrastre.
Le je’ela’ ojéelta’ab yóok’lal xaak’al beeta’ab tumen u noj najil xook Universidad de Plymouth tu jáal ja’ilo’ob Reino Unido.
Ya’abach ti’ le xéexet’ cheemo’obo’, wa pecios, je’el bix k’aaba’inta’an ich káastalan t’aan, p’aatal tu taamil k’áak’náabe’ yaan kex maanal jump’éel siglo te’elo’, ts’o’oke’ ku meyaj beey kúuchil tu’ux ku ta’akikubáaj ba’alche’ob ti’al ma’ u chu’ukulo’ob tumen u reedesil ku máan u jíilt kayo’ob ti’al u chu’ukulo’ob.
Beey túuno’, kex ya’abach tu’ux ti’ k’áak’náab ku k’askúunta’al kéen jo’op’ok u chu’ukul kaye’, béeychaj u yila’ale’ le tu’ux yaan cheemo’ob buulule’ maases je’exili’ p’aatal. 
Túumben xaak’ale’ tu ye’esaj u promeedyoil kuxtal yaan te’e k’áak’náabo’ ku náakal tak 240 por siientoil maas ya’ab wa yaan cheem buululi’, tumen ma’ beey u yúuchul tu’ux mantats’ u yúuchul chuuk yéetel reed. Ts’o’oke’, asab chíikpaj tu bak’pachil kex 50 metros tu’ux yaan cheem buulul tumen te’elo’ k’uch tak 340 por siientoil maas ya’a kuxtal keetel yéetel uláak’ jaatso’ob.
Kúulpach ti’ le je’elo’, le jaatso’ob tu’ux k’aala’an tumen ma’ tu cha’abal u yúuchul chuuk yéetel reede’, chíikpaj 149 por siientoil maas ya’ab keetel yéetel le tu’ux yaan pecios, yéetel 85 por siientoil maas ya’ab tu taamil k’áak’náab tu bak’pachil 50 m ti’ pecios.
Xaak’al beeta’ab tumen Universidad de Plymouth yéetel Blue Marine Foundation, jts’a’ab k’ajóoltbil tu pikil ju’unil Marine Ecology, yéetel leti’e’ yáax beeta’an tu’ux ku ye’esa’al u k’a’ananil pecios -yéetel u bak’pachil- tu’ux ya’abach chuk kay ku beeta’ali’.
"
"Báaxal ti Internete’, túumben bix u bin u kóolal máaxo’ob je’el u yokolo’ob tu kaartelesil droga",19/12/2023,"Ajxak’al máako’ob ku meyajtiko’ob antidrogas ichil tuláakal yóok’ol kaab yaan u yantal u patjo’oltiko’ob ma’ táan u xáantale’, uláak’ túumben nu’ukbesajo’ob tumen báaxal ku beeta’ab ti’ web yéetel kúuchilo’ob ti’ Internete’ ts’o’ok u p’áatal mantats’ u k’a’abéetkunsa’al tumen máaxo’ob konik yéetel k’i’itbesik droogáa ti’al u ko’onol wa ti’al u mu’uch’ul máaxo’ob beetik.  
Yóok’lal le je’ela’, u múuch’il Grupo de Cooperación Internacional del Consejo de Europa sobre Drogas y Adicciones (Grupo Pompidou), tu’ux táaka’an 41u p’éel noj lu’umo’ob, táan u chúunsik bejla’a 19 yéetel sáamal 20 ti’ diciembre yaan u múuch’ul tu noj lu’umil México yéetel jo’olpóopo’obe’ ti’al u tsikbalta’al jejeláas ba’alo’ob yóok’lal le je’ela’.  
Beey túuno’, ba’ax ku beeta’al tumen kaarteles ti’al u konik drogas wa u kaxtik máax beetike’ ts’o’ok xan u túumbenchajal, le beetik tu k’a’abéetkunsik báaxalo’ob je’el bix Grand Theft Auto wa World of Warcraft, kúuchilo’ob k’a’anan ti’al u béeytal u yokolo’ob chéen beyo’.
Shultze’ tu ya’alaje’, kex u 60 sientoil máaxo’ob ku báaxal ti’ Internete’ ma’ u chuk mix 35 u ja’abilo’obi’, ts’o’oke’ ya’abach ti’ leti’obe’ táankelemo’ob.
U jkanan kajil Méxicoe’ leti’e’ yáax tu ch’a’anuktaj u beeta’al ba’alo’ob beyo’, tumen tu ya’alaj yaan óoxtúul táankelemo’ob ichil 11 tak 14 ja’abo’ob jt’a’ano’ob ka’alikil tu báaxtiko’ob Garena Free Fire. A’alab ti’obe’ je’el u ts’a’abal 200 dolaarées lalaj semana wa ku máano’ob kanan tu xamanil México, ts’o’oke’ máax t’ano’obe’ tu manaj tak u boleetoil buus.
"
Maanal 100 máak kimeno’ob úuchik u tíitkubáaj lu’um China yéetel u muuk’il 5.9,19/12/2023,"Péekile’ u’uya’ab tu baantail Gansu, tu xaman-chik’inil le noj lu’umo’. Ts’o’okole’, yanchaj uláak’ máax ti’ úuch loob yéetel yaan ya’abach kúuchilo’ob yéetel najo’ob níikij; múuch’ilo’ob meyaje’ ts’o’ok u káajal u máan kaaxan yéetel áantaj.
"
"U xookil jaytúul máak ku kíimile’, asab ya’ab ichil wíinik sajak u k’oja’antal",20/12/2023,"Jump’éel nojoch xaka’al beeta’ab tumen suecoil máako’obe’ tu chíikbesaje’, yaan ba’ax jela’an táan u yúuchul yéetel máaxo’ob jach táaj sajak u k’oja’antalo’ob: maas séeba’an u kíimilo’ob wa ku ke’etel yéetel máaxo’ob mantats’ u kaláantikubáajo’ob ti’ je’el ba’axak talamil je’el u yantal tu toj óolalo’ob.Beey túuno’, hipocondríae’ jump’éel jela’an tuukul kéen jach táaj chi’ichnakchajak máak yóok’lal k’oja’anil. Máaxo’ob u’uyik ba’al beya’ ma’ tu jéets’el u saajkilo’ob mix kéen u beeto’ob xaak’al wa anaalisi ti’ laboratoryóo. Yaane’ mantats’ u k’exiko’ob wa u kaxtiko’ob u jeel ts’akyaj, ba’ale’ yaan xan u jeelo’obe’ mix táan u bino’ob yiknal juntúul jumpuli’. “Ya’abach ti’ to’one’ yaan to’on le jela’an tuukulo’oba’, ba’ale’ ma’ jach táaj mu’uk’a’an k-u’uyiki’. Yaan máaxo’obe’ jach kúulpach ba’ax ku yúuchul ti’ob tumen mantats’ chi’ichnako’ob wa ku péek u yóolo’ob tumen, ts’o’oke’ mix t’aalal tu poolo’ob yaan k’aak’as k’oja’anil tsaayal ti’ob”, tu ya’alaj jts’akyaj Jonathan E. Alpert, ,máax ku meyaj tu kúuchil Centro Médico Montefiore, ti’ u noj kaajil Nueva York.“Máaxo’ob ti’ ku yúuchul le je’ela’, ya’ab u muk’yajo’ob, le beetik “k’a’anan u na’atalo’ob yéetel u ts’aatáanta’alo’ob”, tu ya’alaj Alpert. Ti’al u yáantalo’obe’, ku béeytal u táakbesa’al terapia conductual cognoscitiva, beyxan u jeel teeknikáas ti’al u jéets’el u yóol máak, kaamabal yéetel ku k’a’abéetkunsa’al tak ts’aak.Ajxak’al xooko’ob tu yilajo’obe’ máax ti’ jets’a’an yaan hipocondríae’ maas jach sajbe’entsil yanik u kíimil chéen tumen natural wa yóok’lal uláak’ ba’al je’el bix kéen u kíinsubáaj máak tu juunal. Le je’ela’, ku béeytal u na’ata’al ku yúuchul yóok’lal ba’ax k’ajóolta’an beey estrés crónico, j-a’alab tumen máaxo’ob beet xaak’al.Meyaj beeta’abe’ jts’a’ab k’ajóoltbil tu pikil ju’unil JAMA Psychiatry. Ba’ale’ yaan xaak’alo’ob yáax beeta’an tu’ux ku yila’ale’, u sajbe’entsil u kíinsikubáaj máak yóok’lal le jela’an tuukulo’oba’, ma’ jach táaj ya’abi’, ba’ale’ “ba’ax ktukultik to’one’, yóok’lal ba’ax ku yúuchul kéen xi’ik máak tu najil ts’akyaje’, míin ma’ jach beyi’”, tu ya’alaj Mataix-Cols, ti’ u kúuchil Instituto Karolinska, ti’ u noj lu’umil Suecia. Túumben xaak’al beeta’abe’ tu ye’esaj u sajbe’entsil u kíinsikubáaj máak yóok’lal le je’ela’, ku ka’atéenchajal wa ku ke’etel yéetel le beyka’aj jeets’el ku yúuchul yóok’lal hipocondría.
"
Tu jo’oloj 60 ja’abe’ ka’a ila’ab juntúul jela’an ba’alche’ ku ye’el,20/12/2023,"Yanchaj u máan maanal 60 ja’abo’ob ti’al u béeytal u ka’a ila’al juntúul ba’alche’, mamiferóo, úuchik u beeta’al jump’éel xíimbal meyajil ti’ k’áaxo’ob yéetel lu’umo’ob tu’ux ma’ séeba’an u jan k’uchul máaki’. U k’aaba’ ba’alchee’ equidna de pico largo de Attenborough; ku ye’el ts’o’oke’ jts’a’ab u k’aaba’ máax k’a’ayt kuxa’an le ba’alche’a’, Sir David Attenborough. Jóok’sa’ab u yoochel yéetel táabsa’ab úuchik u ts’a’abal kaamaráas tu k’áaxil Montañas Cíclopes tu baantail indonesia lu’um Papúa.ÇMeyaj tu’ux táakpaj Universidad de Oxford, béeychaj u yilik uláak’ jejeláas ba’alob ka’alikil máan u kaxt equidna ba’alche’. Ichil le je’elo’obo’, ti’ yaan úuchik u ka’a kaxta’al mielero de Mayr, juntúul ch’íich’ ch’éen u yila’al tu ja’abil 2008; beyxan jump’éel túumben jeneróo camarones ku yantal ti’ che’ob; u jejeláas túumben ik’elo’ob,. yéetel ya’abach áaktuno’ob mix juntéen yáax ila’ako’obi’. Tuláakal ba’ax ila’abe’, ti’ yano’ob ti’ k’áax tu’ux ma’ jach no’oja’an u yantal kuxtali’, ba’ale’ yaan xan ba’alche’ob ila’ab yaan u k’aak’as ts’aakil, x-iisil ku ts’u’uts’iko’ob k’i’ik’, malaria, ku péek lu’umi’ yéetel jach ooxol xan.Chéen juntéen je’ets’ yáax ila’ab u ba’alche’il equidna de pico largo de Attenborough tu ja’abil 1961, ba’ale’ a’alabe’ juntúul monotrema: táaka’an ichil junmúuch’ mamiferóos jela’an ti’ u jeelo’ob tumen ku ye’elo’ob, je’el bix ornitorrinco. Equidnae’ noj ba’al tumen juntúul ti’ le jo’p’éel especies p’aatal ti’ u jejeláasil monotremas, ts’o’oke’ talam u yila’al tumen chéen áak’ab ku jóok’ol; ku beetik u yotoch yáanal lu’um yéetel suuka’ane’ jach su’ublako’ob.
"
P’íitchaj u muuk’il u túub k’áak’il wiits Islandia ,20/12/2023,"Nojoch ba’al yaan tu xamanil Reikiavik, láayli’ táan u jóok’sik chokoj ba’al ku yelel, ba’ale’ tu bin u yéemel u muuk’, j-a’alab tumen jo’olpóopo’ob. Ti’al u káajbal u winalil noviembree’ káaj u péek lu’um te’e baantao’, ts’o’oke’ jujump’íitil úuchik u bin umaas u’uya’al. 
"
"Navidad, u k’iinil k’iimbesajil ba’ale’ beyxan tu’ux ku jach lúubul u yóol máak ",21/12/2023,"Te’e tu k’iinilo’ob diciembrea’, ma’ tuláakal tu’ux yaan k’iimbesajil yéetel ki’imak óolal, tumen yaan máaxo’ob e’esik ku naak’ ti’ob ba’ax ku k’aaba’tik depresión blanca wa blues de Navidad, j-a’alab tumen jsikiatráa José Alberto Toranzo.Le je’ela’ jump’éel ba’al ku tsa’ayal kéen u yu’ub máak luba’an u yóol, ma’ tu páajtal u wenel, chi’ichnak yéetel k’uux óol; le je’elo’oba’ jayp’éel ba’alo’ob ku yu’ubik máak ikil u yaayantik u láak’o’ob mina’an yiknalo’ob, tumen chi’ichnako’ob yóok’lal le k’iino’obo’ yéetel tumen, ikil u bin u k’áalal le ja’abo’, ku xak’altik máak ba’ax tu seen beetaj, ts’o’oke’ yaan k’iine’ ma’ jach uts ba’ax ku jóok’’oli’, yéetel uláak’ ba’ale’ yóok’lal taak’in ku xu’upul te’e k’iino’oba’.Beey túuno’, le je’ela’ ma’ táan u jach talamtal je’ex le ku k’aaba’tik depresión, tumen le je’elo’ jump’éel ba’al ku jelbesik u tuukul máak ts’o’oke’ ku yu’uba’al tumen juntúul, ti’ lalaj kantúul wíinik, ichil tuláakal u kuxtal. Kúulpach túun ti’ le je’elo’, le ku k’aaba’tik depresión navideña, ma’ tu na’ata’al beey k’oja’anili’, le je’ela’ chéen jump’éel bix u yu’ubikubáaj máak, ts’o’oke’ chéen jayp’éel k’iino’ob ku yúuchul, ts’o’oke’ kéen máanak le k’iino’obo’, ku máan xan.  Tu súutukil úuchik u ts’a’abal k’ajóoltbil u kúuchil tenerenmente.mx, ku béeytal u xak’alta’al tumen je’el máaxake’ ti’al u yojéelta’al jejeláas ba’alo’ob yóok’lal u tuukuil wíinike’, a’alabe’ le ku k’aab’atik depresióne’, jump’éel k’oja’anil beetik u ch’éenel yéetel u lúubuk u muuk’ máak tu lu’umil México, ts’o’oke’ ku maas talamtal ti’ uláak’ k’oja’anilo’ob je’el bix diabetes, trastornos respiratorios, u k’oja’anilo’ob puksi’ik’al yéetel tak artitris, le beetike’ unaj u séeb ts’aatáanta’al wa leti’ yaan ti’ máak. Beyxan k’a’abéet u jach lep’ik u yóol máak ti’ ba’ax yaan u yil yéetel láak’tsil ti’al u yila’al wa ichilo’ob yaan wa máax ti’ k’a’abéet áantaj, tu ya’alaj jts’akyaj.Tu ya’alaje’ máaxo’ob ti’ ku naak’ depresión ku ch’éenel u meyajo’ob tak uláak’ 2.7 k’iino’ob meyaj keetel ti’ le máaxo’ob yaan uláak’ je’el ba’axak talam k’oja’anil.Luis Alviso de la Serna, uláak’ juntúul sikiatrae’, tu ya’alaj k’a’anan u na’atik máake’, kéen yanaj je’el ba’axak chi’ichnakil wa ba’ax e’esik tu yantal ba’al jela’an tu yóol máake’, uts ka xi’ik yiknal ts’akyaj, ti’al beyo’, wa tumen k’a’abéetchaje’, u máansa’al máak tu’ux kun áantbil je’ex unaje’. 
"
Xaak’ale’ tu ye’esaj ba’axten ma’ ya’ab u láak’al áayim kuxa’ani’,21/12/2023,"Ajxaak’alo’ob ti’ u noj najil xook Universidad de York tu meyajto’ob bix yanik u ch’i’ibalil áayimo’ob yéetel u láak’o’ob ts’o’ok u ch’éejelo’ob, k’ajóolta’ab beey Pseudosuchia.
Leti’obe’ tu ketajo’ob ba’ax chíikpaj yéetel u foosil le ba’alche’o’ ti’al u na’atiko’ob ba’axten áayime’ jach ma’ ya’ab u jejeláasil kuxa’an yaan, tumen tu jeele’, yaan kex 11 mil u jejeláasil u láak’o’ob kuxa’an, je’el bix ch’íich’o’ob. Beey túuno’, j-ila’abe’ le bix ts’o’ok u bin u k’éexel yóok’ol kaab yéetel u ketik u kuxtal ba’alche’ yéetel u jeelo’obe’ ts’o’ok u beetik u p’áatal áayim je’el bix yanik tak walkila’. Beyxan, ichil ba’ax chíikpaje’, ila’abe’ ekolojiae’ -le tu’ux kaja’an ba’alche’ob, wa ich ja’, lu’um wa k’áak’náabe’- k’a’ananchaj ti’al u kanik kuxtal.Xaak’ale’ jts’a’ab k’ajóoltbil tu pikil ju’unil Nature Ecology & Evolution. Ila’abe’ ka’aj k’éex u chokolil yóok’ol kaabe’, u ya’abil áayimo’ob kuxa’an ti’ ja’ yéetel lu’ume’, ya’abchaj xan, ka’alikil túune’, ka’aj jo’op’ u ketikubáaj yóok’lal u yo’och yéetel uláak’ ba’alche’ob, je’el bix tiburono’ob, u reptilesil ja’ wa dinosauryose’, míin leti’ ka’aj p’íitchajo’obo’. 
Ba’ale’, u láak’al áayim kuxa’an ti’ ja’ ma’ ch’óoch’e’, ma’ tu yilajo’ob u talamil úuchik u chokotal yóok’ol kaab, ba’ale’ maas séeb úuchik u yantal sajbe’entsil u ch’éejelo’ob tumen ka’anchaj ja’ tu’ux kuxa’ano’ob.  
Walkila’, yaan ukp’éel u jejeláasil áayim jatsa’an beey jach táaj sajbe’entsil yanik u ch’éejel yéetel uláak’ kamp’éele’ chéen sajbe’entsil, ba’ale’ yéetel ba’ax chíikpaj te’e xaak’alo’, ku béeytal u yojéelta’al jayp’éel k’a’anan ba’alo’ob ti’al u táakmuk’ta’al meyajo’ob ku beeta’al ti’al u kaláanta’al u kuxtal áayimo’ob, je’el bix u bin u k’éexel xan yóok’ol kaab.
"
"Maaya, úuchben miatsil tu xáak’a’abtik jejeláas k’atbeelilo’ob ",21/12/2023,"Kaaje’ noj ba’al, ba’ale’ beyxan ku máansik jejeláas talamilo’ob, je’el bix u ko’olelilo’ob tumen ku yantal u ch’a’ak u muuk’o’ob tu táan xiib: Faviola Canché Ay, máax u ts’o’oksmaj u xookil derecho, yéetel síij tu kaajil Tulum.
"
Béeychaj u táabsa’al juntúul ch’íich’ chúumuk xch’uupul yéetel uláak’ junbúuje’ u xiibil,22/12/2023,"Juntúul soologóo ku meyaj tu noj najil xook Universidad de Otago (Nueva Zelanda) tu kaxtaj, tu noj lu’umil Colombiae’, juntúul ch’íich’ jach táaj jela’an, tumen u chúumuke’ xch’uupulil yéetel la uláak’ chúumuko’, xiibil ba’alche’. 
U k’aaba’e’ mielero verde salvaje. Ti’ junbúuj u wíinkilale’ yaan u ya’ax k’u’uk’mel, leti’ e’esik u xch’uupulil, ts’o’oke’ le uláak’ junbúuj u wíinkilale’, ch’ooj, leti’ e’esik u xiibil ba’alche’il. 
“Ya’abach máaxo’ob ku máan u ch’úukt ch’íich’o’ob ti’al u cha’antiko’obe’ je’el tak u máansiko’ob tuláakal u kuxtal xíinximbalo’obe’ ts’o’oke’ mix juntéen u yilko’ob juntúul ginandromorfo, leti’e’ kéen yanak u ka’ap’éel óolil tu wíinkilal juntúul ba’alche’, ti’ mix juntúul u jejeláasil ch’íich’. Le ba’al je’elo’ jach jela’an ka ila’ak ti’ ch’íich’i’; ma’ in wojéelt wa yaan ila’an tu noj lu’umil Nueva Zelanda. Jach jak’be’en óol, tene’ béeychaj in wilik” tu ya’alaj ti’ k’a’aytajil ts’íib Hamish Spencer, máax tu yilaj ch’íich’ úuchik u yu’ubik ba’ax a’alab ti’ tumen j-ornitologóo John Murillo.Oochelo’ob jóok’sa’ab ti’ le ch’íich’e’ noj ba’al tumen “míin leti’ u asab ma’alobil jóok’sa’an ti’ juntúul ch’íich’ ka’ap’éel u yóol kuxa’an ti’ k’áax ti’ je’el máakalmáak u jejeláasil ka yanak”.
Jump’éel tsool meyajil beeta’ab ti’ ch’íich’ ila’abe’, ku t’aan yóok’lal u ka’atúul ch’íich’il ginandromorfo ila’an ti’ le jejeláasil ch’íich’a’ ich maanal 100 ja’abo’ob, ts’o’oke’ jts’a’ab k’ajóoltbil tu pikil ju’unil Journal of Field Ornithology.
Jka’ansaj Spencere’ tu ya’alaje’ ginandromorfo’obe’ (ba’alche’ob yaan ba’ax e’esik u xiibil, beyxan u xch’uupulil chéen ti’ jump’éelili’ wíinkilal) k’a’anantako’ob ti’al u na’ata’al bix u jéets’el u xiibil wa u xch’úupulil ch’íich’, beyxan bix u beetik sexual ba’alo’ob.
Ichil u ya’abil ba’alche’ob tu’ux ojéela’an ku yúuchul ba’al beya’ ti’ yaan ik’elo’ob, u ya’abile’ péepen, krustaaseos, amo’ob, yéetel tak lagartóos yéetel ch’o’ob.
“Beyxan, uláak’ ba’ax ku yila’al ku yúuchul yéetel ginandromorfia bilateral ku ye’esike’, je’el bix u yúuchul yéetel uláak’ ba’alche’obe’, je’el ba’axak tséelil ti’ ch’íich’ ku béeytal u ye’esik u xiibil wa u xch’uupulil.
“Le ba’ala’ ku yúuchul kéen k’asak u súutukil u jatskubáaj selulaas ku yantal tu xch’upul ba’alche’il kéen u jóok’s jump’éel obuulóo, ts’o’oke’ tu paache’ ku yantal ka’atéen u féertelisasyoon tumen ka’ap’éel espermatosoides”, tu tsolaj. 
"
"Yuuk, k’aas u ti’al kéen jo’op’ok u k’askúunta’al u yotoch ",22/12/2023,"U sientifikoil k’aaba’e’ Mazama temama, juntúul u jejeláasil kéej, ts’o’oke’ leti’ beetik ma’ u xóot’ol u wóolisil tséentaj ku yantal yéetel uláak’ ba’alche’ob, ts’o’oke’ táaka’an tak u mejen ik’elo’ob k’áax, tu ya’alaj Gonzalo Merediz Alonso, máax jo’olbesik Amigos de Sian Ka'an.
Tu ya’alaje’ u jejeláasil ku k’aaba’tik mazama, kéejo’ob jela’antak ti’ le sak u nojo’obe’, ts’o’oke’ ku yila’al ichil tuláakal amerikanoil lu’um, yéetel yaan kex 10 u jejeláasil. Ba’ale’ tu petenil Yucatáne’ óoxp’éel ku yila’ali’. Uláak’ ba’ax tu tsikbaltaje’, ichil kéej suuk u yila’ale’ ti’ yaan le k’aaba’inta’an beey temama yéetel pandora, ba’lae’ le u ts’ooka’ u jets’maj u moots tu petenil Yucatán, yéetel mix tu’ux uláak’ yaan.
Yuuke’ ma’ séeba’an u yila’ali’, ts’o’oke’ ma’ xan séeba’an u k’ajóolta’ali’. Yaan tu’ux ku chu’ukul ti’al jaantbil ba’ale’ ma’ leti’ u ya’abil le ku ts’o’onolo’. U jela’anil yéetel kéej suuk u yila’ale’, yuuke’ maas séeba’an u yu’ubik wa ku k’askúunta’al tu’ux kaja’an tumen yaan k’iine’ ma’ xan tu k’amik u ka’alalo’ob ti’al u tséenta’alo’ob tumen jach jeets’el ba’ax ku jaantik. 
Ichil ba’ax jets’a’an tumen Comisión Nacional para el Conocimiento y Uso de la Biodiversidad, yuuke’ ku aaltal tak 17 kilóos yéetel ma’ tu chukik maanal 70 sentimeetróos u ka’analil. Mantats’ u máan u yúuts’béent iik’ ti’al u yu’ubik u book wa yaan báalam naats’. Yuuke’ ku jaantik u yich che’ob, kuuxumo’ob, loolo’ob nika’an, xíiwo’ob yéetel le’ob.
"
